""	"Bifidobacterium"	"Subdoligranulum"	"Faecalibacterium"	"Escherichia_Shigella"	"Bacteroides"	"Akkermansia"	"Agathobacter"	"Blautia"	"Klebsiella"	"Collinsella"	"Lactobacillus"	"coprostanoligenes_group"	"Clostridium_sensu_stricto_1"	"Roseburia"	"Prevotella"	"CAG_352"	"Enterobacter"	"Streptococcus"	"Dialister"	"Christensenellaceae_R_7_group"	"Alistipes"	"torques_group"	"Lachnoclostridium"	"Parabacteroides"	"UCG_002"	"gnavus_group"	"Romboutsia"	"Veillonella"	"Coprococcus"	"Erysipelatoclostridium"	"Enterococcus"	"Monoglobus"	"UBA1819"	"Ruminococcus"	"Clostridia_UCG_014"	"Lachnospiraceae_NK4A136_group"	"Megasphaera"	"Butyricicoccus"	"Fusicatenibacter"	"Anaerostipes"	"Methanobrevibacter"	"UCG_005"	"Dorea"	"Phascolarctobacterium"	"Erysipelotrichaceae_UCG_003"	"Incertae_Sedis"	"Eisenbergiella"	"eligens_group"	"hallii_group"	"Flavonifractor"
"Bifidobacterium"	0	0.00984635520818828	0.000233595339210533	0.766116878508498	0.245036474544141	0.928749634255746	0.00101312403516402	0.292168533032025	0.156978873298946	0.000375949442400544	0.00127936892446553	0.229433193312897	0.0156063255241109	0.00650378740503146	0.00613888478277662	0.0148986683299302	0.00120713150274043	0.288237944988289	0.386871142983475	0.272693444418658	0.0434102585319981	0.339849985498977	0.751961852715537	0.0104900341001512	0.0379897174941514	0.00780832845012741	0.396907969399063	0.697344642772832	0.000248318148607528	0.000249853907244195	0.00852263132323572	0.0110940760582519	0.0604499202270564	0.0307971479602789	5.09367890446591e-06	8.23087478837208e-06	0.0694905835142274	0.0816305423224128	0.404007829708903	0.512589206806885	0.302531687268867	0.00528150467576608	0.081108143373423	0.524952472804395	0.0193156697177217	0.0014398685465492	0.00780956012726573	0.0114377893959389	0.825132934455355	0.0457616095989985
"Subdoligranulum"	0.00984635520818828	0	4.86598973062453e-06	0.74468017084819	0.0400172222502676	0.672527267664941	1.50420449143264e-08	7.21401047969281e-06	0.393429475078353	0.0114786079296462	0.479735769212275	4.96269584223165e-07	0.195706612557983	4.23668751331912e-10	0.00025586281557961	0.0712218033439392	0.115208183313869	0.387611067740115	0.232512663715903	4.75624155476262e-06	0.000120865575712362	0.00020814259107446	0.0185698936416193	0.00975998178081645	3.49347810785558e-09	1.99057318509123e-05	0.960731159257798	0.436193368527817	2.72883347654587e-18	3.65112651757037e-06	3.35804946659951e-05	1.24990237628427e-07	0.516712427335793	2.23650967947232e-09	6.34565045326956e-07	1.12894318015154e-11	0.508272553376479	0.0126122330779648	1.27998999690872e-08	0.118525447640293	0.4383290513534	5.99000131673898e-06	7.29488494727067e-15	0.847714542852056	8.08148638187248e-08	0.729446053702975	0.0255723526097326	0.00472978746164818	0.0182477165966297	0.0308443394655574
"Faecalibacterium"	0.000233595339210533	4.86598973062453e-06	0	0.0016750970384706	4.74850565533016e-06	0.000157130803876932	1.63831882078005e-14	0.0497214334123506	0.0866688470441876	0.44637888030027	0.0803959957394088	2.61322208614784e-08	0.142902304271673	1.33529384106938e-21	6.34148606334265e-06	0.0160968143522012	0.145230531557084	0.170365443538308	0.000109678147545769	0.00435237458328629	0.00049434827408141	0.000467950755851766	0.75492320563069	0.00120918114927059	1.96942526459229e-11	1.41039773965977e-07	0.0629728441691387	0.0372765394059377	3.08505963468851e-17	5.72716111748727e-09	6.47740042782675e-13	5.1925114496516e-09	0.545639364269921	4.17341134384934e-09	9.4208637898389e-09	5.65958886541747e-23	0.940647630939559	2.5861253264761e-14	4.15465822486258e-18	1.80870865003683e-06	0.482031812968185	3.90580801056619e-07	2.03285644084194e-12	0.00351369249554024	3.87898878821902e-08	0.618451278156448	0.101932137136366	8.20595162917885e-10	0.0295887572326627	0.153364147411077
"Escherichia_Shigella"	0.766116878508498	0.74468017084819	0.0016750970384706	0	0.338109458293758	0.941846886475283	0.460044740372923	0.430640219060976	0.949650512841984	0.916263057091447	0.570026465950387	0.266060062911381	0.538634838746976	0.0728644478041981	0.155493444364346	0.610643433632386	0.647683448063965	0.779472759455931	0.484453835965949	0.475059457579656	0.587506421352625	0.535713056151864	0.0243472377859798	0.505924678157217	0.529700716774812	0.0155034071099715	0.50697928505711	0.449187612147846	0.288563194354504	0.0822437028944021	0.71514222075795	0.146452062739251	0.904395377729324	0.158792934828582	0.341121797505449	0.0115747433272627	0.201192320096402	0.363375601492268	0.054105840954095	0.0290246436913609	0.747350054084854	0.517270736500296	0.21899041174113	0.447513430852087	0.0368199147109585	0.483324015279071	0.129518110895611	0.146769833512187	0.497110887608551	0.214010661403283
"Bacteroides"	0.245036474544141	0.0400172222502676	4.74850565533016e-06	0.338109458293758	0	0.0708458740864715	0.130235857130037	0.699995885288038	0.819471760111532	0.531594212895802	0.135663902622429	0.00284303650369066	0.805598573789065	0.000297481446737592	0.14002629106159	0.996207454781632	0.0292638460359494	0.256273889386401	0.0168391436817542	0.116749788448523	4.54359872355112e-16	0.0033141298545901	0.000298198089895341	3.12642911804338e-22	0.00700807554848044	0.0982238099273392	0.277016261334662	0.115370137336036	0.0386544051709867	0.608310776689257	0.031732443855478	0.22681518246446	8.79717225938245e-06	0.0265743279850385	0.33360737974936	0.00149967053630917	0.272532862951358	0.0535118853071257	0.0561037823836572	0.431658927594488	0.896313926119752	0.000268126967577189	0.29847766042651	6.08535373725499e-05	0.873492779898746	3.98337894169491e-07	0.00154148039063518	0.00178362945231877	0.778040816867006	8.18559654004797e-13
"Akkermansia"	0.928749634255746	0.672527267664941	0.000157130803876932	0.941846886475283	0.0708458740864715	0	0.0242833945656947	0.874038732129248	0.941705934272154	0.814056574609951	0.554989136079956	0.0633207617121659	0.029803851744714	0.202674707799448	0.185206273599206	0.562364686405795	0.269105385936618	0.0765502478904446	0.783052416846279	0.027684561839304	0.114024258087875	0.339480770326196	0.357417908959395	0.687874628002137	0.659519310944955	0.541733496940837	0.0708087724758691	0.00162773529247528	0.416216604698129	0.000204219180854009	0.0154892983687311	0.134683388344868	1.11702680731017e-05	0.666393769568024	0.837065198165772	0.147030483333578	0.0673077496702295	0.00393263724353573	0.0095961037648076	0.381153751257162	0.334344295711499	0.376600973364234	0.263194520952689	0.177470695148989	0.0128093600688044	0.00139932581449641	0.0473670050517415	0.18778916456332	0.39731169640627	0.143919843926868
"Agathobacter"	0.00101312403516402	1.50420449143264e-08	1.63831882078005e-14	0.460044740372923	0.130235857130037	0.0242833945656947	0	0.000929741502524381	0.0606221698027116	0.420340175440185	0.736047203350577	5.14919217031808e-09	0.000776083511007849	3.30617187719707e-14	1.51637152744956e-05	8.52607015426166e-05	0.0907424215793221	0.533251566763022	0.000178427206581829	0.00091731151032679	0.00185760797712797	0.0681978077053657	0.110973035048976	0.0357271383642749	3.62012465578575e-13	2.59900202463218e-06	0.0167762569859786	0.276267338540295	1.9480543424656e-18	3.06183073970076e-07	1.01254331976728e-06	1.87502739019419e-10	0.52442111709916	2.04506001551551e-11	6.24755309587261e-09	5.12861830410775e-14	0.334508616019173	1.14155277730365e-07	3.13547756310451e-13	1.48711519364121e-05	0.850109154634334	3.30681511569247e-05	3.53870193499736e-16	0.378553291924232	1.24169169053975e-08	0.163356031212771	0.0516346816288294	1.18750914034868e-05	0.0127099572913628	0.273188871699166
"Blautia"	0.292168533032025	7.21401047969281e-06	0.0497214334123506	0.430640219060976	0.699995885288038	0.874038732129248	0.000929741502524381	0	0.0365413096083641	7.23927209346421e-05	0.01000735611674	6.01085037274392e-05	0.533616695965165	0.00194890725058937	0.177533764893549	0.0489924687073531	0.89001171226618	0.897749343497842	0.143420843699019	0.00132167804503062	0.224957271080189	0.00143983305292155	0.130323141176477	0.79965247288206	0.00226267817128422	0.395616925007979	0.0858026512998652	0.268672225077598	0.00050879330494336	0.36011203539586	0.0658244171711745	5.32081510935701e-05	0.0170283034403917	0.00230090954763655	0.125253396379102	0.00274255549885229	0.189637764888714	0.000110239028884763	0.00030912234462518	3.06476262342511e-06	0.570935431624174	0.0760414015878921	1.00519333789557e-06	0.463125071630558	0.00840100514824546	0.00748052829567892	0.70199423124797	0.221965071880678	4.81500467767684e-05	0.525438561522091
"Klebsiella"	0.156978873298946	0.393429475078353	0.0866688470441876	0.949650512841984	0.819471760111532	0.941705934272154	0.0606221698027116	0.0365413096083641	0	0.0267714041836507	0.737653815483185	0.00225063692680328	0.434982657286897	0.0549465723512395	0.170378512849415	0.804974454025122	7.09322145968515e-05	0.261024527360602	0.482543299580944	0.00722529693941065	0.596902008882708	0.377510720585276	0.394610318633035	0.983925429820487	0.0326804635257668	0.131110085195405	0.490997917868646	0.183415944738076	0.0222613981880367	0.157029515640016	0.0069071499952759	0.913920835526303	0.891674926417575	0.0921135519016111	0.0506044795948042	0.706900870562773	0.508271889245644	0.329763294187322	0.00136085435591595	0.0479017496246248	0.449657211035568	0.0188702418742761	0.033579845496468	0.150208762482811	0.456294410219608	0.0672125631881277	0.338302839848689	0.0832442072878565	0.64954210934725	0.488466395644005
"Collinsella"	0.000375949442400544	0.0114786079296462	0.44637888030027	0.916263057091447	0.531594212895802	0.814056574609951	0.420340175440185	7.23927209346421e-05	0.0267714041836507	0	0.456808991556859	0.00575109015431871	0.644559288601181	0.226260486734465	0.0351131801669267	0.330904471715701	0.372749961579367	0.19040242109384	0.033766833668704	0.00126556744714455	0.240377464118377	0.0613514318693581	0.130225820116484	0.972053626382691	0.00740673406649406	0.910263738190263	0.361433180968151	0.300168164874829	0.352059847390855	0.586840205975661	0.0954822813109549	0.0890319664409347	0.0103841220793969	0.35683302022365	0.394488245642132	0.760476004124433	0.797842027761968	0.63210228274102	0.367455229941114	0.0733527974796031	0.0676961953050421	0.0847789287546758	0.000923184148405261	0.219988132825503	0.434561194832154	0.211768283659212	0.990926506463517	0.906174935516066	0.112342657598447	0.0459733360022888
"Lactobacillus"	0.00127936892446553	0.479735769212275	0.0803959957394088	0.570026465950387	0.135663902622429	0.554989136079956	0.736047203350577	0.01000735611674	0.737653815483185	0.456808991556859	0	0.0634188964308095	0.412579546737177	0.210678671787877	0.547014498095141	0.80424308889636	0.769228244960019	4.26414331244227e-08	0.399589999239041	0.453972855577845	0.00953318554267459	0.0237200215780171	0.0169211536592698	0.704666363576421	0.921737641925496	0.753207768011847	0.501352598306065	0.0187621942228171	0.544552252282143	0.361194718205827	0.936408459596917	0.232939194066784	0.00236364256874418	0.146918359696731	0.264145101936364	0.0649172874346376	5.20599793845052e-05	0.00110797701775651	0.210662273358787	0.127614353668267	0.951168675998451	0.981932904203718	0.344869141037088	0.0703807632442002	0.797595204454686	0.0969628043323734	0.00382671011757338	0.735218157976693	0.175877718971371	0.0671486526427442
"coprostanoligenes_group"	0.229433193312897	4.96269584223165e-07	2.61322208614784e-08	0.266060062911381	0.00284303650369066	0.0633207617121659	5.14919217031808e-09	6.01085037274392e-05	0.00225063692680328	0.00575109015431871	0.0634188964308095	0	0.199839936604582	2.68545040990152e-15	3.74295399754618e-07	0.00338321868539627	0.83973338654322	0.0116023445383248	0.00553375506361781	1.19885870933002e-22	4.2670496569847e-15	0.000230828386917019	0.584289182871538	4.23389247226266e-05	8.37366976896053e-20	0.000235385946048099	0.473933804241722	0.0186722937838312	5.20067973709524e-15	0.0713786287461736	0.000400304824742163	2.65183986084937e-06	2.54919414823333e-07	2.11727710942172e-19	2.55623612988145e-08	6.13393103474792e-15	0.832781766656402	0.00907828880249935	1.74271649051228e-05	0.0101316215039606	0.000297085465433034	2.22537503610081e-19	1.10457332754713e-09	0.00130900198003077	9.69247952628139e-05	4.21439571044762e-06	0.140111497519252	9.41703258315554e-06	0.0519693463722487	0.691603405175496
"Clostridium_sensu_stricto_1"	0.0156063255241109	0.195706612557983	0.142902304271673	0.538634838746976	0.805598573789065	0.029803851744714	0.000776083511007849	0.533616695965165	0.434982657286897	0.644559288601181	0.412579546737177	0.199839936604582	0	0.0357100180086737	0.111768968349387	0.0243130819581603	0.000624255446848186	0.176767922541913	0.000181458564679923	0.427397730768826	0.849764353146227	0.182528000503394	0.720569435965309	0.624924023972187	0.558106775631212	0.649142153074009	1.41306089319265e-12	0.482020896157204	0.0569238013648763	0.321357912303975	0.00544382166222592	0.0293732844259861	0.0410820312785347	0.0251317270554839	0.000100626792315474	0.00326536417433504	0.963371497023348	0.222848974521385	0.0900971739277536	0.450021916757554	0.908999380054212	0.76670170019814	0.172612895098069	0.458057906619522	0.00153878078844278	0.56364529157974	0.269469429835567	0.102028724366826	0.0128293416867473	0.512353368165436
"Roseburia"	0.00650378740503146	4.23668751331912e-10	1.33529384106938e-21	0.0728644478041981	0.000297481446737592	0.202674707799448	3.30617187719707e-14	0.00194890725058937	0.0549465723512395	0.226260486734465	0.210678671787877	2.68545040990152e-15	0.0357100180086737	0	1.86204210059564e-06	0.0029546049310757	0.0965692600018749	0.0754412582236842	3.17609349374193e-07	1.39163740621928e-07	6.95989411872032e-06	0.00488586462221565	0.228457911748999	0.000468784996714322	4.25966178347921e-16	2.48323228459466e-08	0.00546312555455757	0.308696165275414	1.18933201427036e-20	3.43902779555735e-08	1.92831757926341e-06	8.56423338463489e-09	0.281600905675493	2.15316682823928e-16	8.0694731664977e-08	6.85778271757151e-25	0.912264967317352	5.00842549095041e-08	2.26784259694016e-12	0.000174405343667036	0.146373523953427	1.23167276680382e-10	8.28865765441297e-17	0.292289087854661	1.22400659197648e-12	0.67033078201873	0.0462066417030607	7.87363221086383e-10	0.000290455371368443	0.774139040852806
"Prevotella"	0.00613888478277662	0.00025586281557961	6.34148606334265e-06	0.155493444364346	0.14002629106159	0.185206273599206	1.51637152744956e-05	0.177533764893549	0.170378512849415	0.0351131801669267	0.547014498095141	3.74295399754618e-07	0.111768968349387	1.86204210059564e-06	0	0.219972469715129	0.285901977586079	0.179613096699501	0.00421683608229341	5.26370753040297e-05	0.000134990929105619	0.017548386730019	0.000627352037524644	0.00154247338338207	1.10286339238797e-07	0.000725023503042153	0.0592076041876673	0.512045355877148	3.74819271025574e-11	0.00420606386162652	0.00725280559114474	0.143082010203193	0.740024925691521	8.77655093161482e-05	1.41264494721066e-06	4.24022583543634e-07	0.938768030066794	0.0175134005859287	0.00916245746293488	0.499238722420359	0.179982580290337	8.13959461146117e-06	3.80553530056995e-08	0.216200793254278	0.0850509876895596	0.18578829527358	0.00523060690127321	0.00130524330696836	0.240684799231037	0.00125414382070506
"CAG_352"	0.0148986683299302	0.0712218033439392	0.0160968143522012	0.610643433632386	0.996207454781632	0.562364686405795	8.52607015426166e-05	0.0489924687073531	0.804974454025122	0.330904471715701	0.80424308889636	0.00338321868539627	0.0243130819581603	0.0029546049310757	0.219972469715129	0	0.421519549785736	0.413131564764537	0.504909057282224	0.0110308071669959	0.190527362444887	0.639002458305007	0.475079925275949	0.753333095348123	0.00240137732239976	0.10975578367918	0.111047860680304	0.693152347580312	0.000621630546314999	0.435782408770266	0.0418715611717711	0.00248694195610313	0.618779266552209	0.0974285274377569	0.000291876087541733	0.00664559689567763	0.597004964871245	0.0237817576173284	0.0268052942899841	0.178441678644777	0.857353747741282	0.0112412319417201	0.0963202713521122	0.057537770225944	0.0205792451290593	0.555033724348245	0.298436036566379	0.0066975190137661	0.2081739526434	0.170198144118281
"Enterobacter"	0.00120713150274043	0.115208183313869	0.145230531557084	0.647683448063965	0.0292638460359494	0.269105385936618	0.0907424215793221	0.89001171226618	7.09322145968515e-05	0.372749961579367	0.769228244960019	0.83973338654322	0.000624255446848186	0.0965692600018749	0.285901977586079	0.421519549785736	0	0.295834474432795	0.227942141181931	0.614873471058202	0.280492016799023	0.283160985788884	0.942961245456478	0.247734655619653	0.55756583416029	0.533183524002448	0.00526385877221009	0.130713538664551	0.107037830921242	0.0101665318172115	0.248388547305273	0.0522453453634949	0.275482155135439	0.228295433854517	0.1220239064222	0.00365811873222831	0.722978229904501	0.0622082009487171	0.975406085431381	0.478767078667254	0.527933922424149	0.318539491809293	0.244351898121079	0.800054736401657	0.293226136602064	0.622433704012874	0.612292425122259	0.47310126446408	0.199036325779334	0.716735606560369
"Streptococcus"	0.288237944988289	0.387611067740115	0.170365443538308	0.779472759455931	0.256273889386401	0.0765502478904446	0.533251566763022	0.897749343497842	0.261024527360602	0.19040242109384	4.26414331244227e-08	0.0116023445383248	0.176767922541913	0.0754412582236842	0.179613096699501	0.413131564764537	0.295834474432795	0	0.272511259657987	0.464222328564225	0.0498161566539706	0.478863833492436	0.19140485373511	0.351443148839573	0.29226733634894	0.130138100902502	0.00121428439485645	5.48797643901787e-07	0.656492970554002	0.254705004995334	0.578960504611702	0.420834827888547	0.218452700869689	0.685495399286852	0.651763585790411	0.457684434622618	0.308752637299599	0.788526247577567	0.439823199722884	0.097828960960556	0.316104315133688	0.430397673952056	0.0578378095237044	0.791103171721769	0.144719854124746	0.0762371024405168	0.0454145045612978	0.615739368423237	0.0120914807251408	0.243312980459279
"Dialister"	0.386871142983475	0.232512663715903	0.000109678147545769	0.484453835965949	0.0168391436817542	0.783052416846279	0.000178427206581829	0.143420843699019	0.482543299580944	0.033766833668704	0.399589999239041	0.00553375506361781	0.000181458564679923	3.17609349374193e-07	0.00421683608229341	0.504909057282224	0.227942141181931	0.272511259657987	0	0.117334583877985	0.0377929754388321	0.971224622509908	0.0917097164185742	0.135942258008616	0.0604565390054268	0.276656960509856	0.0367160262268872	0.0353798829943433	0.00230937320357968	0.0440829493082974	0.0131353046439531	0.0318658246518414	0.965950277211871	0.000516483259045813	0.0298557217230173	0.0178909856912226	0.00247047373905366	0.173450577378337	0.140524888693418	0.109224045238739	0.895515363706605	0.0580266039792631	0.015321591015748	0.054632823804233	0.177881473196762	0.957799115211153	0.963382910395476	0.00890138403894863	0.597938516015535	0.477408256035124
"Christensenellaceae_R_7_group"	0.272693444418658	4.75624155476262e-06	0.00435237458328629	0.475059457579656	0.116749788448523	0.027684561839304	0.00091731151032679	0.00132167804503062	0.00722529693941065	0.00126556744714455	0.453972855577845	1.19885870933002e-22	0.427397730768826	1.39163740621928e-07	5.26370753040297e-05	0.0110308071669959	0.614873471058202	0.464222328564225	0.117334583877985	0	6.69851809181406e-13	2.61627496743263e-05	0.230981687294015	4.09939137358055e-05	5.38485412259699e-19	0.00295873774379043	0.324648488202459	0.0107516932109051	1.76946392636575e-09	0.554449679148481	0.277918216617876	0.0126026820976108	9.4733733502373e-08	1.2611218976536e-12	3.96917667043296e-07	7.44931700670872e-06	0.966475287204492	0.407345372274742	0.0559029370690503	0.336350932842189	1.10115316934605e-08	7.98961074759564e-28	2.71705377245722e-07	2.84865716739234e-06	0.0305207447478485	2.97494435988125e-05	0.135071607532551	0.00388233218793233	0.143361919226076	0.0222211709892408
"Alistipes"	0.0434102585319981	0.000120865575712362	0.00049434827408141	0.587506421352625	4.54359872355112e-16	0.114024258087875	0.00185760797712797	0.224957271080189	0.596902008882708	0.240377464118377	0.00953318554267459	4.2670496569847e-15	0.849764353146227	6.95989411872032e-06	0.000134990929105619	0.190527362444887	0.280492016799023	0.0498161566539706	0.0377929754388321	6.69851809181406e-13	0	0.000119271071190252	0.5874358215418	1.45260552410297e-19	2.8196860517039e-12	0.136345097949012	0.276872459503517	0.0233014122198742	2.13683234818565e-05	0.186752462478208	0.343970421397367	0.0458663844337267	6.13764342519002e-13	3.70928608878756e-08	0.000460937445890668	7.75919798160814e-09	0.607053338596735	0.295284603384732	0.245603080043001	0.984589079582186	0.131543793592125	1.25573576442039e-12	0.0173112095847525	8.32953701529581e-06	0.642446281110538	3.90125294318298e-07	1.72303181793912e-06	0.00023559338608461	0.439309425052143	0.0202438766385279
"torques_group"	0.339849985498977	0.00020814259107446	0.000467950755851766	0.535713056151864	0.0033141298545901	0.339480770326196	0.0681978077053657	0.00143983305292155	0.377510720585276	0.0613514318693581	0.0237200215780171	0.000230828386917019	0.182528000503394	0.00488586462221565	0.017548386730019	0.639002458305007	0.283160985788884	0.478863833492436	0.971224622509908	2.61627496743263e-05	0.000119271071190252	0	0.639627560773946	0.0650930784508167	0.000116890992566705	0.579083529457122	0.687499554357467	0.187740640171338	4.95944403979617e-05	0.48573787455769	0.1093653327671	0.0459541777163397	0.000304675369774195	0.0044438576342267	0.476109393881776	0.000308614508155998	0.235990104088003	0.0846199581874422	0.000708325968190609	0.384553022735296	0.0834451639379808	2.79808249790452e-06	4.73294457824382e-05	0.00844883837079077	0.00942672845529357	0.0104710303184231	0.0128536223448548	0.996177404775898	0.00332126154253826	0.0780835623766007
"Lachnoclostridium"	0.751961852715537	0.0185698936416193	0.75492320563069	0.0243472377859798	0.000298198089895341	0.357417908959395	0.110973035048976	0.130323141176477	0.394610318633035	0.130225820116484	0.0169211536592698	0.584289182871538	0.720569435965309	0.228457911748999	0.000627352037524644	0.475079925275949	0.942961245456478	0.19140485373511	0.0917097164185742	0.230981687294015	0.5874358215418	0.639627560773946	0	0.259338055920368	0.0130514145944107	2.55865817856588e-10	0.657270253855574	0.821471703609391	0.000283184813886417	2.83888371961479e-08	0.259610792657405	0.602142470723386	0.00266761001427365	0.0207253005928599	0.0107214732330934	0.0693751652981161	0.337866751153608	0.155616423323048	0.219326765711777	0.36276990022818	0.0403077953742901	0.121353982247781	0.000220013272748281	0.289432608173576	0.0107437758168811	0.0217325972571243	5.0746257236479e-09	0.443676901504591	0.623616228822229	7.68087347256947e-08
"Parabacteroides"	0.0104900341001512	0.00975998178081645	0.00120918114927059	0.505924678157217	3.12642911804338e-22	0.687874628002137	0.0357271383642749	0.79965247288206	0.983925429820487	0.972053626382691	0.704666363576421	4.23389247226266e-05	0.624924023972187	0.000468784996714322	0.00154247338338207	0.753333095348123	0.247734655619653	0.351443148839573	0.135942258008616	4.09939137358055e-05	1.45260552410297e-19	0.0650930784508167	0.259338055920368	0	1.67942299913208e-06	0.395810136629877	0.175059548620269	0.587722993178627	0.0515779212225741	0.370610710682166	0.450156786177346	0.245263446260885	1.55763772842974e-07	0.000101890678094786	0.203462131015482	7.92996971511365e-05	0.14279262140351	0.990632896143023	0.942747182725126	0.538698362466933	0.102943615162791	2.04284785704718e-07	0.129057288527264	1.05485774745959e-06	0.37832629902697	0.000432227077037296	0.00295845989464804	0.0278661213409131	0.106285517116484	0.000362127487359552
"UCG_002"	0.0379897174941514	3.49347810785558e-09	1.96942526459229e-11	0.529700716774812	0.00700807554848044	0.659519310944955	3.62012465578575e-13	0.00226267817128422	0.0326804635257668	0.00740673406649406	0.921737641925496	8.37366976896053e-20	0.558106775631212	4.25966178347921e-16	1.10286339238797e-07	0.00240137732239976	0.55756583416029	0.29226733634894	0.0604565390054268	5.38485412259699e-19	2.8196860517039e-12	0.000116890992566705	0.0130514145944107	1.67942299913208e-06	0	1.67624274920976e-07	0.30548109461009	0.134027641042464	1.29089224108753e-23	0.000684824546680084	0.00201311143876373	8.11760263873588e-05	0.00590676512873585	2.97023261458735e-17	4.49614995089386e-12	8.9328759144384e-16	0.984827266377004	0.0236579288025298	1.75924287630233e-08	0.00290661316723255	0.000243787138865897	1.92188139794555e-25	5.40153082269425e-16	7.03358535062926e-06	2.11817884991475e-07	0.141882038515181	0.569542763970914	1.01704960390673e-05	0.0145701580298864	0.00848538757594556
"gnavus_group"	0.00780832845012741	1.99057318509123e-05	1.41039773965977e-07	0.0155034071099715	0.0982238099273392	0.541733496940837	2.59900202463218e-06	0.395616925007979	0.131110085195405	0.910263738190263	0.753207768011847	0.000235385946048099	0.649142153074009	2.48323228459466e-08	0.000725023503042153	0.10975578367918	0.533183524002448	0.130138100902502	0.276656960509856	0.00295873774379043	0.136345097949012	0.579083529457122	2.55865817856588e-10	0.395810136629877	1.67624274920976e-07	0	0.996192225555632	0.019274242294155	8.3515309951748e-10	6.63648988983744e-14	0.00184084828339894	0.0164040529506579	0.0678187777071484	1.48432793598524e-07	3.77274977689854e-06	9.22766883489799e-09	0.762429622731739	0.140870650464853	0.00010389383314622	0.582170933993991	0.021069429447338	0.000155126763274468	1.31035926521278e-06	0.501885784828348	1.44089452325867e-06	0.00911097746029286	0.000680770119214839	0.00109963351295032	0.133000360896611	1.94992854390612e-05
"Romboutsia"	0.396907969399063	0.960731159257798	0.0629728441691387	0.50697928505711	0.277016261334662	0.0708087724758691	0.0167762569859786	0.0858026512998652	0.490997917868646	0.361433180968151	0.501352598306065	0.473933804241722	1.41306089319265e-12	0.00546312555455757	0.0592076041876673	0.111047860680304	0.00526385877221009	0.00121428439485645	0.0367160262268872	0.324648488202459	0.276872459503517	0.687499554357467	0.657270253855574	0.175059548620269	0.30548109461009	0.996192225555632	0	0.165104486262366	0.122741978961062	0.533318411250597	0.00853004523729633	0.0086111747808661	0.0549644491850339	0.14967070352021	0.000261194070939685	0.0107591225881334	0.342598066760642	0.00940031038332151	0.306075160209664	0.00376669572608615	0.567757597238719	0.93968571102857	0.0134348204232231	0.350703433200797	0.00818287867842721	0.526552179755113	0.047214944707839	0.0590162019223499	0.000485212731487216	0.224303154159252
"Veillonella"	0.697344642772832	0.436193368527817	0.0372765394059377	0.449187612147846	0.115370137336036	0.00162773529247528	0.276267338540295	0.268672225077598	0.183415944738076	0.300168164874829	0.0187621942228171	0.0186722937838312	0.482020896157204	0.308696165275414	0.512045355877148	0.693152347580312	0.130713538664551	5.48797643901787e-07	0.0353798829943433	0.0107516932109051	0.0233014122198742	0.187740640171338	0.821471703609391	0.587722993178627	0.134027641042464	0.019274242294155	0.165104486262366	0	0.950998491101359	0.444560749891112	0.569696833536962	0.0197644987672479	0.00194639716628825	0.498190844702999	0.702966139699759	0.923575046967095	0.0384898747043546	0.00217845232681414	0.0295032383358064	0.0647171574237493	0.176838953789835	0.184689756480385	0.634935743592821	0.0213360995593314	0.702608193572262	0.262309321533885	0.00194179178101578	0.0105829463077281	0.988448905536558	0.786241869401679
"Coprococcus"	0.000248318148607528	2.72883347654587e-18	3.08505963468851e-17	0.288563194354504	0.0386544051709867	0.416216604698129	1.9480543424656e-18	0.00050879330494336	0.0222613981880367	0.352059847390855	0.544552252282143	5.20067973709524e-15	0.0569238013648763	1.18933201427036e-20	3.74819271025574e-11	0.000621630546314999	0.107037830921242	0.656492970554002	0.00230937320357968	1.76946392636575e-09	2.13683234818565e-05	4.95944403979617e-05	0.000283184813886417	0.0515779212225741	1.29089224108753e-23	8.3515309951748e-10	0.122741978961062	0.950998491101359	0	2.12507580110035e-11	5.6192627567771e-08	1.16868345605045e-06	0.986885381755827	4.35141720179622e-16	1.00222372293758e-14	1.52432825879825e-19	0.247353228372973	0.000669367828483834	3.1928877881131e-15	0.00381073167887523	0.0313689194250832	2.20323220642395e-16	4.35910045655539e-22	0.0220597036174824	7.49357128872753e-11	0.938409208434908	0.00526543231875576	1.88966160588674e-07	0.00205668075833156	0.00305187397421556
"Erysipelatoclostridium"	0.000249853907244195	3.65112651757037e-06	5.72716111748727e-09	0.0822437028944021	0.608310776689257	0.000204219180854009	3.06183073970076e-07	0.36011203539586	0.157029515640016	0.586840205975661	0.361194718205827	0.0713786287461736	0.321357912303975	3.43902779555735e-08	0.00420606386162652	0.435782408770266	0.0101665318172115	0.254705004995334	0.0440829493082974	0.554449679148481	0.186752462478208	0.48573787455769	2.83888371961479e-08	0.370610710682166	0.000684824546680084	6.63648988983744e-14	0.533318411250597	0.444560749891112	2.12507580110035e-11	0	1.65012776405214e-07	0.022381860776051	0.000155819836617288	6.05746535378737e-06	7.15785380219081e-08	2.13077879161864e-10	0.354822026459699	0.0635945368226479	9.76023689350878e-05	0.571478642711996	0.586566198291183	0.00122538593396283	7.21317688496188e-08	0.687867663845715	8.21369151075898e-11	7.48049369888172e-05	5.08027121675908e-07	0.000621096774101488	0.365442040994852	0.0156952650383374
"Enterococcus"	0.00852263132323572	3.35804946659951e-05	6.47740042782675e-13	0.71514222075795	0.031732443855478	0.0154892983687311	1.01254331976728e-06	0.0658244171711745	0.0069071499952759	0.0954822813109549	0.936408459596917	0.000400304824742163	0.00544382166222592	1.92831757926341e-06	0.00725280559114474	0.0418715611717711	0.248388547305273	0.578960504611702	0.0131353046439531	0.277918216617876	0.343970421397367	0.1093653327671	0.259610792657405	0.450156786177346	0.00201311143876373	0.00184084828339894	0.00853004523729633	0.569696833536962	5.6192627567771e-08	1.65012776405214e-07	0	1.78700219455831e-06	0.203328878486603	0.00955581987573839	3.66727285057738e-05	2.10887892154826e-08	0.807700585553768	2.4921157193779e-07	4.28394353896932e-08	0.000567027675327414	0.493392861073914	0.0128116663902033	1.30667805912145e-07	0.293738457296039	8.20257362663215e-08	0.0373160109817357	0.00509745463491463	0.000268630791305522	0.00396155036917272	0.388742983832351
"Monoglobus"	0.0110940760582519	1.24990237628427e-07	5.1925114496516e-09	0.146452062739251	0.22681518246446	0.134683388344868	1.87502739019419e-10	5.32081510935701e-05	0.913920835526303	0.0890319664409347	0.232939194066784	2.65183986084937e-06	0.0293732844259861	8.56423338463489e-09	0.143082010203193	0.00248694195610313	0.0522453453634949	0.420834827888547	0.0318658246518414	0.0126026820976108	0.0458663844337267	0.0459541777163397	0.602142470723386	0.245263446260885	8.11760263873588e-05	0.0164040529506579	0.0086111747808661	0.0197644987672479	1.16868345605045e-06	0.022381860776051	1.78700219455831e-06	0	0.978915692228026	0.000397848968087142	0.000556338330701917	3.48107322084267e-11	0.746663286654303	1.32956744369861e-09	4.47236558820367e-10	1.0356779881828e-07	0.766241099365384	0.0492009750957397	1.66835493897031e-07	0.610205172676604	2.93841438564782e-10	0.843482753022275	0.0429882104668083	5.0027374833532e-05	3.74273186236937e-06	0.550957544692366
"UBA1819"	0.0604499202270564	0.516712427335793	0.545639364269921	0.904395377729324	8.79717225938245e-06	1.11702680731017e-05	0.52442111709916	0.0170283034403917	0.891674926417575	0.0103841220793969	0.00236364256874418	2.54919414823333e-07	0.0410820312785347	0.281600905675493	0.740024925691521	0.618779266552209	0.275482155135439	0.218452700869689	0.965950277211871	9.4733733502373e-08	6.13764342519002e-13	0.000304675369774195	0.00266761001427365	1.55763772842974e-07	0.00590676512873585	0.0678187777071484	0.0549644491850339	0.00194639716628825	0.986885381755827	0.000155819836617288	0.203328878486603	0.978915692228026	0	0.00502394186583613	0.135120599978279	0.145261027862845	0.804422905239588	0.550184205352288	0.334023642078587	0.404793558387595	0.641828240659799	0.000220741086597435	0.975510914349535	0.000380949211464592	0.0919405654540647	4.88008751208823e-11	4.59329222549116e-12	0.322946854002835	0.799569265124136	7.07979439263524e-05
"Ruminococcus"	0.0307971479602789	2.23650967947232e-09	4.17341134384934e-09	0.158792934828582	0.0265743279850385	0.666393769568024	2.04506001551551e-11	0.00230090954763655	0.0921135519016111	0.35683302022365	0.146918359696731	2.11727710942172e-19	0.0251317270554839	2.15316682823928e-16	8.77655093161482e-05	0.0974285274377569	0.228295433854517	0.685495399286852	0.000516483259045813	1.2611218976536e-12	3.70928608878756e-08	0.0044438576342267	0.0207253005928599	0.000101890678094786	2.97023261458735e-17	1.48432793598524e-07	0.14967070352021	0.498190844702999	4.35141720179622e-16	6.05746535378737e-06	0.00955581987573839	0.000397848968087142	0.00502394186583613	0	5.51708720254664e-07	1.7790316056619e-15	0.802128785160866	0.00819967436968471	2.03117808315588e-06	0.0389733281961825	0.0231738874804747	6.44769222319313e-18	1.09313198646853e-08	0.00101859736504116	3.49905663303138e-07	0.651937915256238	0.650081685682843	2.09183542388347e-09	0.0540954848122641	0.609297702055859
"Clostridia_UCG_014"	5.09367890446591e-06	6.34565045326956e-07	9.4208637898389e-09	0.341121797505449	0.33360737974936	0.837065198165772	6.24755309587261e-09	0.125253396379102	0.0506044795948042	0.394488245642132	0.264145101936364	2.55623612988145e-08	0.000100626792315474	8.0694731664977e-08	1.41264494721066e-06	0.000291876087541733	0.1220239064222	0.651763585790411	0.0298557217230173	3.96917667043296e-07	0.000460937445890668	0.476109393881776	0.0107214732330934	0.203462131015482	4.49614995089386e-12	3.77274977689854e-06	0.000261194070939685	0.702966139699759	1.00222372293758e-14	7.15785380219081e-08	3.66727285057738e-05	0.000556338330701917	0.135120599978279	5.51708720254664e-07	0	2.14348685921019e-12	0.485503737609284	0.000730089208145302	5.14584762950471e-05	0.25144181745498	0.207981763728666	5.77725943839328e-09	2.08374472339355e-06	0.0374575787573272	5.54465900012021e-08	0.682259225247341	0.00281207781877601	2.75941971119787e-07	0.00766040466265687	8.99741111358519e-05
"Lachnospiraceae_NK4A136_group"	8.23087478837208e-06	1.12894318015154e-11	5.65958886541747e-23	0.0115747433272627	0.00149967053630917	0.147030483333578	5.12861830410775e-14	0.00274255549885229	0.706900870562773	0.760476004124433	0.0649172874346376	6.13393103474792e-15	0.00326536417433504	6.85778271757151e-25	4.24022583543634e-07	0.00664559689567763	0.00365811873222831	0.457684434622618	0.0178909856912226	7.44931700670872e-06	7.75919798160814e-09	0.000308614508155998	0.0693751652981161	7.92996971511365e-05	8.9328759144384e-16	9.22766883489799e-09	0.0107591225881334	0.923575046967095	1.52432825879825e-19	2.13077879161864e-10	2.10887892154826e-08	3.48107322084267e-11	0.145261027862845	1.7790316056619e-15	2.14348685921019e-12	0	0.644565824648716	1.26007001401808e-08	1.38064228597226e-12	0.000614020187034432	0.715392155562357	1.20327799135810e-10	4.98354957305722e-15	0.0155677397686557	3.49843354805714e-13	0.983718167569973	0.124407054515661	6.9694000024223e-07	0.00490963988096899	0.9491640088699
"Megasphaera"	0.0694905835142274	0.508272553376479	0.940647630939559	0.201192320096402	0.272532862951358	0.0673077496702295	0.334508616019173	0.189637764888714	0.508271889245644	0.797842027761968	5.20599793845052e-05	0.832781766656402	0.963371497023348	0.912264967317352	0.938768030066794	0.597004964871245	0.722978229904501	0.308752637299599	0.00247047373905366	0.966475287204492	0.607053338596735	0.235990104088003	0.337866751153608	0.14279262140351	0.984827266377004	0.762429622731739	0.342598066760642	0.0384898747043546	0.247353228372973	0.354822026459699	0.807700585553768	0.746663286654303	0.804422905239588	0.802128785160866	0.485503737609284	0.644565824648716	0	0.284520195064113	0.0832248037134139	0.305476720710308	0.747738327822307	0.428616251139477	0.941321443202639	0.0597398438041403	0.569786402387765	0.482941323179522	0.535572978505236	0.0124692129536336	0.749313096860775	0.523358924862223
"Butyricicoccus"	0.0816305423224128	0.0126122330779648	2.5861253264761e-14	0.363375601492268	0.0535118853071257	0.00393263724353573	1.14155277730365e-07	0.000110239028884763	0.329763294187322	0.63210228274102	0.00110797701775651	0.00907828880249935	0.222848974521385	5.00842549095041e-08	0.0175134005859287	0.0237817576173284	0.0622082009487171	0.788526247577567	0.173450577378337	0.407345372274742	0.295284603384732	0.0846199581874422	0.155616423323048	0.990632896143023	0.0236579288025298	0.140870650464853	0.00940031038332151	0.00217845232681414	0.000669367828483834	0.0635945368226479	2.4921157193779e-07	1.32956744369861e-09	0.550184205352288	0.00819967436968471	0.000730089208145302	1.26007001401808e-08	0.284520195064113	0	2.36711317064666e-11	6.68964061779462e-06	0.00121269795702897	0.300919722980946	6.13463214926216e-06	0.0130368822586662	2.41675861581827e-05	0.627671457260846	0.785060079789116	1.67521121827341e-06	0.0235144501469023	0.167126313289845
"Fusicatenibacter"	0.404007829708903	1.27998999690872e-08	4.15465822486258e-18	0.054105840954095	0.0561037823836572	0.0095961037648076	3.13547756310451e-13	0.00030912234462518	0.00136085435591595	0.367455229941114	0.210662273358787	1.74271649051228e-05	0.0900971739277536	2.26784259694016e-12	0.00916245746293488	0.0268052942899841	0.975406085431381	0.439823199722884	0.140524888693418	0.0559029370690503	0.245603080043001	0.000708325968190609	0.219326765711777	0.942747182725126	1.75924287630233e-08	0.00010389383314622	0.306075160209664	0.0295032383358064	3.1928877881131e-15	9.76023689350878e-05	4.28394353896932e-08	4.47236558820367e-10	0.334023642078587	2.03117808315588e-06	5.14584762950471e-05	1.38064228597226e-12	0.0832248037134139	2.36711317064666e-11	0	1.15173934675395e-07	0.697077958186169	0.000650120440439739	4.53724603541286e-16	0.163881739337778	6.50313247216627e-10	0.47060699378872	0.0445996649636608	0.000327219612836953	0.000601617638728838	0.801792553515891
"Anaerostipes"	0.512589206806885	0.118525447640293	1.80870865003683e-06	0.0290246436913609	0.431658927594488	0.381153751257162	1.48711519364121e-05	3.06476262342511e-06	0.0479017496246248	0.0733527974796031	0.127614353668267	0.0101316215039606	0.450021916757554	0.000174405343667036	0.499238722420359	0.178441678644777	0.478767078667254	0.097828960960556	0.109224045238739	0.336350932842189	0.984589079582186	0.384553022735296	0.36276990022818	0.538698362466933	0.00290661316723255	0.582170933993991	0.00376669572608615	0.0647171574237493	0.00381073167887523	0.571478642711996	0.000567027675327414	1.0356779881828e-07	0.404793558387595	0.0389733281961825	0.25144181745498	0.000614020187034432	0.305476720710308	6.68964061779462e-06	1.15173934675395e-07	0	0.832461497563761	0.341121276398302	2.66296430029232e-09	0.332908923778274	1.31764621097346e-05	0.517147901558262	0.230591760690781	0.00829506431545009	2.66934140058373e-09	0.473562412869159
"Methanobrevibacter"	0.302531687268867	0.4383290513534	0.482031812968185	0.747350054084854	0.896313926119752	0.334344295711499	0.850109154634334	0.570935431624174	0.449657211035568	0.0676961953050421	0.951168675998451	0.000297085465433034	0.908999380054212	0.146373523953427	0.179982580290337	0.857353747741282	0.527933922424149	0.316104315133688	0.895515363706605	1.10115316934605e-08	0.131543793592125	0.0834451639379808	0.0403077953742901	0.102943615162791	0.000243787138865897	0.021069429447338	0.567757597238719	0.176838953789835	0.0313689194250832	0.586566198291183	0.493392861073914	0.766241099365384	0.641828240659799	0.0231738874804747	0.207981763728666	0.715392155562357	0.747738327822307	0.00121269795702897	0.697077958186169	0.832461497563761	0	1.87396327216154e-05	0.0811053987964074	0.17646272265995	0.336583013343716	0.717760117474725	0.76543646853891	0.424543309088058	0.437571483954285	0.00342169606239893
"UCG_005"	0.00528150467576608	5.99000131673898e-06	3.90580801056619e-07	0.517270736500296	0.000268126967577189	0.376600973364234	3.30681511569247e-05	0.0760414015878921	0.0188702418742761	0.0847789287546758	0.981932904203718	2.22537503610081e-19	0.76670170019814	1.23167276680382e-10	8.13959461146117e-06	0.0112412319417201	0.318539491809293	0.430397673952056	0.0580266039792631	7.98961074759564e-28	1.25573576442039e-12	2.79808249790452e-06	0.121353982247781	2.04284785704718e-07	1.92188139794555e-25	0.000155126763274468	0.93968571102857	0.184689756480385	2.20323220642395e-16	0.00122538593396283	0.0128116663902033	0.0492009750957397	0.000220741086597435	6.44769222319313e-18	5.77725943839328e-09	1.20327799135810e-10	0.428616251139477	0.300919722980946	0.000650120440439739	0.341121276398302	1.87396327216154e-05	0	1.15820102507195e-08	2.158355281469e-07	0.00204029671579124	0.06834935785146	0.458235081622295	2.02273306569912e-05	0.122189711718585	0.227766550640015
"Dorea"	0.081108143373423	7.29488494727067e-15	2.03285644084194e-12	0.21899041174113	0.29847766042651	0.263194520952689	3.53870193499736e-16	1.00519333789557e-06	0.033579845496468	0.000923184148405261	0.344869141037088	1.10457332754713e-09	0.172612895098069	8.28865765441297e-17	3.80553530056995e-08	0.0963202713521122	0.244351898121079	0.0578378095237044	0.015321591015748	2.71705377245722e-07	0.0173112095847525	4.73294457824382e-05	0.000220013272748281	0.129057288527264	5.40153082269425e-16	1.31035926521278e-06	0.0134348204232231	0.634935743592821	4.35910045655539e-22	7.21317688496188e-08	1.30667805912145e-07	1.66835493897031e-07	0.975510914349535	1.09313198646853e-08	2.08374472339355e-06	4.98354957305722e-15	0.941321443202639	6.13463214926216e-06	4.53724603541286e-16	2.66296430029232e-09	0.0811053987964074	1.15820102507195e-08	0	0.171066371280902	1.27494509985786e-14	0.590952839758156	0.00154412440650951	0.000195685497502578	6.45742867762203e-08	0.0269709686009265
"Phascolarctobacterium"	0.524952472804395	0.847714542852056	0.00351369249554024	0.447513430852087	6.08535373725499e-05	0.177470695148989	0.378553291924232	0.463125071630558	0.150208762482811	0.219988132825503	0.0703807632442002	0.00130900198003077	0.458057906619522	0.292289087854661	0.216200793254278	0.057537770225944	0.800054736401657	0.791103171721769	0.054632823804233	2.84865716739234e-06	8.32953701529581e-06	0.00844883837079077	0.289432608173576	1.05485774745959e-06	7.03358535062926e-06	0.501885784828348	0.350703433200797	0.0213360995593314	0.0220597036174824	0.687867663845715	0.293738457296039	0.610205172676604	0.000380949211464592	0.00101859736504116	0.0374575787573272	0.0155677397686557	0.0597398438041403	0.0130368822586662	0.163881739337778	0.332908923778274	0.17646272265995	2.158355281469e-07	0.171066371280902	0	0.974748889540362	0.00475573226216536	0.00959993973879597	0.0450177049381667	0.794794750862885	0.162170181745617
"Erysipelotrichaceae_UCG_003"	0.0193156697177217	8.08148638187248e-08	3.87898878821902e-08	0.0368199147109585	0.873492779898746	0.0128093600688044	1.24169169053975e-08	0.00840100514824546	0.456294410219608	0.434561194832154	0.797595204454686	9.69247952628139e-05	0.00153878078844278	1.22400659197648e-12	0.0850509876895596	0.0205792451290593	0.293226136602064	0.144719854124746	0.177881473196762	0.0305207447478485	0.642446281110538	0.00942672845529357	0.0107437758168811	0.37832629902697	2.11817884991475e-07	1.44089452325867e-06	0.00818287867842721	0.702608193572262	7.49357128872753e-11	8.21369151075898e-11	8.20257362663215e-08	2.93841438564782e-10	0.0919405654540647	3.49905663303138e-07	5.54465900012021e-08	3.49843354805714e-13	0.569786402387765	2.41675861581827e-05	6.50313247216627e-10	1.31764621097346e-05	0.336583013343716	0.00204029671579124	1.27494509985786e-14	0.974748889540362	0	0.00495743639441873	0.00171187382912168	2.21710895240533e-06	7.77248964904925e-07	0.023382038148471
"Incertae_Sedis"	0.0014398685465492	0.729446053702975	0.618451278156448	0.483324015279071	3.98337894169491e-07	0.00139932581449641	0.163356031212771	0.00748052829567892	0.0672125631881277	0.211768283659212	0.0969628043323734	4.21439571044762e-06	0.56364529157974	0.67033078201873	0.18578829527358	0.555033724348245	0.622433704012874	0.0762371024405168	0.957799115211153	2.97494435988125e-05	3.90125294318298e-07	0.0104710303184231	0.0217325972571243	0.000432227077037296	0.141882038515181	0.00911097746029286	0.526552179755113	0.262309321533885	0.938409208434908	7.48049369888172e-05	0.0373160109817357	0.843482753022275	4.88008751208823e-11	0.651937915256238	0.682259225247341	0.983718167569973	0.482941323179522	0.627671457260846	0.47060699378872	0.517147901558262	0.717760117474725	0.06834935785146	0.590952839758156	0.00475573226216536	0.00495743639441873	0	4.13882212001402e-05	0.5008105026633	0.883454267250975	3.26663064871045e-05
"Eisenbergiella"	0.00780956012726573	0.0255723526097326	0.101932137136366	0.129518110895611	0.00154148039063518	0.0473670050517415	0.0516346816288294	0.70199423124797	0.338302839848689	0.990926506463517	0.00382671011757338	0.140111497519252	0.269469429835567	0.0462066417030607	0.00523060690127321	0.298436036566379	0.612292425122259	0.0454145045612978	0.963382910395476	0.135071607532551	1.72303181793912e-06	0.0128536223448548	5.0746257236479e-09	0.00295845989464804	0.569542763970914	0.000680770119214839	0.047214944707839	0.00194179178101578	0.00526543231875576	5.08027121675908e-07	0.00509745463491463	0.0429882104668083	4.59329222549116e-12	0.650081685682843	0.00281207781877601	0.124407054515661	0.535572978505236	0.785060079789116	0.0445996649636608	0.230591760690781	0.76543646853891	0.458235081622295	0.00154412440650951	0.00959993973879597	0.00171187382912168	4.13882212001402e-05	0	0.044333798642418	0.0870047139692888	1.19257468860637e-07
"eligens_group"	0.0114377893959389	0.00472978746164818	8.20595162917885e-10	0.146769833512187	0.00178362945231877	0.18778916456332	1.18750914034868e-05	0.221965071880678	0.0832442072878565	0.906174935516066	0.735218157976693	9.41703258315554e-06	0.102028724366826	7.87363221086383e-10	0.00130524330696836	0.0066975190137661	0.47310126446408	0.615739368423237	0.00890138403894863	0.00388233218793233	0.00023559338608461	0.996177404775898	0.443676901504591	0.0278661213409131	1.01704960390673e-05	0.00109963351295032	0.0590162019223499	0.0105829463077281	1.88966160588674e-07	0.000621096774101488	0.000268630791305522	5.0027374833532e-05	0.322946854002835	2.09183542388347e-09	2.75941971119787e-07	6.9694000024223e-07	0.0124692129536336	1.67521121827341e-06	0.000327219612836953	0.00829506431545009	0.424543309088058	2.02273306569912e-05	0.000195685497502578	0.0450177049381667	2.21710895240533e-06	0.5008105026633	0.044333798642418	0	0.0414074113017819	0.945911898134462
"hallii_group"	0.825132934455355	0.0182477165966297	0.0295887572326627	0.497110887608551	0.778040816867006	0.39731169640627	0.0127099572913628	4.81500467767684e-05	0.64954210934725	0.112342657598447	0.175877718971371	0.0519693463722487	0.0128293416867473	0.000290455371368443	0.240684799231037	0.2081739526434	0.199036325779334	0.0120914807251408	0.597938516015535	0.143361919226076	0.439309425052143	0.00332126154253826	0.623616228822229	0.106285517116484	0.0145701580298864	0.133000360896611	0.000485212731487216	0.988448905536558	0.00205668075833156	0.365442040994852	0.00396155036917272	3.74273186236937e-06	0.799569265124136	0.0540954848122641	0.00766040466265687	0.00490963988096899	0.749313096860775	0.0235144501469023	0.000601617638728838	2.66934140058373e-09	0.437571483954285	0.122189711718585	6.45742867762203e-08	0.794794750862885	7.77248964904925e-07	0.883454267250975	0.0870047139692888	0.0414074113017819	0	0.346967261742177
"Flavonifractor"	0.0457616095989985	0.0308443394655574	0.153364147411077	0.214010661403283	8.18559654004797e-13	0.143919843926868	0.273188871699166	0.525438561522091	0.488466395644005	0.0459733360022888	0.0671486526427442	0.691603405175496	0.512353368165436	0.774139040852806	0.00125414382070506	0.170198144118281	0.716735606560369	0.243312980459279	0.477408256035124	0.0222211709892408	0.0202438766385279	0.0780835623766007	7.68087347256947e-08	0.000362127487359552	0.00848538757594556	1.94992854390612e-05	0.224303154159252	0.786241869401679	0.00305187397421556	0.0156952650383374	0.388742983832351	0.550957544692366	7.07979439263524e-05	0.609297702055859	8.99741111358519e-05	0.9491640088699	0.523358924862223	0.167126313289845	0.801792553515891	0.473562412869159	0.00342169606239893	0.227766550640015	0.0269709686009265	0.162170181745617	0.023382038148471	3.26663064871045e-05	1.19257468860637e-07	0.945911898134462	0.346967261742177	0
