name	AD01	AD04	AD05	AD07	AD08	AD09	AD10	AD100	AD101	AD102	AD103	AD104	AD105	AD106	AD107	AD108	AD109	AD11	AD110	AD111	AD112	AD113	AD114	AD116	AD118	AD119	AD12	AD120	AD121	AD122	AD123	AD125	AD126	AD127	AD13	AD14	AD16	AD17	AD18	AD19	AD20	AD21	AD22	AD23	AD24	AD25	AD26	AD27	AD29	AD30	AD31	AD32	AD33	AD34	AD35	AD36	AD37	AD40	AD41	AD47	AD50	AD53	AD54	AD55	AD58	AD59	AD60	AD61	AD62	AD63	AD64	AD65	AD66	AD67	AD68	AD69	AD70	AD71	AD74	AD75	AD76	AD77	AD78	AD79	AD80	AD83	AD84	AD85	AD86	AD88	AD89	AD90	AD91	AD92	AD93	AD94	AD96	AD97	AD98	AD99	C01	C02	C03	C05	C07	C08	C09	C10	C11	C12	C13	C15	C16	C17	C18	C19	C20	C21	C22	C23	C24	C25	C26	C27	C28	C29	C30	C31	C32	C33	C34	C35	C36	C39	C40	C42	C43	C44	C46	C49	C50	C51	C52	C54	C55	C57	C58	C59	C60	C61	C62	C63	C64	C71	C72	C73	C74	C75	C76	C77	C78	C79	C80	C81	C82	C83	C84	C85	C86	C87	C88	taxonomy
Methanobacteriaceae	0.0	0.0	0.0	0.0	0.0	0.0	0.0	0.0	0.0	0.0	0.0	0.0	0.0	0.0	0.0	0.0	0.0	0.0003686635944700461	0.0001141422212076247	0.05678427242408285	0.0	0.0005476912706437479	0.0	0.0	0.006433677521842733	0.0	0.0	0.00012846865364850977	0.0	0.0	0.0	0.0	0.0	0.002749210874656349	0.0	0.0	0.0	0.0	0.0	0.0	0.0	0.0	0.0	0.0	0.0	0.0	0.004287786115139669	0.0	0.0	0.0	0.00935177044201103	0.00018617813523979745	0.0	0.0	0.0	0.0	0.0	0.0	0.0	0.0	0.0	0.0	0.0	0.0016585666898094576	0.0012196266066235107	0.0	0.08165456267761288	0.0	0.0	0.0	0.0	0.0	0.0	0.0	0.0	0.0	0.0	0.0	0.0	0.005159216813972174	0.0	0.0	0.2966924422870689	0.0	0.007376453488372093	0.013585789576420067	0.0	0.0	0.0	0.0	0.0	0.0	0.0	0.0	0.0	0.0	0.0	0.0	0.0	0.0	0.0	0.00013603591348115902	0.0	0.0	0.0	0.0	0.0	0.0	0.0	0.018961477687571514	0.0	0.0	0.0	0.0	0.0	0.0005744079179922234	0.0	0.0	0.0	0.0	0.0	0.0	0.0	0.0	0.0	0.0	0.0	0.0	0.0	0.0	0.0	0.0	0.0	0.00024489396091492384	0.0	0.0012752778283840408	0.0018973947310807853	0.0	0.0	0.0	0.0	0.007271957074272804	0.0	0.0	0.0	0.0	0.0	0.0	0.0	0.0	0.0	0.0	0.0	0.0	0.0	0.00018759379689844922	0.0	0.0032141217284832406	0.0	0.0	0.0	0.0	0.0	0.0007441860465116279	0.0	0.0	0.0	0.009396288466055908	0.0	0.0	0.00374276964954066	k__Archaea;p__Euryarchaeota;c__Methanobacteria;o__Methanobacteriales;f__Methanobacteriaceae
Actinomycetaceae	0.0	0.0	0.0	0.0	0.0002577034937230792	0.0	0.0	0.02142298026613933	0.0	0.0	0.00027764281252169086	0.002603396248742678	0.0	0.004303141711229946	0.0	0.0005681280181800966	0.0044229068112764894	0.0	0.0	0.0	0.001317467063323417	0.0010111223458038423	0.0011033975449404624	0.007073344410159031	0.0017871326449563146	0.0042113955408753095	0.0	0.001830678314491264	0.0004286043981405163	0.004359673024523161	0.0015372470813079064	0.0003249390739236393	0.006775228812552003	0.0	0.0	0.0	0.0	0.0009183941222776174	0.0	0.0	0.0	0.0	0.00029800929789009417	0.0	0.0	0.00034234851078397807	0.00044138974714673054	0.0008295804693055226	0.0	0.0	0.0	0.0002978850163836759	0.003887449092928545	0.0	0.0	0.0002555061576984005	0.0	0.0	0.0008895866038723182	0.0	0.001767139242539861	0.0	0.0	0.0	0.0	0.0016296966953372567	0.0	0.0	0.0	0.0	0.0	0.0	0.0008321198252548367	0.0	0.0	0.0	0.0	0.00039957378795950983	0.00046801141947863526	0.0007189072609633358	0.0004092870962940914	0.0	0.017017553761923578	0.0	0.00047238372093023255	0.0	0.0	0.0008474198296240132	0.0	0.0	0.0	0.0	0.006472872778627751	0.0	0.0	0.00029410528969371034	0.0007577352136392338	0.0008800234672924611	0.0	0.0	0.0013016087884625397	0.0	0.0	0.0	0.0	0.0	0.0	0.0	0.0	0.0	0.0	0.0	0.0	0.0	0.000552730488613752	0.0	0.0	0.0	0.0	0.0	0.0	0.0	0.0006897820288788742	0.0	0.0	0.0	0.00033191348121922883	0.0	0.0	0.0	0.0	0.0	0.00030815058291818603	0.0	0.0015917359667359668	0.0	0.0	0.0	0.0	0.0024738344433872504	0.0	0.0	0.0013201320132013201	0.0	0.0	0.0	0.0005310271582460932	0.0	0.0	0.0	0.0020720946018363043	0.0	0.00037840565085771945	0.025166235685260437	0.007512755614479129	0.012131065532766383	0.0015017833677492022	0.0	0.0	0.0003112217677396408	0.0	0.0	0.0	0.0	0.0070415967170304045	0.0	0.0	0.0	0.016037046063855715	0.0	0.0	k__Bacteria;p__Actinobacteria;c__Actinobacteria;o__Actinomycetales;f__Actinomycetaceae
Corynebacteriaceae	0.0	0.0	0.0	0.0	0.0	0.0004409819197412906	0.0	0.002183496065587278	0.0	0.0	0.0	0.0	0.0	0.00033422459893048126	0.0038898327819011	0.0	0.0014999423099111573	0.0	0.24799299927709925	0.0	0.0	0.0001263902932254803	0.0	0.0	0.0	0.0	0.0	0.0	0.0	0.0	0.0	0.0	0.0	0.0	0.0	0.0	0.0	0.0	0.0	0.0	0.0	0.0	0.0	0.0	0.0	0.0	0.0	0.0	0.00014607069821793748	0.0	0.0	0.0	0.0	0.0	0.0	0.0	0.0	0.0	0.0	0.0	0.0	0.0	0.0	0.0	0.0	0.0	0.0002841806125670982	0.0	0.0	0.0	0.0	0.0	0.0	0.0	0.0	0.0	0.0	0.0	0.0	0.0	0.0005953266855186784	0.0002926829268292683	0.0002257718575379579	0.0	0.00029069767441860465	0.0	0.0005446623093681918	0.0006244146113019045	0.0	0.0	0.00011224604332697273	0.0	0.0	0.0	0.0	0.0	0.0	0.0	0.0	0.0	0.0	0.0	0.0	0.0	0.0	0.0	0.0	0.0	0.0	0.0	0.0	0.0	0.0	0.0	0.0	0.0	0.0	0.0	0.0	0.0	0.0	0.0	0.0	0.0	0.0	0.0	0.0	0.0	0.0	0.0	0.0	0.0	0.0	0.0	0.0	0.0	0.0	0.0	0.0	0.0	0.0	0.0	0.0	0.0	0.0	0.0	0.0	0.0	0.0	0.0	7.145153799435533e-05	0.0	0.0	0.0	0.0	0.0	0.0	0.0	0.0	0.0	0.0	0.0	0.0	0.0	0.0	0.0	0.0	0.0	0.0	0.0	0.0	k__Bacteria;p__Actinobacteria;c__Actinobacteria;o__Actinomycetales;f__Corynebacteriaceae
Microbacteriaceae	0.0	0.0	0.0	0.0	0.0	0.00014699397324709687	0.0	0.0	0.0	0.0	0.0	0.0	0.0	0.0	0.0	0.0	0.00015384023691396485	0.0	0.00019023703534604117	0.0	0.0	0.0	0.0	0.0	0.0	0.0	0.0	0.0	0.0	0.0	0.0	0.0	0.0	0.0	0.0	0.0	0.0	0.0	0.0	0.0	0.0	0.0	0.0	0.0	0.0	0.0	0.0	0.0	0.0	0.0	0.0	0.0	0.0	0.0	0.0	0.0	0.0	0.0	0.0	0.0	0.0002409735330736174	0.0013831258644536654	0.0	0.0	0.0	0.0	0.0	0.0	0.0	0.0	0.0	0.0	0.0	0.0	0.0	0.0	0.0	0.0	0.0	0.0	0.0	0.0	0.0	0.0	0.0	0.0	0.0	0.0	0.0	0.0	0.0	0.0	0.0	0.0	0.0	0.0	0.0	0.0	0.0	0.0	0.0	0.0	0.0	0.0	0.0	0.0	0.0	0.0	0.0	0.0	0.0	0.0	0.0	0.0	0.0	0.0	0.0	0.0	0.0	0.0	0.0	0.0	0.0	0.0	0.0	0.0	0.0	0.0	0.0	0.0	0.0	0.0	0.0	0.0	0.0	0.0	0.0	0.0	0.0	0.0	0.0	0.0	6.286342920006286e-05	0.0	0.0	0.0	0.0	0.0	0.0	0.0	0.0002858061519774213	0.0	0.0	0.0	0.0	0.0	0.0	0.0	0.0	0.0	0.0	0.0	0.0	0.0	0.0	0.0	0.0	0.0	0.0	0.0	0.0	k__Bacteria;p__Actinobacteria;c__Actinobacteria;o__Actinomycetales;f__Microbacteriaceae
Micrococcaceae	0.0	0.0	0.0	0.0	0.0	0.0001959919643294625	0.0	0.00024718823384006923	0.0017036742574819694	0.0	0.0	0.001005857641559671	0.0	0.00016711229946524063	0.0	0.0	0.00019230029614245606	0.0002304147465437788	0.0003424266636228741	0.00013164823591363875	0.00021249468763280918	0.0	0.0	0.0	0.0	0.00041288191577208916	0.0	0.0	0.0	0.00012822567719185767	0.0024928331048236323	0.00020308692120227456	0.0024168944886881413	0.0	0.0	0.0	0.0	0.0	0.0	0.0002423419930205506	0.0	0.0	0.0	0.0	0.0	0.0	0.0	0.000177767243422612	0.0	0.0	0.0	0.0	0.0	0.0	0.0	0.0	0.0	0.0	0.0	0.0	0.0	0.0020011182719755155	0.0	0.0	0.0	0.0	0.0	0.0	0.0	0.0	0.0	0.0	0.0	0.0	0.0	0.0	0.0	0.0	0.0	0.00012686598722882396	0.0	0.0	0.0	0.0119364145499802	0.0	0.0	0.0	0.0	0.0	0.0	0.0	0.0	7.845906398336668e-05	0.0	0.0	0.0	0.00012628920227320564	0.0	0.0	0.0	0.0	0.0	0.0	0.0	0.0	0.0	0.0	0.0	0.002768278781957336	0.0	0.0	0.0	0.0	0.0	0.0	0.00030929657122658185	0.0	0.0	0.0	0.0	0.0	0.0	0.0	0.0	0.0	0.0	0.0	0.0	0.007647351405123104	0.0	0.0	0.0	0.0	0.0	0.0	0.0	0.0	0.0	0.0	0.001807802093244529	0.0	0.0	0.0	8.163487441835153e-05	0.0	0.0	0.0	0.00026785235977928965	0.0	0.0	0.00014290307598871066	0.0	0.0	0.0	0.0	0.0035642821410705352	0.0	0.0	0.0	0.0	0.0	0.0	0.0	0.0	0.00037306472673008767	0.0	0.0	0.0	0.00019497928345113332	0.0	0.00013610071452875127	k__Bacteria;p__Actinobacteria;c__Actinobacteria;o__Actinomycetales;f__Micrococcaceae
Bifidobacteriaceae	0.05747654956777635	0.0020724648038304865	0.34980175292153587	0.0004907493742945478	0.0019143688105143027	0.0876574060463521	0.012682850918145036	0.2684052239113418	0.0008518371287409847	0.29856945085371484	0.042826403831470815	0.003727590083427016	0.012187174139728885	0.4687917780748663	0.011177680407761782	0.016381024524192784	0.2829121956847814	0.0003225806451612903	0.0	0.003466736879059154	0.15193370165745856	0.020685877991236938	0.04629672198979357	0.035841443152148114	0.007744241461477363	0.1981833195706028	0.198113925013309	0.36510791366906475	0.004483861395931555	0.03397980445584228	0.0012464165524118161	0.00020308692120227456	0.06303736281152185	0.003971082374503615	0.0008330440819160013	0.00603264726756565	0.18559024878944733	0.4601154552610863	0.641639463184621	0.2054090732842187	0.3072712478733634	0.13660664905057457	0.43014662057456193	0.0031395031395031396	0.3897540983606557	0.06032180760013694	0.6186392584652248	0.8071817966342735	0.480170902716915	0.4381076097888032	0.2611302054192311	0.005287459040810247	0.053609774157719364	0.00043871194173905414	0.04589908868637475	0.9431498799121059	0.20010053006762932	0.19556258115508385	0.023966509680795396	0.13371057319501206	0.004859632916984618	0.0077690474088461196	0.06720406931632038	0.5923011648538147	0.0026268880758044846	0.08338614757808964	0.5637827597095043	0.002471576866040534	0.5874445371875412	0.02247790759741415	0.000490009255730386	0.00019866891824774015	0.08175577283128771	0.005683598120384874	0.013861386138613862	0.04938154138915319	0.542003807710614	0.0002663825253063399	0.6883979969111246	0.291157440690151	0.005878851019496949	0.09307317073170732	0.01893661455099622	0.06596141879278158	0.001308139534883721	0.004411477649814562	0.07026143790849673	0.01712680076713795	0.2143264464622538	0.013673403618617927	0.06203464661204026	0.5751259046793182	0.0012553450237338668	0.0	0.003727865796831314	0.000882315869081131	0.004335929278046727	0.18920504546787914	0.0006738544474393531	0.8634041518001946	0.0030717967407715937	0.0042851312746565095	0.0002406449284081338	0.004908344185114695	0.0004152057575198376	0.0004720320981826764	0.0	0.0009746113737147313	0.0073277967757694185	0.0	0.12327032224776022	0.03844639165107808	0.0002781641168289291	0.0	0.2645736605497826	0.06000353481795687	0.0	0.0	0.0010475382850301791	0.38732224632441553	0.009758477677482313	0.01988370885681653	0.046721236089395754	0.004657615697155881	0.09435407826496936	0.05320565342072921	0.0018255241467057587	0.005619445896497648	0.04265108182044267	0.0010426985037276472	0.161760391198044	0.0018026565464895636	0.006265728519336449	0.0003428515452808934	0.01536512474012474	0.0027934657193174227	0.013208786397139313	0.044365088972279386	0.08973068955312223	0.00038058991436726926	0.057361516034985426	0.0033182716746681727	0.0006286342920006286	0.04435494843397099	0.1144796568525382	0.002017552708564511	0.008420573509330906	0.11389082337815395	0.002611064860364792	0.017046580773042618	0.2718016505305277	0.006415396952686447	0.0005676084762865792	0.0	0.0	0.0021885942971485743	0.00037544584193730055	0.0021427478189888272	0.03744939271255061	0.06224435354792815	0.0019181324735746644	0.2955640471839176	0.13951191167925625	0.004031007751937985	0.18065659391904496	0.3110808637010456	0.0	0.022629394722417977	0.402924689251767	0.0007528703180877094	0.019870704321197686	k__Bacteria;p__Actinobacteria;c__Actinobacteria;o__Bifidobacteriales;f__Bifidobacteriaceae
Coriobacteriaceae	0.13711605664888726	0.0	0.016016277128547578	0.006183442116111302	0.004528218532562677	0.010289578127296781	0.015717398070339245	0.2575701396613521	0.011641774092793458	0.0019227811105983696	0.0024987853126952177	0.021833027631501096	0.003519290928050052	0.010820521390374331	0.0027720647411249217	0.003219392103020547	0.4722126072074151	0.006036866359447004	0.0	0.005002632964718273	0.0005949851253718657	0.0024856757667677787	0.0056549124178198705	0.012152860194635651	0.05238284352660842	0.07469033856317094	0.008289603772149974	0.04367934224049332	0.007912696581055685	0.010001602820964899	0.010428351821845528	0.004833468724614135	0.024168944886881413	0.005498421749312698	0.0013884068031933356	0.007452093683463449	0.016112873601602937	0.006887955917082131	0.054479506710192235	0.04493020550601008	0.2798283896737924	0.0031954771707736742	0.11312432947907974	0.004845754845754845	0.00468384074941452	0.002396439575487847	0.0672804086007945	0.11780042664138421	0.09874379199532574	0.004525645323499832	0.2806730077531772	0.0	0.01891891891891892	0.03211371413529876	0.018615247832851744	0.0	0.06639554012063609	0.00858126799525772	0.003610675039246468	0.017185371476474903	0.010683159966263706	0.0855183779170713	0.12897663591688938	0.02904420273084934	0.044141101416643215	0.003485740153915799	0.03299652668140196	0.037444389520514085	0.011465975486535166	0.022952375303955875	0.0034300647901127023	0.003725042217145128	0.017578531308508425	0.0007160438576862833	0.0007920792079207921	0.023596574690770696	0.08371013802950976	0.000887941751021133	0.011887490054757336	0.029136888400219902	0.21655008185741925	0.006390243902439024	0.026979736975785967	0.03781750296996097	0.007194767441860465	0.17673238336911964	0.008253728841964136	0.005129120021408501	0.1691889283677677	0.009575986372634777	0.06248363078534815	0.024680652369676148	0.013416499941155702	0.002552105487026797	0.014108043834559887	0.005209865131717155	0.0068196169227531045	0.0010895528642668566	0.0006432246998284735	0.08530651962374311	0.021190191076170147	0.00139436811318188	0.011470741587454378	0.001752980066112391	0.01231777080642185	0.004248288883644088	0.000645216792842395	0.003947176063544662	0.0017912392118547469	0.00937176483408707	0.01895023218725081	0.03145613862360933	0.002573018080667594	0.002979978270991774	0.008327806028447196	0.01352067868504772	0.0006194507536650836	0.01649236990932356	0.03287274903975657	0.006085803808146542	0.0022566479629177847	0.0020247118679264874	0.02657960084613262	0.011693588346050936	0.02433993399339934	0.0001536255632937321	0.006195718316092272	0.0	0.003233026610295946	0.008915072206871382	0.013822330888345558	0.0024667931688804553	0.0041600328693955115	0.15766273203702796	0.0	0.0030363757818667636	0.04064803327738451	0.017310252996005325	0.05220479431784552	0.0014747859181731685	0.007288629737609329	0.004236091499576391	0.013012729844413012	0.0012789463658875071	0.0006663057510515138	0.002975890245132654	0.00879987862236383	0.0009642684952054427	0.0027624309392265192	0.002477700693756194	0.04079882819477689	0.0013900026730820636	0.0	0.011267085334318434	0.18275681973404043	0.031453226613306656	0.004880795945184907	0.014336003265139534	0.008919534412955465	0.008625288991641472	0.0016732644982247072	0.04895608351331893	0.026670540383497966	0.01234108527131783	0.053394889013243796	0.0018560910722019428	0.008795562599049128	0.01229347740975648	0.07438459663660736	0.005175983436853002	0.04341612793467166	k__Bacteria;p__Actinobacteria;c__Coriobacteriia;o__Coriobacteriales;f__Coriobacteriaceae
Bacteroidaceae	0.013610446937649439	0.05145429857786036	0.005686560934891486	0.08828581243558914	0.008246511799138535	0.0486060071537067	0.009414877061935886	0.007745231326988835	0.03708330967119087	0.2824565451469005	0.5350176997292982	0.011478610733092717	0.45151199165797706	0.000250668449197861	0.1026558168648842	0.14851813275258025	0.004576747048190454	0.05728110599078341	0.0	0.4020537124802528	0.027241818954526136	0.2920458375463431	0.21576019493356627	0.13871350581533348	0.027958697378872122	0.00033030553261767135	0.10282150733896114	0.006166495375128468	0.004220104843229699	0.005193139926270235	0.061780713781212346	0.005320877335499594	0.031221522247315663	0.020330584122458677	0.18923984727525164	0.09765791341376863	0.0003339455668725998	0.0	0.003627130939426913	0.018369523070957735	0.002736888823137806	0.0	0.013708427702944332	0.04634179634179634	0.0002927400468384075	0.0	0.00233306009206129	0.0	0.00726701723634239	0.002011397921555481	0.0008792262808728319	0.0	0.10588670862643465	0.003378081951390717	0.009668815292287174	0.0	0.039069639919575946	0.04849545531530514	0.002459445316588174	0.005972964476579692	0.008152937868990722	0.03446043377181366	0.016251400982843348	0.011262824963357248	0.0	0.004436396559529199	0.00161035680454689	0.003789751194595485	0.0014057900979659974	0.0032026570191566336	0.018239233407742146	0.07196781563524386	0.14567297690867484	0.0	0.003432343234323432	0.08049476688867745	0.007198952879581152	0.0	0.14264988065708803	0.24125681904681354	0.0013766929602619436	0.4786341463414634	0.01978325901676356	0.0009617016462069355	0.010247093023255814	0.0019910208861994923	0.005530417295123178	0.10904955175951117	0.00017546168355485372	0.03204272363150868	0.07505518763796909	0.001000566987959844	0.060060413479267195	0.00038990500496242735	0.0017675225760838127	0.04419982353682619	0.0	0.08871474667895905	0.07449154618965939	0.008068439831333117	0.009215390222314782	0.0009182424159978234	0.012112461396542734	0.13978763898627666	0.03206311127514302	0.023743214538588624	0.004559532002752925	0.09595048974221529	0.005590837540031483	0.13371110990028878	0.021764623106149444	0.011076105149158216	0.27858136300417247	0.007574111438770759	0.2862406957034417	0.0068045245669848	0.026997728680569894	0.001611323496887934	0.016760612560482866	0.0032537960954446853	0.001890705050012198	0.0518118575433496	0.022992734295962478	0.022197998216232286	0.0586987270155587	0.0015874641540352314	0.01604248492559606	0.006076842655514898	0.01330514797314101	0.004066524164537824	0.019201303993480034	0.019259962049335864	0.0042627497303682396	0.4093157662732037	0.0002598752598752599	0.0841683366733467	0.12354958768152959	0.08528023241738289	0.1679786919206866	0.0	0.11836734693877551	0.04652640497034736	0.039509665252239506	0.011728210291436501	0.14404697455544913	0.016443054574800768	0.0007586102260658474	0.4378314672952269	0.017671989707106636	0.0344400396432111	0.03351077131935265	0.045228548516439454	0.006495963673057517	0.0013852973771702993	0.006508376521634326	0.00037518759379689845	0.001314060446780552	0.017907249630120914	0.08527327935222673	0.00013338075760270317	0.00020405664612496428	0.065348618264385	0.005287623474723998	0.0039069767441860465	0.0004663309084126096	0.0	0.08185419968304279	0.008065147600031321	0.022130148671703632	0.009552042160737812	0.0010207553589656345	k__Bacteria;p__Bacteroidetes;c__Bacteroidia;o__Bacteroidales;f__Bacteroidaceae
Porphyromonadaceae	0.0	0.004645179732723504	0.0	0.0023065220591843745	0.00014725913927033095	0.010877554020285169	0.0018674136321195146	0.0	0.0	0.0	0.0	0.00017750428968700077	0.0	0.0	0.005991236698560315	0.009847552315121674	0.00026922041459943847	0.003271889400921659	0.0	0.004783219238195541	0.0	0.0021486349848331646	0.018619833570870305	0.001851412295276525	0.0007942811755361397	0.0	0.0	0.0006744604316546763	0.001450661039860209	0.0	0.0049856662096472645	0.00016246953696181965	0.0007131819802686319	0.0034280283745714963	0.003956959389101007	0.005039034776437189	0.0	0.0	0.0	0.0014055835595191935	0.0	0.0	0.002443676242698772	0.003480753480753481	0.004508196721311476	0.0	0.00044138974714673054	0.0	0.0018624014022787028	0.0	0.0	0.0	0.008256201406886338	0.00017548477669562167	0.0	0.0	0.0005026503381465911	0.0	0.0	0.0	0.0003614602996104261	0.0	0.0005172859729287007	0.0	0.0	0.0	0.0023997473950110515	0.0	0.00026358564336862453	0.0008896269497657316	0.0010344639843197039	0.005215059104003179	0.010609527771999168	0.0	0.0	0.006279733587059943	0.0	0.00013319126265316994	0.010811063789956474	0.004524886877828055	0.0003348712606042566	0.0025853658536585367	0.0016932889315346843	0.0	0.003379360465116279	0.0	0.0	0.002497658445207618	0.0001315962626661403	0.0	0.001421783215474988	0.0011006236867558282	0.009454317209995684	0.0	0.0	0.02596529557581614	0.0	0.0	0.0	0.000810898475510866	0.00020825740615400636	0.0	0.0034091364857818953	0.0	0.0009688134342129544	0.001180080245456691	0.0	0.0024852590029725645	0.00021711990446724203	0.0020705061842750502	0.0006566912144096815	0.0	0.010987482614742698	0.0	0.0	0.0002651113467656416	0.001755110468717737	0.0001263783134814066	0.0015463660398064548	0.0	0.0	0.09609594019312637	0.0016094914007173733	0.000445941928451095	0.0027109853842527108	0.0	0.005034021131824971	0.0	0.0	0.0	0.0	0.0008538899430740038	0.0004108674438909147	0.0048978792182984765	0.00038981288981288983	0.008441124673589604	0.050791797416624096	0.025844328773756205	0.0	0.0	0.0008746355685131195	0.017085569048291442	0.0030803080308030805	0.0	0.0	0.0	0.0	0.0	0.0	0.003121902874132805	0.0005358865349576649	0.00999732691793638	0.0	0.0	0.0002812261459965449	0.00031265632816408203	0.0	0.005560940768328146	0.0	0.0	0.0	0.0004430414797585424	0.0	0.0032868217054263568	0.0	0.0	0.009270998415213946	0.0007047216349541931	0.00024372410431391665	0.0018821757952192735	0.0	k__Bacteria;p__Bacteroidetes;c__Bacteroidia;o__Bacteroidales;f__Porphyromonadaceae
Prevotellaceae	0.000551774875850653	0.0	0.005895242070116861	0.0	0.0	0.0	0.0	0.0	0.0	0.0	0.0	0.015028696526832731	0.0008472367049009385	0.0	0.0	0.0	0.010768816583977539	0.0070506912442396315	0.0	0.0	0.0003824904377390565	0.0	0.0	0.0	0.025536139793486894	0.0	0.0	0.0	0.0018133262998252613	0.0016028209648982208	0.22082346586896007	0.0	0.0	0.016189797372976274	0.01568899687608469	0.08424414478353442	0.0	0.0	0.0	0.0002423419930205506	0.00022190990457874102	0.0	0.0	0.007644007644007644	0.0	0.0	0.0	0.0	0.0012416009348524687	0.0	0.0	0.0	7.404664938911514e-05	0.03610599280512416	0.0	0.0	0.006214585998903308	0.0	0.0007849293563579278	0.4829194173739914	0.11285593798947749	0.0	0.02625226312613156	0.0	0.0	0.0	0.0	0.0	0.0	0.0040922839689223655	0.0032667283715359066	0.0	0.0	0.0	0.0	0.0036631779257849666	0.00017848643503093765	0.0	0.0	0.0	0.0039068313737163265	0.0	0.0	0.0	0.0007630813953488372	0.0004684755026351747	0.0	0.0	0.0	0.0	0.0	0.0	0.0	0.0	0.0	0.0	0.0	0.0002933411557641537	0.0	0.0	0.0023428958192325713	0.0	0.032848032727710266	0.0	0.008488651042627792	0.0	0.0004301445285615967	0.045611812289849424	0.049937578027465665	0.008336511741949545	0.0	0.0	0.005006954102920723	0.0	0.0	0.08421703782255213	0.0	0.0	0.0	0.0	0.0	0.0018689648011629115	0.0	0.005252204935090675	0.0041843470061291846	0.0	0.03678707750179786	0.0	0.0	0.009175746832803295	0.0	0.01389943074003795	0.003646448564531868	0.0007836606749277563	0.0	0.06528207931013542	0.0059840910749470915	0.0	0.0	0.0	0.023688046647230322	0.00931940129906806	0.0	0.0	0.0	0.0	0.0007586102260658474	0.0	0.0	0.04390485629335976	0.0	0.012884255546645282	0.0	0.00023088289619504988	0.022658792334578765	0.0	0.0	0.002346819039844906	0.0024671052631578946	0.0	0.0	0.11928891842498754	0.0	0.09798449612403101	0.009093452714045887	0.0006805667264740457	0.07717908082408875	0.0	0.0	0.04206662902315076	0.012589316093909493	k__Bacteria;p__Bacteroidetes;c__Bacteroidia;o__Bacteroidales;f__Prevotellaceae
Rikenellaceae	0.009656060327386426	0.0006431787322232545	0.0	0.0017176228100309172	0.0	0.005291783036895487	0.0033457827575474634	0.010587896016149631	0.0	0.03980156898938625	0.009162212813215798	0.0005325128690610023	0.0009124087591240876	0.0	0.024590896897075918	0.10283117129059748	0.0005384408291988769	0.001152073732718894	0.0	0.13669475162366157	0.0	0.029069767441860465	0.08519148544894488	0.0011393306432470923	0.01318506751389992	0.00012386457473162674	0.0003042056430146779	0.0038861767728674205	0.0001648478454386601	0.00012822567719185767	0.021770742448793054	0.0002843216896831844	0.0	0.006788174999151478	0.03422422769871573	0.0	0.0	0.0	0.0	0.006688639007367197	0.0	0.0	0.010311121706997259	0.005187005187005187	0.0012295081967213116	0.0	0.0018286146667507409	0.0	0.0028118609406952966	0.0	0.00011989449284629526	0.0	0.015068493150684932	0.0011406510485215409	0.0006112469437652812	0.0	0.010921220983366843	0.0	0.0008895866038723182	0.0	0.000281135788585887	0.0021188311115034873	0.002801965686697129	0.0	0.0	0.0	0.0	0.0	0.0	0.0017199454362137477	0.005390101813034246	0.03506506407072613	0.09538173496983565	0.0	0.0	0.0730732635585157	0.003569728700618753	0.0	0.008143398698928253	0.0	0.0007813662747432654	0.0491219512195122	0.005870068295986905	0.0	0.005377906976744186	0.0005465547530743705	0.0011312217194570137	0.03389679318496053	0.0001315962626661403	0.0017494590488467382	0.008867437422830846	0.005303005036187173	0.007728217802361618	0.00038990500496242735	0.000707009030433525	8.403008276963153e-05	0.0	0.0	0.0020215633423180594	0.000405449237755433	0.007184880512313219	0.0	0.004171178759074319	0.0	0.009688134342129544	0.0	0.0	0.00794308269577506	0.0	0.016128153435405655	0.0016417280360242039	0.0006891798759476223	0.018011126564673158	0.00024833152258264785	0.0	0.0024301873453517146	0.0027875283914928764	0.0	0.0022447248964932408	0.0010243432152325861	0.0	0.036237150866992	0.0006897820288788742	0.0016351204043206819	0.006600660066006601	0.0	0.017646733418155668	0.005162049137480397	0.0	0.008133048329075647	0.0	0.0028462998102466793	0.003184222690154589	0.000636724298378802	0.0	0.0439059938057934	0.03648836021309202	0.014162934269458903	0.0017756732761171944	0.0	0.011005830903790087	0.03600677774639932	0.0	0.000625867370540695	0.0	0.0005043881771411278	0.0	0.0	0.00018920759857715886	0.037165510406342916	0.00017862884498588832	0.004063084736701417	0.0007568113017154389	9.235315847801995e-05	0.0022498091679723593	0.0	0.0	0.016070608642416204	0.027454453441295545	0.0	0.0	0.0	0.0	0.004713178294573643	0.0	0.0	0.015768621236133123	0.0026622817320491737	0.0012673653424323666	0.002917372482589874	0.00013610071452875127	k__Bacteria;p__Bacteroidetes;c__Bacteroidia;o__Bacteroidales;f__Rikenellaceae
S24_7	0.0	0.0	0.0	0.0	0.0	0.0	0.0	0.0007415647015202076	0.0	0.0	0.0	0.0	0.0	0.0	0.0	0.0	0.0	0.0	0.0	0.0	0.0	0.005224132119986518	0.0	0.0002848326608117731	0.0	0.0	0.0	0.01570529290853032	0.0	0.0	0.0017865303917902696	0.0	0.0	0.0	0.0	0.0	0.0	0.0	0.0	0.0	0.0	0.0	0.0	0.0007507507507507507	0.0	0.0	0.0	0.0	0.0	0.0	0.0	0.0	0.0	0.0	0.0	0.0	0.0	0.0	0.0	0.0	0.0	0.0	0.0	0.0	0.0	0.0	0.0	0.0	0.0	0.0	0.0	0.0	0.0	0.0	0.0	0.0	0.0	0.0	0.0	0.0	0.0	0.0	0.0	0.0	0.0	0.0	0.0	0.0	0.0	0.0	0.0	0.0	0.0	0.0	0.0	0.0	0.0	0.0	0.0	0.0	0.0	0.0	0.0	0.0	0.0	0.0	8.602890571231934e-05	0.0	0.0004885197850512946	0.013894186236582576	0.0	0.0	0.0	0.0	0.0	0.0	0.0	0.0	0.0	0.0	0.0	0.0	0.0	0.0	0.0	0.0	0.0	0.0	0.0	0.0	0.0	0.0008064516129032258	0.0	0.0	0.0	0.0	0.0	0.0	0.0	0.0	0.008746355685131196	0.0	0.0	0.0	0.0	0.0	0.0	0.0	0.0	0.0	0.0	0.0	0.0	0.0	0.0	0.0	0.0	0.0	0.0	0.0	0.0	0.0	0.0	0.006077519379844961	0.0	0.0	0.0	0.0	0.0	0.0	0.005512078938414427	k__Bacteria;p__Bacteroidetes;c__Bacteroidia;o__Bacteroidales;f__S24_7
Barnesiellaceae_	0.0001839249586168843	0.0	0.0	0.0	0.0007362956963516548	0.0	0.0	0.0014831294030404152	0.0	0.017881864328564836	0.08988686055389741	0.0004733447724986687	0.0005865484880083421	0.0	0.0	0.08323075466338414	0.0	0.0	0.0	0.004651571002281903	0.0	0.005645433097404786	0.0	0.0	0.003375694996028594	0.0	0.0	0.0	0.0	0.0	0.0009140388051019985	0.0	0.0	0.0008485218748939347	0.0	0.0	0.0	0.0	0.0	0.0007754943776657619	0.0	0.0	0.0050661580641316005	0.0021157521157521156	0.0	0.0	0.0005044454253105492	0.0	0.0	0.0	0.0	0.0	0.0	0.0	0.0	0.0	0.0	0.0	0.0	0.0	0.000562271577171774	0.0	0.0	0.0	0.0	0.0	0.0	0.0	0.0	0.0	0.0	0.0	0.0	0.0	0.0	0.0	0.0	0.0	0.0	0.0007611959233729437	0.0	0.0	0.0016932889315346843	0.0	0.00032703488372093023	0.0	0.0	0.0	0.0	0.0	0.0023571669098664274	0.0009005102891638595	0.0037268055392099173	0.0	0.0	0.0002100752069240788	0.0	0.0	0.008361921097770154	0.0	0.0	0.0	0.0005213973448842899	0.0	0.0	0.0	0.0	0.004580673456459237	0.0	0.004358960387947475	0.0	0.0	0.0	0.0	0.0	0.0015906680805938495	0.0	0.0	0.0	0.0	0.0	0.0	0.0	0.0008423347537409573	0.0	0.0	0.003485091552801903	0.00013068478829064296	0.0	0.0	0.0	9.487666034155598e-05	0.0	0.0	0.0	0.0031578308131414343	0.012916879515434576	0.008534075777750878	0.0	0.0	0.0	0.0002824060999717594	0.0	0.0017415439875914992	0.0	0.0	0.00030344409042633893	0.0	0.0	0.030723488602576808	0.0	0.0	0.0	0.0	0.0010847294202723876	0.0	0.0	0.012397326667006785	0.0	0.0	0.0	0.0	0.0	0.0	0.0	0.0	0.0	0.0003132096155351969	0.0	0.00042348955392433656	0.0023817625042531474	k__Bacteria;p__Bacteroidetes;c__Bacteroidia;o__Bacteroidales;f___Barnesiellaceae_
Odoribacteraceae_	0.0006437373551590951	0.00021439291074108483	0.00020868113522537563	0.0	0.0	0.0	0.0	0.0010299509743336218	0.0	0.0	0.0	0.0	0.015054744525547446	0.0	0.002011982473397121	0.002793296089385475	0.0003076804738279297	0.0012903225806451613	0.0	0.011102334562050202	0.0	0.004170879676440849	0.0	0.0	0.0019062748212867356	0.0	0.0	0.0	0.0	0.0	0.0005401138393784536	0.0	0.0	0.0003733496249533313	0.0	0.0	0.0	0.0	0.0	0.0	0.0	0.0	0.0	0.000273000273000273	0.0	0.0	0.0	0.0	0.0	0.0	0.0	0.0	0.0008145131432802666	0.0	0.0	0.0	0.0006397367940047524	0.0002258228419804663	0.0	0.0	0.00040162255512269567	0.0	0.0003448573152858005	0.0	0.0	0.0	0.0	0.0	0.0	0.0	0.0	0.007350749975166385	0.003484501768254629	0.0	0.0	0.009134157944814463	0.0	0.0	0.011419478635278701	0.002241299107709223	0.0	0.0015121951219512196	0.0010441948411130553	0.0	0.0005450581395348837	0.00019519812609798947	0.0	0.00013380313099326525	0.0	0.00018415358408913033	0.00849328394507427	0.002301304072307641	0.017770977992232553	0.0	0.0	0.0	0.0	0.0	0.0	0.0	0.0013016087884625397	0.0	0.0005615048329523122	0.0	0.0011072153533862336	0.0	0.0	0.0010233419424004679	0.0	0.001144227101836212	0.0	0.0	0.004589707927677329	0.0	0.0	0.0	0.0	0.0	0.0	0.0	0.0	0.0017132177343993356	9.197093718384991e-05	0.0	0.0	0.0	0.0	0.0	0.0	0.0	0.0	0.0003795066413662239	0.0	0.0002938727530979086	0.00012993762993762994	0.011113135361632356	0.019192877472086405	0.003147318726546423	0.0	0.0	0.0010932944606413995	0.0012002259248799774	0.0	0.0008707719937957496	0.0	0.0	0.0	0.0	0.0	0.008919722497522299	0.0	0.0005880780539962577	0.0	0.0	0.0	0.0	0.0	0.001326462935564512	0.0024671052631578946	0.0	0.0	0.0	0.0	0.001054263565891473	0.0	0.0	0.0027733755942947703	0.001644350481559784	0.0	0.001176359872012046	0.0	k__Bacteria;p__Bacteroidetes;c__Bacteroidia;o__Bacteroidales;f___Odoribacteraceae_
Paraprevotellaceae_	0.0	0.0	0.0	0.0	0.0	0.0005389779019060218	0.0	0.00020599019486672434	0.0	0.0	0.0	0.0	0.006647549530761209	0.0	0.00295090762764911	0.0	0.00019230029614245606	0.0018894009216589862	0.0	0.0	0.0	0.0018537243006403776	0.0	0.004462378352717778	0.00027799841143764893	0.0	0.0	0.0002248201438848921	0.0	0.0008655233210450393	0.0	0.0	0.0	0.00010182262498727217	0.016522040958000694	0.0	0.0	0.0	0.0	0.0	0.0	0.0	0.0	0.0	0.0	0.0	0.0	0.0	0.0	0.0	0.0	0.0	0.0	0.0	0.0	0.0	0.0	0.0	0.00015698587127158556	0.0	0.0001606490220490783	0.0	0.0003448573152858005	0.0	0.0	0.0	6.315124723713294e-05	0.0	0.0	0.0004744677065417235	0.0	0.0	0.0	0.0	0.0	0.0	0.0	0.0	0.0	0.0	0.0	0.0	0.0	0.0	0.0	7.807925043919578e-05	0.0	0.0	0.0	0.0	0.0	0.0	0.0	0.0	0.0	0.0	0.0	0.0	0.0	0.0	0.0	0.0	0.0002406449284081338	0.0	0.0	0.0	0.0	0.008722771794746845	0.00021711990446724203	0.017980711600283333	0.000375252122519818	0.0	0.0	0.0	0.0	0.0	0.0	0.0	0.0	0.0	0.0	0.0	0.0	0.0	0.0	0.000665710774272839	0.001936161973778835	0.0	0.0011812981845312112	0.0	0.0	0.0004743833017077799	0.0	0.0001469363765489543	0.0	0.0010323677658346997	0.00029190688170473617	0.0	0.0	0.0	0.00021865889212827988	0.0	0.0	0.0	0.0	0.0	0.0	0.0	0.0	0.0027254707631318136	0.0	0.0	0.0	0.0	0.0021694588405447753	0.0	0.0	0.0037753175858374574	0.0	0.0	0.0	0.0004430414797585424	0.0006391632771644393	0.0056434108527131785	0.0	0.0	0.0017432646592709985	0.0	0.0	0.0	0.0010888057162300102	k__Bacteria;p__Bacteroidetes;c__Bacteroidia;o__Bacteroidales;f___Paraprevotellaceae_
Bacillaceae	0.0	0.0	0.0	0.0	0.0	0.0003429859375765594	0.0	0.0	0.0007382588449088534	0.0	0.0	0.0005916809656233359	0.0005213764337851929	0.000250668449197861	0.0	0.00023672000757504026	0.0	0.0	0.0	0.000175530981218185	0.0005524861878453039	0.00037917087967644087	0.0	0.0008544979824353193	0.0020254169976171564	0.0053674649050371595	0.0	0.001541623843782117	0.0007583000890178366	0.04535983330661965	0.0	0.0003249390739236393	0.00946947184912239	6.788174999151478e-05	0.0	0.0	0.0	0.0	0.0	0.0	0.0	0.0	0.0	0.0	0.000936768149882904	0.0	0.0005675011034743678	0.0	0.0	0.0003771371102916527	0.0	0.0	0.00022213994816734541	0.0	0.0	0.0	0.00018278194114421494	0.0	0.000837257980115123	0.0	0.0008434073657576609	0.0	0.0	0.0	0.0	0.0007695789950203713	0.0	0.0	0.0	0.0	0.0	0.0	0.0	0.0	0.0	0.0	0.0	0.0	0.0	0.0	0.0002232475070695044	0.0	0.0003104363041146921	0.0008768456186004413	0.0	0.0016006246340035135	0.0	0.005485928370723875	0.0002631925253322806	0.0	0.0	0.0	0.0	0.0002126754572522331	0.0011890606420927466	0.0	0.0003788676068196169	0.0	0.0	0.0	0.0	0.0	0.0	0.0	0.00023066986528879867	0.0	0.0	0.0009746113737147313	0.0	0.0	0.0	0.0	0.0004172461752433936	0.0003414558435511408	0.0011423096764684208	0.0	0.0	0.0	0.00029929665286576547	0.0	0.0	0.0	0.0	0.0	0.0001768033946251768	0.0	0.0	0.0005880815473078934	0.00217607560308381	0.0003649444763046765	0.0	0.0	0.0009758101792409224	0.0	0.0	0.0	0.0	0.000968405762014284	0.0	0.0032350142721217887	0.00043731778425655976	0.0	0.0002828854314002829	0.0	0.0	0.0	0.0004930966469428008	0.0	0.0	0.00039643211100099106	0.0	0.0	0.0	0.01777798300701884	0.0031738379333895784	0.0025012506253126563	0.002721982354045429	0.0007142492729962757	0.0	0.0008002845456162192	0.004530057543974207	0.0	0.0006391632771644393	0.0011162790697674418	0.0006528632717776534	0.0	0.0	0.0007047216349541931	0.010626370948086767	0.0001411631846414455	0.0	k__Bacteria;p__Firmicutes;c__Bacilli;o__Bacillales;f__Bacillaceae
Aerococcaceae	0.0	0.0	0.0	0.0	0.0	0.0	0.0	0.0	0.00039752399341245955	0.0	0.0	0.00023667238624933436	0.0	0.0	0.0	0.0	0.000730741125341333	0.0	0.003576456264505574	0.0	0.0	0.0	0.0	0.0003797768810823641	0.0003574265289912629	0.008959537572254336	0.0	0.0	0.0008901783653687646	0.0008655233210450393	0.000830944368274544	0.0	0.0014263639605372638	0.0	0.0	0.0	0.0	0.0	0.0	0.0	0.0	0.0	0.0	0.0	0.0	0.0012324546388223212	0.0	0.0	0.0	0.0	0.0	0.0	0.0007034431691965939	0.0	0.0	0.0	0.0	0.0	0.00026164311878597594	0.0	0.0	0.0	0.0	0.0	0.0	0.0008148483476686283	0.0	0.0	0.0	0.00035585077990629265	0.0	0.0	0.0	0.0	0.0	0.0	0.0	0.0003551767004084532	0.0	0.0	0.0	0.0	0.004317886775413444	0.0006222775357809583	0.0	0.0	0.0	0.0	0.0	0.0	0.0	0.0	0.0	0.0	0.0	0.0	0.0	0.0	0.0	0.0	0.0	0.0	0.0	0.0	0.0	0.0	0.0	0.0	0.0003799598328176736	0.0	0.0	0.0	0.0	0.0	0.00047903309013191833	0.0	0.0	0.0	0.0	0.0	0.0	0.0	0.00036788374873539964	0.0	0.0	0.0	0.0	0.0	0.004165630440189008	0.0	0.0	0.0	0.0	0.0	0.0	0.0	0.0	0.0	0.0	0.0	0.0	0.0	0.0	0.0	0.0	0.0	0.0	0.0	0.0	0.0	0.00017862884498588832	0.0	0.0	0.009096786110084965	0.0018882326945482302	0.0039394697348674335	0.0012201989862962268	0.0	0.0	0.0007113640405477503	0.0	0.0	0.0	0.0	0.003684014176459616	0.0	0.0	0.0	0.004045820131611017	0.0	0.0	k__Bacteria;p__Firmicutes;c__Bacilli;o__Lactobacillales;f__Aerococcaceae
Enterococcaceae	0.0	0.0	0.0	0.0	0.0	0.0	0.0	0.0	0.0	0.0	0.0	0.0	0.0	0.0	0.0	0.0	0.0	0.0	0.0	0.0	0.0	0.0	0.0	0.0	0.0	0.0	0.0	0.0	0.0	0.0	0.0	0.0	0.0	0.0	0.0	0.0	0.0	0.0	0.0028291621327529923	0.0	0.0	0.0	0.0	0.0	0.0	0.0	0.0	0.0	0.0	0.0	0.0	0.0	0.0	0.0	0.0	0.0	0.0	0.0	0.0	0.0	0.0	0.0	0.0	0.0	0.0	0.0	0.0	0.0	0.0	0.0	0.0	0.0	0.0	0.00040277466994853437	0.0	0.0	0.0	0.0	0.0	0.0	0.0	0.0	0.0	0.0	0.0	0.0	0.0	0.0	0.0	0.0	0.0	0.0	0.0	0.0	0.0	0.0	0.0	0.0	0.0	0.0	0.0	0.0	0.0	0.0	0.0	0.0	0.0	0.0	0.0	0.0	0.0	0.0	0.0	0.0	0.0	0.0	0.0	0.0	0.0	0.0	0.0	0.0	0.0	0.0	0.0	0.0	0.0	0.0	0.0	0.0	0.0	0.0	0.0	0.0	0.0	0.0	0.0	0.0	0.0	0.0	0.0	0.0	0.0	0.0	0.0	0.0	0.0	0.0	0.0	0.0	0.0	0.0	0.0	0.0	0.0	0.0	0.0	0.0	0.0	0.0	0.0	0.0	0.0	0.0	0.0	0.0	0.0	0.0	0.0	0.0	0.0	k__Bacteria;p__Firmicutes;c__Bacilli;o__Lactobacillales;f__Enterococcaceae
Lactobacillaceae	0.0	0.00035732151790180804	0.032762938230383974	0.00019629974971781912	0.0001840739240879137	0.0	0.04022720199190787	0.0	0.0002271565676642626	0.0	0.0	0.0068634992012306965	0.0	0.0	0.0	0.0039295521257456684	0.000730741125341333	0.0014285714285714286	0.0	0.0	0.0	0.0010532524435456691	0.00041377407935267347	0.0030382150486589128	0.0017871326449563146	0.002601156069364162	0.0	0.004528520041109969	0.0	0.00044878987017150186	0.0005401138393784536	0.00024370430544272948	0.004992273861880423	0.01571462512303567	0.0	0.00056777856635912	0.02830188679245283	0.0014431907635791131	0.0005077983315197679	0.0	0.0	0.0	0.0023244725235427345	0.00020475020475020476	0.0006440281030444965	0.001780212256076686	0.011980578851125544	0.04059018724816307	0.029396728016359917	0.0	0.050595475981136596	0.00022341376228775692	0.004776008885597927	0.0	0.0005001111358079574	0.005748888548214012	0.00452385304331932	0.0005645571049511658	0.0015698587127158557	0.3090747144503825	0.005903851560303626	8.828462964597864e-05	0.016639365462539874	0.00705855126128211	0.0016418050473778027	0.0001358080579447714	0.0	0.0	0.0	0.0	0.0008711275657429084	0.012317472931359888	0.004212606615352611	0.0001342582233161781	0.9252805280528053	0.0	0.0	0.0	0.0	0.06059965323296824	0.0	0.0	0.0	0.006024777960061096	0.0	0.0	0.0	0.0	0.0	0.0	0.0	0.0001334089317279792	0.0008630497038170335	0.0027293350347369913	0.00504547353536652	0.0010083609932355782	0.31290254683224583	0.2434731592842476	0.03987993138936535	0.0329630230295167	0.0	0.00013603591348115902	0.0017647294749929812	0.0	0.0	0.0	0.0	0.002144145022172409	0.11729902838842751	0.0	0.003564895163938271	0.0	0.0	0.0	0.00011054609772275039	0.014581124072110286	0.0	0.0	0.0	0.00012051096649795132	0.0011588192242010247	0.0	0.0012875931205738986	0.0	0.00023573785950023574	0.009063908234330193	0.00033191348121922883	0.0	0.0	0.0	0.00022819885900570496	0.0022296015180265655	0.0	0.0	0.0013643451143451144	0.0004250926094613469	0.0	0.0	0.0	0.005233111322549952	0.0013119533527696794	0.0	0.0	0.0	0.0	0.00040351054171290223	0.0	0.0018213960464991696	0.0	0.0	0.0	0.00010692328254477412	0.0	0.0	0.0	0.0	0.0	0.0	0.0	0.0	0.0	0.01583873290136789	0.010807669959325973	0.0	0.0001398992725237829	0.6514879663428819	0.0	0.0	0.0003412137460394833	0.0	0.0014290575025518884	k__Bacteria;p__Firmicutes;c__Bacilli;o__Lactobacillales;f__Lactobacillaceae
Leuconostocaceae	0.0	0.0	0.0	0.0	0.0	0.0	0.0	0.0	0.0	0.0	0.0	0.001301698124371339	0.0	0.00016711229946524063	0.00026826432978628275	0.0013729760439352334	0.0005384408291988769	0.0	0.0	0.0	0.0	0.0	0.00018389959082341041	0.0	0.0015885623510722795	0.00037159372419488026	0.0	0.0	0.0	0.0	0.0002908305288960904	0.00016246953696181965	0.0013075002971591585	0.0	0.0	0.0	0.0	0.0002623983206507478	0.015016322089227421	0.00033927879022877086	0.0	0.0	0.0001788055787340565	0.0	0.0	0.009928106812735364	0.0	0.000355534486845224	0.000693835816535203	0.0	0.0	0.0	0.0	0.0	0.0	0.0	0.0	0.00011291142099023316	0.00026164311878597594	0.0011526773551294143	0.0010843808988312783	0.0	0.0	0.0005014271387796035	0.0	9.053870529651426e-05	0.0	0.0	0.0	0.0	0.0	0.0	0.0	0.0005370328932647124	0.0	0.0	0.0002974773917182294	0.0	0.0	0.0	0.0014139008781068611	0.0	0.0009030874301518316	0.0	0.0	0.0	0.0	0.0	0.0	0.001657382256802173	0.0	0.0	0.0	0.0	0.0	0.000714255703541868	0.00016838560303094086	0.0	0.0007044841950502328	0.0	0.00036445046076951114	0.0	0.0	0.005659621356305719	0.0	0.0	0.0	0.005116709712002339	0.0003799598328176736	0.0	0.0	0.0	0.0	0.0	0.0	0.0	0.0	0.0	0.0	0.00036153289949385393	0.0007928763112954379	0.0007787353338178797	0.0	0.0	0.0	0.0	0.0	0.0	0.0011812981845312112	0.0	0.0	0.0	0.0	0.00019591516873193908	0.0	0.0	0.0	0.0	0.0	0.0	0.0	0.0010590228748940977	0.0	0.0	0.0	0.0	0.004741313912911546	0.0	0.0	0.0	0.0	0.0	0.0	0.0008773550055411895	0.02149371258687879	0.0	0.0009855453350854138	0.0	0.0	0.0	0.00012243398767497859	0.0003876612947887246	0.0	0.00018604651162790697	0.0	0.0	0.0	0.0	0.0	0.003434970826275174	0.0008166042871725076	k__Bacteria;p__Firmicutes;c__Bacilli;o__Lactobacillales;f__Leuconostocaceae
Streptococcaceae	0.010575685120470848	0.0005717144286428928	0.0002608514190317195	0.0009324238111596408	0.0010308139748923168	0.0	0.04209461562402739	0.000617970584600173	0.014254074620932478	0.00042301184433164127	0.0005552856250433817	0.015147032719957399	0.0005865484880083421	0.0008355614973262032	0.0	0.0006628160212101127	0.0033075650936502444	0.0	0.00038047407069208235	0.0009654203967000176	0.007947301317467063	0.0020643747893495114	0.009057054848052963	0.00550676477569428	0.02200158856235107	0.06705202312138728	0.0009126169290440338	0.0025372559095580677	0.0017144175925620652	0.005513704119249879	0.017989945573143876	0.004914703493095044	0.05697531597923848	0.000610935749923633	0.004790003471017008	0.02044002838892832	0.004424778761061947	0.08409866176856468	0.0015233949945593036	0.003635129895308259	0.0	0.0	0.0052449636428656575	0.000273000273000273	0.0	0.0020540910647038686	0.0005044454253105492	0.023583787627399856	0.0058428279287175	0.0007123700972175662	0.002837502997362321	0.0	0.02884116993706035	0.00035096955339124333	0.005167815070015559	0.0006643160100158414	0.00027417291171632244	0.0	0.013762428048142334	0.0146180446400503	0.02594481706092614	0.00023542567905594303	0.001379429261143202	0.0004628558204119417	0.0	0.027885921231326393	0.00025260498894853176	0.0	0.0	0.05770713480813712	0.0	0.0	0.0020282920740586643	0.00022376370552696352	0.001386138613861386	0.0	0.0038672060923369824	0.0003551767004084532	0.0020592502457059954	0.026980166617329895	0.0019720196457806223	0.0	0.0024270474685330473	0.04067432256604628	0.0006540697674418605	0.00027327737653718527	0.0018015753309870957	0.000356808349315374	0.0009650392595516953	0.010819023065236407	0.003180304560930894	0.0	0.006669020438586168	0.0015950659293917481	0.013079667063020214	0.06121591529767657	0.010061039781098716	0.0006285881909231866	0.0022053418279833373	0.00012163477132662991	0.08632269485083563	0.00034008978370289757	0.0011230096659046243	0.0	0.0	0.0	0.0	0.000779689098971785	0.02990826684036259	0.0	0.003377269102678362	0.0001476814019887762	0.0003477051460361613	0.0	0.06349030879209965	0.027483209614704844	0.0021680776378277928	0.0	0.0006484760812091585	0.0	0.006099048548426446	0.0003114941335271519	0.002621171709739722	0.0002477455158061639	0.0015912305516265913	0.02207087259319951	0.013055263594623001	0.00013068478829064296	0.1568017905993534	0.00015640477555914708	0.00026079869600651996	0.009724857685009488	0.00025679215243182166	0.0002938727530979086	0.001136954261954262	0.0002429100625493411	0.0006567904838356564	0.0	0.0002959455460195324	0.046622264509990484	0.007871720116618075	0.0021180457497881953	0.003991827754203992	0.00024490462325505455	0.0	0.0	0.001137915339098771	0.0026249531258370385	0.0	0.0	0.0009645957629237969	0.00048115477145148355	0.0006937436932391524	0.025858884373845585	0.03326503555501989	0.03795647823911956	0.001736437018960015	0.0012754451303504924	0.00018977732793522267	0.004846167526231549	0.002652736399624536	0.021542891953259122	0.00046484601975595586	0.0015503875968992248	0.012031337437045327	0.01961269566293386	0.0	0.0003132096155351969	0.030855471606141847	0.0017880670054583098	0.0019054100034025178	k__Bacteria;p__Firmicutes;c__Bacilli;o__Lactobacillales;f__Streptococcaceae
Christensenellaceae	0.0	0.0	0.0	0.0	0.0	0.0	0.0003890445066915655	0.0	0.0	0.0	0.0	0.0	0.0	0.0	0.00013413216489314137	0.0	0.0	0.00013824884792626728	0.0	0.0	0.0	0.00042130097741826763	0.0	0.0	0.00023828435266084195	0.0	0.0	0.0	0.0	0.0	0.0	0.0	0.0	0.0	0.0	0.0	0.0	0.0	0.0006528835690968443	0.0	0.0	0.0	0.034509476695672905	0.0001365001365001365	0.0	0.0	0.002017781701242197	0.0	0.00021910604732690623	0.0	0.0	0.0	0.00014809329877823029	0.00026322716504343247	0.0	0.0	0.0005026503381465911	0.0	0.0	0.0	0.0	0.0	0.0006035003017501509	0.0	0.0	0.0	0.0033470161035680456	0.0	0.003558406185476431	0.0	0.0	0.0006953412138670905	0.0	0.0	0.0	0.0	0.00047596382674916705	0.0	0.0	0.0	0.0024929304956094658	0.0018536585365853658	0.0017497318959191737	0.00014142671267749053	0.0	0.0016787038844427093	0.0	0.0	0.0	0.004557801206205976	0.0	0.002267951839375646	0.0	0.00308379413015738	0.0003213677411061478	0.0	0.0	0.0	0.0	0.0	0.0	0.0	0.0	0.0	0.0	0.0	0.0	0.0	0.0	0.0	0.0	0.0	0.0002086230876216968	0.0	0.0	0.0	0.0001548626884162709	0.0	0.0	0.0	0.0	0.0009863980895026478	0.0	0.0	0.0005304101838755304	0.0	0.0	0.0	0.0	0.0006256191022365883	0.0	0.0	0.0	0.0	0.0	0.0	0.0	0.0003026268006294637	0.0	0.0	0.0	0.0	0.0	0.0	0.0	0.0	0.0	0.0	0.0	0.0	0.0002858061519774213	0.0	0.0	0.0	0.0	0.0	0.0	0.0020407122085607876	0.0	0.0	0.0	0.0	0.0	0.0	0.0	0.0	0.0	0.0007047216349541931	0.00038995856690226665	0.0	0.0	k__Bacteria;p__Firmicutes;c__Clostridia;o__Clostridiales;f__Christensenellaceae
Clostridiaceae	0.0010115872723928637	0.001071964553705424	0.0	0.0011287235608774598	0.0	0.003086873438189034	0.0010115157173980704	0.005355745066534833	0.01226645465387018	0.0034994616212890325	0.0008329284375650725	0.006685994911543695	0.005018248175182482	0.0002924465240641711	0.0005812393812036126	0.0014676640469652494	0.0664974424060613	0.0018433179723502304	0.0001141422212076247	0.00021941372652273125	0.009562260943476413	0.0	0.003723966714174061	0.0	0.0	0.001568951279933939	0.0	0.00815775950668037	0.0017144175925620652	0.0673825933643212	0.0006647554946196352	0.0	0.007012956139308213	0.00013576349998302957	0.0	0.0	0.0	0.0013775911834164262	0.0	0.0	0.010503735483393742	0.0008603207767467584	0.008761473357968768	0.00273000273000273	0.0008782201405152225	0.0	0.0	0.0	0.002775343266140812	0.004693261816962789	0.0005195428023339461	0.0145218945487042	0.016845612736023696	0.00013161358252171624	0.002278284063125139	0.00015330369461904033	0.0009596051910071285	0.0046858239710946764	0.03469387755102041	0.0	0.07373790112052693	0.00047085135811188606	0.0004310716441072506	0.00019285659183830903	0.00028145229383619476	0.05441376188320507	0.004010104199557941	0.0031306640303180094	0.030092694284584633	0.0	0.013556922741874013	0.0002483361478096752	0.00826919076346994	0.00031326918773774893	0.005016501650165017	0.0020456707897240725	0.01386244645406949	0.0	0.0	0.0	0.007999702336657241	0.0008292682926829268	0.0064344979398318	0.0004525654805679697	0.002688953488372093	0.0013273472574663284	0.0	0.015521163195218768	0.0005263850506645612	0.001657382256802173	0.0015714446065776182	0.006136810859487043	0.009101251422070534	0.0	0.013240350933573288	0.0017226166967774462	0.0021469164386444957	0.0	0.0	0.0	0.0	0.0012243232213304312	0.002406449284081338	0.002854853250525894	0.0	0.0045787113523719615	0.04791810048176187	0.007212124165489011	0.002008359116321989	0.00038140903394540403	0.0019700736432290444	0.003002855173771783	0.0	0.0	0.0519935146289336	0.004683633792859668	0.0014453850918851952	0.00034754036207386814	0.1461565321494488	0.0	0.007440839229080264	0.0006229882670543038	0.0	0.013229610544049152	0.001768033946251768	0.00035845964768537483	0.00022127565414615258	0.007579717720857292	0.0	0.0016683176059642355	0.0	0.00014231499051233396	0.0	0.00039183033746387815	0.0	0.0010323677658346997	0.004305626505144859	0.004478876649316063	0.00017756732761171944	0.019314938154138914	0.0018950437317784257	0.0007060152499293985	0.00025145371680025143	0.0	0.0	0.015535155855946737	0.06990593233196783	0.0012856913269405903	0.0	0.0019326065411298316	0.0038583830516951876	0.00037423148890670943	0.00044147325933400604	0.2517547100110824	0.00040175163713792136	0.02576288144072036	0.20719917401914772	0.0017346053772766695	0.002340587044534413	0.6346256446736618	0.015263437130147328	0.035830979675472115	0.01167925624636839	0.004093023255813954	0.0	0.0	0.00919175911251981	0.012058570198105082	0.05859127467706556	0.0764163372859025	0.08288533514800953	k__Bacteria;p__Firmicutes;c__Clostridia;o__Clostridiales;f__Clostridiaceae
Eubacteriaceae	0.0018392495861688431	0.0	0.0	0.0	0.0	0.0	0.0001556178026766262	0.017921146953405017	0.0	0.0	0.009162212813215798	0.0	0.0075599582898852975	0.002130681818181818	0.0009389251542519896	0.0	0.0038460059228491213	0.0	0.0	0.0	0.0	0.0002527805864509606	0.0	0.0	0.0008737092930897538	0.0	0.0	0.0	0.0	0.0	0.0	0.0	0.0002773485478822457	0.0	0.0	0.0	0.0	0.0	0.0	0.0018417991469561845	0.00044381980915748204	0.0	0.003337704136369055	0.0	0.0	0.0	0.004161674758812031	0.0	0.00014607069821793748	0.0	0.001878347054591959	0.0	0.0	0.0003070983592173379	0.0	0.0	0.0	0.0	0.0	0.0	0.0	0.0	0.0	0.0007328550489855743	0.0	0.0	0.004231133564887906	0.0	0.0012739972762816853	0.0	0.0	0.0	0.0	0.0	0.0	0.0	0.0004164683484055212	0.0012431184514295863	0.0	0.002748763056624519	0.027943146301532967	0.0005853658536585366	0.0012417452164587685	0.00022628274028398484	0.0037063953488372095	0.0006636736287331642	0.00012569130216189038	0.0	0.0025003289906566652	0.0	0.0001496613911026303	0.004235733582363339	0.006237495586677651	0.00010633772862611655	0.0007712825786547546	0.0	0.0	0.0	0.0018071551090419016	0.0003649043139798897	0.0	0.0	0.0	0.0	0.0	0.0	0.0	0.0	0.0	0.0	0.0	0.0	0.0	0.0	0.0	0.0	0.0	0.0	0.0	0.0	0.0	0.0	0.0	0.0	0.0	0.0	0.0	0.0	0.0	0.0	0.0	0.0	0.0	0.00024489396091492384	0.0	0.0	0.0	0.0	0.00017756732761171944	0.0	0.0	0.0	0.0	0.0	0.0	0.0	0.0	0.0	0.0	0.0	0.0035725768997177665	0.0	0.0	0.0	0.0003214013097103371	0.0013131565782891447	0.0001407921907264877	0.0	0.0	0.0	0.0	0.0	0.0	0.0	0.0029378847229994402	0.0	0.0	0.0	0.0	0.0	0.0	k__Bacteria;p__Firmicutes;c__Clostridia;o__Clostridiales;f__Eubacteriaceae
Lachnospiraceae	0.1699466617620011	0.07053526763381691	0.03787562604340568	0.09211365755508662	0.028384199094356292	0.17066000293987946	0.1568627450980392	0.09038849750751864	0.21119881878584815	0.043685586832794956	0.04664399250364406	0.2178569315425123	0.2943169968717414	0.20245655080213903	0.10761870696593043	0.05562920178013446	0.041575324025999	0.07423963133640553	0.0	0.13656310338774794	0.14003399915002124	0.07735085945399393	0.18417544020964555	0.092048421552338	0.2056791104050834	0.09744013212221304	0.2083048140543007	0.06025179856115108	0.11981141406481817	0.06763904471870492	0.056338028169014086	0.10475223395613323	0.26177740797971394	0.037301021620337375	0.14786532454009024	0.15805535841022	0.29245283018867924	0.03962214641826292	0.14965542256075445	0.3201337727801473	0.2093350099859457	0.014809807656854914	0.07450232447252354	0.11698061698061699	0.10620608899297423	0.0297158507360493	0.05050759820921874	0.006755155250059256	0.14329535495179668	0.2502095206168287	0.1197346335225002	0.0	0.15860792299148463	0.15705887514258138	0.31679262058235164	0.01857529766467372	0.08622738073478341	0.13645345226669678	0.13547880690737835	0.007335219532641727	0.09289529699987951	0.2259792236838233	0.09147340287955859	0.01303710560826969	0.22056478093629797	0.16392032593933906	0.02286075149984212	0.4175729115175482	0.053376092782146466	0.29179763952315996	0.1680731747155224	0.05761398629184464	0.051175369253172454	0.004475274110539271	0.0	0.25166508087535683	0.037363160399809615	0.044752264251465106	0.033182009641035244	0.026895589292510676	0.08535496353624052	0.16141463414634147	0.05743071626121804	0.019205747581603212	0.0046875	0.1203201249268007	0.3937070554717614	0.4636278488916641	0.08996797824275124	0.13898991759127113	0.2540876267444906	0.070506620418237	0.06516025263818602	0.0020204168438962143	0.03580036635922486	0.044577958909289526	0.03910755630393602	0.00880023467292461	0.019174222004410685	0.0002838144664288031	0.2852605820794502	0.02652700312882601	0.24040428347972567	0.0648101773014124	0.15039675216829673	0.4343167335378806	0.0945027529249828	0.18678426977242824	0.1425392172827444	0.10096441998583337	0.2996388198320747	0.3386826818942601	0.09165507649513213	0.1423870867608257	0.12646473579482645	0.41949452103216683	0.21087136072682222	0.05254178382989479	0.1311418167306829	0.05820679681851049	0.18315442790924616	0.14427369951199254	0.12705784971948864	0.3513031414131404	0.1194012258368694	0.07896353953297829	0.12972285224318195	0.3652639832723471	0.13858492912210893	0.20687138313956518	0.07465362673186635	0.09686907020872865	0.5535411637820348	0.1138267130332566	0.0016242203742203743	0.2050160927916439	0.21309202364445742	0.13733204212565064	0.12110091743119267	0.011037107516650808	0.2880466472303207	0.21109855972889013	0.09134056262769134	0.09107730822607418	0.331945196351976	0.19282760012105316	0.09861932938856016	0.12846199175014733	0.025959282524786194	0.1257680872150644	0.07238040798828195	0.29591018444266237	0.6148461150353178	0.04806981898780938	0.2252621429432325	0.308591795897949	0.02797071522432889	0.16718534768634252	0.3274291497975709	0.007247021163080207	0.011386360853773007	0.11408318103782467	0.1947704822777455	0.2275968992248062	0.04369520611826152	0.004083400358844274	0.24944532488114105	0.27194424868843475	0.14048257372654155	0.12987012987012986	0.27778155835318136	k__Bacteria;p__Firmicutes;c__Clostridia;o__Clostridiales;f__Lachnospiraceae
Peptococcaceae	0.0006437373551590951	0.0	0.0	0.0	0.0	0.0	0.0	0.0	0.0	0.0	0.0	0.00017750428968700077	0.0	0.0	0.0	0.0	0.0	0.0	0.0	0.0	0.0	0.0	0.0	0.0	0.0	0.0	0.0	0.0	0.0	0.0	0.0	0.0	0.0	0.0	0.0	0.0	0.0	0.0	0.0	0.0	0.0	0.0	0.0	0.0	0.0	0.0	0.0	0.0	0.0	0.0	0.0	0.0	0.0	0.0	0.0	0.0	0.0	0.0	0.0	0.0	0.0	0.0	0.0	0.0	0.0	0.0	0.0	0.0	0.0	0.0	0.0	0.0	0.0	0.0	0.0	0.0	0.0	0.0	0.0	0.0	0.0	0.0	0.0	0.0	0.0	0.0	0.0	0.0	0.0	0.0	0.0	0.0	0.0	0.0	0.0	0.0	0.0	0.0	0.0	0.0	0.0	0.0	0.000802149761360446	0.0	0.0	0.0	0.0	0.0	0.0	0.0	0.0	0.0	0.0003477051460361613	0.0	0.0	0.0001325556733828208	0.0	0.0	0.0	0.0	0.0	0.0	0.0	0.0	0.0	0.0	0.0	0.0	0.0	0.0	0.0	0.00018975332068311195	0.0	0.0	0.0	0.0	0.0	0.0	0.0	0.0	0.0	0.0	0.0	0.0	0.0	0.0	0.0	0.0	0.0	0.0	0.0	0.0	0.0	0.0	0.010284841910730787	0.0	0.0	0.0	0.0	0.0	0.0	0.0	0.0	0.0	0.0	0.0	0.0	0.0	0.0	0.0	0.0	k__Bacteria;p__Firmicutes;c__Clostridia;o__Clostridiales;f__Peptococcaceae
Peptostreptococcaceae	0.0017472871068604009	0.0010005002501250625	0.00031302170283806343	0.0	0.0	0.014454407369297859	0.005135387488328665	0.04395830758455897	0.039127718780169234	0.00034610059990770653	0.00027764281252169086	0.03159576356428614	0.005995828988529718	0.007144050802139037	0.0	0.0022725120727203865	0.0	0.00041474654377880184	0.0	0.0	0.0175945601359966	0.0002527805864509606	0.021746126614868282	0.004367434132447188	0.01608419380460683	0.011189099917423617	0.0009126169290440338	0.044225334018499485	0.0010550262108074248	0.031030613880429558	0.0010802276787569072	0.0	0.00047545465351242125	0.0024098021246987747	0.0	0.0	0.0	0.0018367882445552348	0.006964091403699674	0.006688639007367197	0.00044381980915748204	0.0	0.00256287996185481	0.0006142506142506142	0.0005269320843091335	0.008421773365285861	0.00031527839081909323	0.00047404598246029864	0.00014607069821793748	0.004525645323499832	0.0	0.00014894250819183795	0.0015179563124768604	0.002983241203825568	0.0033340742387197157	0.00010220246307936021	0.0	0.00626658386495794	0.02229199372056515	0.0	0.049560223302140646	0.0030311056178452664	0.0	0.0	0.0	0.02258940697148031	0.00012630249447426588	0.00024715768660405336	0.00030751658393006194	0.00041515924322400806	0.00397451951870202	0.0	0.0072290409819013935	0.003490713806220631	0.0	0.0021408182683158895	0.00101142313184198	0.0	0.001965647961810268	0.002960206368672559	0.0016743563030212829	0.0	0.0004515437150759158	0.00033942411042597724	0.00014534883720930232	0.0	0.020613373554550025	0.009544623344186254	0.0016668859937711102	0.0010588831085124994	0.0	0.0007003968915718907	0.004864461966968734	0.0002835672763363108	0.05643217533823955	0.0018066467795470778	0.11134498000420964	0.0	0.00015314873805439844	0.0	0.0032800541469256	0.00707386750102027	0.0014037620823807804	0.0020034057898427327	0.0027219044104078243	0.004531508142553694	0.003656228492773572	0.0482432629988792	0.010258915486077186	0.0033237072958099494	0.003987053801773066	0.008024022841390175	0.0004867872044506259	0.00018624864193698588	0.013228683027489129	0.011399787910922587	0.00025810448069378485	0.0008846481943698461	0.03402005287574201	0.0	0.0015857526225908757	0.0010902294673450317	0.0	0.004558517490833416	0.005186232909005186	0.0005120852109791069	0.016650992974497982	0.003463146889702039	0.048930614275055954	0.0029716907356237944	0.0009453952730236349	0.0011385199240986717	0.0024652046633454883	0.005975412646324142	0.005197505197505198	0.0	0.0006567904838356564	0.005870959932211596	0.00047351287363125186	0.0006660323501427212	0.0047376093294460644	0.0	0.006977840641206978	0.002176929984489374	0.0011243909548994296	0.014980328861091496	0.04305113032923684	0.00026785235977928965	0.0003784151971543177	0.005500495540138752	0.005787574577542782	0.004490777866880513	0.00037840565085771945	0.17579423716291098	0.03109557671447511	0.03808154077038519	0.12018960015017834	0.0035712463649813786	0.0	0.06451182642717411	0.008366322491123537	0.009968433294567204	0.011272515979081929	0.017550387596899225	0.009373251259093452	0.0	0.002456418383518225	0.0012528384621407877	0.025249817206921765	0.003764351590438547	0.005716230010207554	k__Bacteria;p__Firmicutes;c__Clostridia;o__Clostridiales;f__Peptostreptococcaceae
Ruminococcaceae	0.3776899025197719	0.1301364968198385	0.5457533388981636	0.5798694606664376	0.9131907374001399	0.40908422754667056	0.6055866791160909	0.15403946772133648	0.03674257481969447	0.03922473465620674	0.03317831609634206	0.3982604579610674	0.04705422314911366	0.012282754010695188	0.25735491370830726	0.2846321371082284	0.033844852121072265	0.16612903225806452	0.0	0.13002457433737055	0.004547386315342117	0.16523424334344455	0.2939175210335157	0.05217184903868977	0.26445591739475777	0.024112303881090008	0.42322610084417067	0.14459146968139774	0.0777422439088721	0.027183843564673824	0.48198928081764925	0.74731925264013	0.03593644756131384	0.11516138886060483	0.4537313432835821	0.3550745209368346	0.4508265152780097	0.15173182891629494	0.03162858179180268	0.289162466072121	0.07544936755677195	0.8170589319732071	0.07956848253665515	0.7551870051870052	0.10427400468384075	0.023005819924683327	0.15152279462765622	0.0	0.15779287174992696	0.2429601072745558	0.08268723523299497	0.0	0.4976305072195483	0.7300166710537861	0.4372638364080907	0.0010731258623332823	0.2931365381100347	0.5214249421328967	0.6483516483516484	0.0006811275280310175	0.10908068597132414	0.5639916423883935	0.21428571428571427	0.3114248245005014	0.04962942114644901	0.5565414214576732	0.08219134827912851	0.014541110561871807	0.05706629178930721	0.5270743135045372	0.6859040670768226	0.16713022747591139	0.06589348866236738	0.014678899082568808	0.0016501650165016502	0.4175071360608944	0.08138981437410757	0.0033741786538803056	0.03051434455000702	0.06601260202139807	0.46495014139008783	0.059073170731707314	0.222554608568042	0.0492447813543022	0.033502906976744184	0.5631465937926996	0.43526897938662645	0.22037375674590787	0.17717243496951354	0.09866028267575158	0.394993826467617	0.12927325484441182	0.09697540308344121	0.0013114986530554373	0.017546678664395667	0.044872064198983236	0.006651231319722164	0.02040816326530612	0.018622886547414848	0.000405449237755433	0.492424636851148	0.27618691334512313	0.5748205189908956	0.4348893118301112	0.7687303930614504	0.38801038470616	0.5790605643496215	0.49788022026217044	0.4779351897085165	0.41431918487440744	0.4224869834420001	0.3071773161366545	0.514673157162726	0.0629209995343784	0.029294715896528854	0.1579179922234005	0.33522609952508775	0.10053394837445895	0.4012071631665586	0.3312846469028682	0.759697487191998	0.5356660782888589	0.12963303596063644	0.48241006837776235	0.5901107967939652	0.2585518230233511	0.6730652209990596	0.4874542603240983	0.48252922158667	0.25692091131849226	0.6970171149144254	0.49084440227703985	0.37994966873812336	0.28108928833814956	0.007276507276507277	0.36242181332361695	0.2402393636429979	0.5873380946616632	0.48748150340337376	0.035632730732635585	0.36639941690962097	0.5936882236656312	0.015527267012415528	0.7567552858581186	0.27468454587098656	0.612226369413901	0.4170080412683963	0.04548133069052338	0.035306137894497845	0.5595143706640238	0.08056160908863563	0.5661053194333066	0.1461907164480323	0.0003694126339120798	0.2838375316379414	0.14388444222111055	0.0007039609536324385	0.6318044997704199	0.484375	0.00364574070780722	0.12206668571195364	0.2035221797640804	0.5797210923881464	0.5453643410852713	0.014456258160790898	0.0018560910722019428	0.47868462757527735	0.5987001800955289	0.0707774798927614	0.5574063617541879	0.3835318135420211	k__Bacteria;p__Firmicutes;c__Clostridia;o__Clostridiales;f__Ruminococcaceae
Veillonellaceae	0.0067132609895162775	0.005860072893589652	0.0013042570951585977	0.009667762673602592	0.0022457018738725474	0.07594688617766672	0.00801431683784625	0.001565525480987105	0.021409506502356748	0.008883248730964468	0.19837578954674812	0.00029584048281166794	0.027046402502606884	0.000250668449197861	0.006661897523026022	0.0013729760439352334	0.0023845236721664552	0.1871889400921659	0.0	0.01663156047042303	0.4375690607734807	0.005013481631277385	0.0079536573031125	0.00507951578447662	0.003415409054805401	0.0013212221304706854	0.01011483763023804	0.0	0.0006264218126669084	0.008366725436768713	0.011217748971706343	0.0003249390739236393	0.006062046832283371	0.0036656144995417983	0.019021173203748697	0.03250532292405962	0.0037568876273167476	0.00669115717659407	0.0	0.004168282279953471	0.0012574894592795325	0.001106126712960118	0.011205149600667541	0.0004777504777504777	0.0	0.0	0.009899741471719528	0.0006518132258829107	0.016834647969617294	0.022586322494133424	0.04667892254815762	0.0071492403932082215	0.021880784894483526	0.001272264631043257	0.0018337408312958435	0.009913638918697941	0.0005483458234326449	0.03579292045390391	0.019727891156462583	0.017342554752174368	0.006466123137475401	8.828462964597864e-05	0.005948788688680058	0.018398518861374683	0.0006567220189511212	0.003847894975101856	0.000473634354278497	0.002965892239248641	0.001669375741334622	0.013047861929897396	0.010290194370338106	0.0136088208999702	0.06776575826919076	0.001521593197583352	0.03815181518151815	0.0021408182683158895	0.0012494050452165634	0.0	0.021200917302382178	0.028967733750581467	0.08014585503795207	0.12370731707317073	0.0029350341479934526	0.003931662612434237	0.00806686046511628	0.0005855943782939684	0.0003770739064856712	0.020070469648989786	0.0002631925253322806	0.1030799686938907	0.0030680585176039213	0.005369709502051162	0.02549919579459417	0.0002835672763363108	0.0007712825786547546	0.0027729927313978405	0.0002946748053041465	0.01215270502451494	0.010506003430531732	0.001216347713266299	0.0006768365700005206	0.0003060808053326078	0.0026470942124894718	0.018982269858759893	0.0011533493264439933	0.00259617654000472	0.002709910529938059	0.033088056137615125	0.11235955056179775	0.0001634610145480303	0.05647544443923261	0.015555774342817762	0.005424200278164116	0.0004345801645196337	0.010501879283661288	0.13008130081300814	0.0022196985339665498	0.0002843512053331648	0.0023943732229261237	0.0	0.004269333983898511	0.033070293842799296	0.1218155063000092	0.0019324150232880785	0.058404054691183406	0.005018435067595248	0.02583393262156331	0.03391270256142185	0.05004973887092763	0.19998957301496273	0.0	0.0377134724857685	0.0022084125109136663	0.000636724298378802	0.0017541580041580043	0.01864334730066193	0.001532511128949865	0.0015131340031473187	0.030186445693992304	0.0010941960038058991	0.015306122448979591	0.005224512849477549	0.03542354235423542	0.03205529402160603	0.07341856494398867	0.002320185614849188	0.0	0.056623988857341837	0.0034057367743888594	0.00421209117938553	0.40891715194169553	0.001657310879443999	0.0582744702320888	0.0	0.021011610622313284	0.009004502251125562	0.0007039609536324385	0.00168358757206265	0.0008856275303643725	0.0	0.00024486797534995717	0.03223126765243396	0.0	0.0026666666666666666	0.0016787912702853946	0.003093485120336571	0.0018225039619651348	0.008456659619450317	0.0020472824762369	0.0019292301900997553	0.0015651582170806396	k__Bacteria;p__Firmicutes;c__Clostridia;o__Clostridiales;f__Veillonellaceae
Tissierellaceae_	0.0	0.0	0.0	0.0	0.0	0.0004409819197412906	0.0005446623093681918	0.0	0.0	0.0	0.0	0.0	0.0	0.0	0.0	0.00014203200454502416	0.0024999038498519288	0.0	0.0	0.0	0.0003399915002124947	0.0	0.0	0.0	0.0	0.0007018992568125517	0.0	0.0005138746145940391	0.0	0.0	0.0	0.003249390739236393	0.023693490233368992	0.0	0.0	0.0	0.0	0.0	0.0	0.0	0.0028108587913307195	0.0	0.0	0.0	0.001639344262295082	0.0	0.0008827794942934611	0.0	0.0	0.0	0.0003596834785388858	0.0	0.0	0.00017548477669562167	0.0	0.0	0.0002284774264302687	0.0	0.00282574568288854	0.0	0.0	0.0	0.0004310716441072506	0.0	0.0	0.0	0.0069150615724660565	0.0	0.0	0.00035585077990629265	0.0	0.0	0.0	0.0	0.000264026402640264	0.0	0.0003569728700618753	0.0	0.0	0.0015646805091554955	0.0007813662747432654	0.0	0.0	0.0	0.0	0.0	0.0	0.0	0.0	0.0	0.0	0.022846279558416435	0.004276018987093484	0.005884020983978449	0.0	0.00029410528969371034	0.0	0.002975317437036416	0.0	0.0	0.0	0.0	0.0	0.0	0.0	0.0	0.0	0.0	0.0	0.00010897400969868686	0.00032834560720484073	0.0	0.0	0.0	7.369739848183359e-05	0.0	0.0	9.478373511105494e-05	0.0	0.0	0.0	0.0	0.0	0.0	0.00011786892975011787	0.0	0.0	0.0	0.0001865207659786123	0.0	0.0	0.0	0.0	0.0008816182592937258	0.0	0.0	0.0	0.0	0.0	0.0	0.0013119533527696794	0.0	0.001162973440201163	0.0	0.0	0.0	0.0	0.0	0.0	0.0	0.0	0.0	0.0	0.0	0.0	0.022886443221610805	0.0	0.00025508902607009846	0.00031629554655870446	0.0	0.0	0.0	0.0	0.0	0.0	0.0	0.0	0.00039151201941899614	0.00014623446258835	0.0	0.00047635250085062945	k__Bacteria;p__Firmicutes;c__Clostridia;o__Clostridiales;f___Tissierellaceae_
Erysipelotrichaceae	0.01149530991355527	0.003644679482598442	0.0011999165275459098	0.006281591990970212	0.0001840739240879137	0.01332745357440345	0.003812636165577342	0.03876735467391752	0.19529785904934976	0.0010383017997231195	0.0011105712500867634	0.06437488905981895	0.01023201251303441	0.020095254010695188	0.007019583296074399	0.00459236814695578	0.0056920887658167	0.007972350230414746	0.0	0.0004827101983500088	0.005737356566085848	0.0009689922480620155	0.005287113236173049	0.002136244956088298	0.00409054805401112	0.005821635012386458	0.01003878621948437	0.0005138746145940391	0.0003296956908773202	0.0014745952877063633	0.0013710582076529975	0.017587327376116978	0.01632394310392646	0.006652411499168448	0.0005553627212773343	0.025833924769339957	0.0020871597929537486	0.014169509315140383	0.0026840768951759157	0.03189220628150446	0.004955987868925217	0.00030725742026669944	0.0016092502086065086	0.003549003549003549	0.000468384074941452	0.006915439917836357	0.003846396367992938	0.0	0.008362547472976921	0.01085316795172645	0.00975141875149868	0.00290437890974084	0.018992965568308033	0.012678775116258664	0.017226050233385196	0.0	0.01859806251142387	0.00942810365268447	0.009052851909994768	0.0	0.01024137515562874	0.0032076748771372237	0.0	0.001967137236750752	0.0008443568815085843	0.006382978723404255	0.05888853804862646	0.012934585598945461	0.0073803980143214865	0.024731629203487336	0.0005444547285893178	0.0002980033773716102	0.0	0.0032669501006936676	0.0	0.01736441484300666	0.028438838648262733	8.87941751021133e-05	0.0005616137033743623	0.002241299107709223	0.007143920226224141	0.0009268292682926829	0.008212451317943218	0.0014991231543813996	0.005123546511627907	0.010150302557095451	0.002849002849002849	0.0026314615762008833	0.004562003772426196	0.01514663229133097	0.0006360609121861787	0.034019277590634694	0.2709583774665568	0.0006734722812987381	0.0004177780634379921	0.00025209024830889456	0.09290675647232162	0.0005447764321334283	0.00015314873805439844	0.0	0.01181860779923986	0.000986260372738403	0.0022460193318092486	0.0017028949213663228	0.002583502491234545	0.002454566910549917	0.0015485203028217482	0.007504507577603431	0.0029311187103077674	0.0027243502424671717	0.000562878183779727	0.0016244954218765384	0.0003477051460361613	0.0009312432096849294	0.06002653106345346	0.0017232237539766702	0.0001548626884162709	0.002938295788442703	0.0004489449792986482	0.0025307302964569776	0.002012686020980727	0.004516664936143703	0.002989055458475122	0.0010900802695471212	0.0004714757190004715	0.007117984432609586	0.0006638269624384577	0.013787245164662834	0.0016786868938075106	0.0015640477555914707	0.0027709861450692748	0.0024193548387096775	0.0008730933182681937	0.0067100945290689135	0.0	0.0	0.0016784645698022331	0.0016341847233991042	0.001242971293282036	0.009847764034253092	0.023396501457725948	0.0011296243998870376	0.0024202420242024204	0.004353859968978748	0.006704701619955857	0.004438615958841925	0.0035654680625094824	0.0013928322708523062	0.0034057367743888594	0.0002477700693756194	0.0042156407416669645	0.0028869286287089013	0.0	0.0026782415958625785	0.012655176569844523	0.07216108054027014	0.00018772292096865028	0.004081424417121575	0.003099696356275304	0.008669749244175707	0.0015916418397747215	0.0006645622196378136	0.012144102266124347	0.005209302325581395	0.0013057265435553068	0.0015467425601682855	0.0006339144215530904	0.006342494714587738	0.008627833292712649	0.0012234142668925278	0.0029261653623681525	k__Bacteria;p__Firmicutes;c__Erysipelotrichi;o__Erysipelotrichales;f__Erysipelotrichaceae
Fusobacteriaceae	0.0	0.0	0.0	0.0	0.0002577034937230792	0.0	0.0	0.0	0.01135782838321313	0.0	0.0	0.0	0.0	0.0	0.0	0.0	0.0	0.0	0.0	0.0	0.0001274968125796855	0.0	0.0	0.0	0.0	0.0	0.0	0.0	0.0	0.0	0.0	0.0	0.0	0.00016970437497878694	0.0	0.0	0.0	0.0	0.0	0.0	0.0	0.0	0.0	0.0	0.0	0.0	0.0	0.0	0.0	0.0	0.0	0.0	0.00048130322102924843	0.0	0.0	0.0	0.0	0.0	0.0	0.0	0.0	0.0	0.0	0.00015428527347064721	0.24936673233886855	0.0	0.0	0.0	0.0	0.0	0.0	0.0	0.0	0.0	0.0	0.0	0.0	0.0	0.0	0.005412948788429822	0.0	0.0	0.0	0.0	0.00014534883720930232	0.0	0.0	0.0	0.0	0.0	0.0	0.0	0.0	0.00046079682404650505	0.0	0.0	0.0	0.0	0.0	0.0	0.0	0.0	0.0	0.0	0.0	0.0	0.0	0.00024365284342868282	0.0	0.0	0.00014071954594493174	0.0	0.0	0.0	0.00011054609772275039	0.0	0.0	0.0	0.0	0.0	0.0	0.0	0.0	0.0	0.0	0.0	0.0	0.0	0.0018030340711265853	0.0	0.0	0.0029886148007590135	0.0	0.0	0.0	0.0	0.0	0.0	0.0009470257472625037	0.0	0.0	0.0	0.0	0.0	0.0	0.0	0.0	0.0017678255745433118	0.0	0.0	0.0	0.0	0.015136226034308779	0.0	0.0	0.11080540270135067	0.0	0.0	0.0	0.0	0.0	0.0	0.0	0.0	0.0002797985450475658	0.0	0.00023771790808240888	0.0	0.0	0.0	0.0	k__Bacteria;p__Fusobacteria;c__Fusobacteriia;o__Fusobacteriales;f__Fusobacteriaceae
Victivallaceae	0.0	0.0	0.0	0.0	0.0	0.0	0.0	0.0	0.0	0.0	0.0	0.0	0.0	0.0	0.0	0.0	0.0	0.0	0.0	0.0	0.0	0.0	0.0	0.0	0.00015885623510722796	0.0	0.0	0.0	0.0	0.0	0.0	0.0	0.0	0.0	0.0	0.0	0.0	0.0	0.0	0.0	0.0	0.0	0.0	0.0	0.0	0.0	0.0	0.0	0.0	0.0	0.0	0.0	0.0	0.0	0.0	0.0	0.0	0.0	0.0	0.0	0.0	0.0	0.0	0.0	0.0	0.0	0.0	0.0	0.0	0.0	0.0	0.0036753749875831927	0.0	0.0	0.0	0.0	0.0	0.0	0.0	0.0	0.0	0.0	0.0	0.0	0.0	0.0	0.0	0.0	0.0	0.0	0.0	0.0	0.0	0.0	0.0	0.0	0.0	0.0	0.0	0.0	0.0	0.0	0.0	0.0	0.0	0.0	0.0	0.0	0.0	0.0	0.0	0.0	0.0	0.0	0.0	0.0	0.0	0.0	0.0	0.0	0.0	0.0	0.0	0.0	0.0	0.0	0.0	0.0	0.0	0.0	0.0	0.0	0.0	0.0	0.0	0.0	0.0	0.0	0.0	0.0	0.0	0.0	0.0	0.0	0.0	0.0	0.0	0.0	0.0	0.0	0.0	0.0	0.0	0.0	0.0	0.0	0.0	0.0	0.0	0.0	0.0	0.0	0.0	0.0	0.0	0.0	0.0	0.0	0.0	0.0	0.0	k__Bacteria;p__Lentisphaerae;c___Lentisphaeria_;o__Victivallales;f__Victivallaceae
Phyllobacteriaceae	0.0	0.0	0.0	0.0	0.0007362956963516548	0.00029398794649419373	0.0	0.0008651588184402422	0.0	0.0	0.0	0.0	0.00019551616266944735	0.0002088903743315508	0.0	0.0	0.00034614053305642093	0.0005069124423963134	0.00038047407069208235	0.00021941372652273125	0.0	0.0	0.0	0.0	0.00023828435266084195	0.0	0.0	0.0001605858170606372	0.0	0.000384677031575573	0.000207736092068636	0.0	0.00031696976900828084	0.00010182262498727217	0.0	0.0	0.0	0.0	0.0	0.0002423419930205506	0.0	0.0	0.0	0.0	0.0	0.00013693940431359124	0.0	0.0	0.00014607069821793748	0.00016761649346295676	0.0	0.0	0.0	0.0	0.0	0.0	0.0	0.0	0.0	0.0	0.0001606490220490783	0.004296518642770961	0.0	0.0	0.0	0.0	0.00012630249447426588	0.0	0.0002196547028071871	0.0	0.0	0.0	0.0	0.0	0.0	0.0	0.0	0.0	0.0	0.0	0.0	0.0	0.0002257718575379579	0.0	0.0	0.0	0.0	0.000178404174657687	0.0	0.0	0.00022449208665394546	0.0	0.0001961476599584167	0.0	6.427354822122955e-05	0.0	0.0	0.0	0.00015314873805439844	0.0	0.0	0.0	0.0	0.0	0.0	0.0	0.0	0.0	0.0	0.0	0.0	0.0	0.0	0.0	0.0	0.0	0.0	0.0	0.0	0.0	0.0	0.0	0.0	0.0	0.0	0.0	0.0	0.0	0.0	0.0	0.0	0.0	0.0	0.0	0.0	0.0	0.0	0.0	0.0	0.0	0.0	0.0	0.0	0.0	0.0	0.0	0.0	0.0	0.0	0.0	0.00039298345896895433	0.0	0.0	0.0	0.0007231529468482585	0.0	0.0	0.0	0.0	0.0	0.0	0.0	0.0	0.0	0.0	0.0	0.0	0.0002349072116513977	0.00019497928345113332	0.0	0.00027220142905750254	k__Bacteria;p__Proteobacteria;c__Alphaproteobacteria;o__Rhizobiales;f__Phyllobacteriaceae
Rhodobacteraceae	0.0	0.0	0.0	0.0	0.00040496263299341016	9.799598216473124e-05	0.0	0.00032958431178675896	0.0	0.0	0.0	0.0	0.00013034410844629823	0.00016711229946524063	0.0	0.0	0.00019230029614245606	0.0002304147465437788	7.609481413841647e-05	0.0	0.0	0.0	0.0	0.0	0.00011914217633042097	0.0	0.0	0.0	0.0	0.0	0.0001661888736549088	0.0	0.0	0.0	0.0	0.0	0.0	0.0	0.0	0.0	0.0	0.0	0.0	0.0	0.0	0.0	0.0	0.0	0.0	8.380824673147838e-05	0.00015985932379506036	0.0	0.0	0.0	0.0	0.0	0.0	0.0	0.0	0.0	0.0	0.0022659721609134516	0.0	0.0	0.0	0.0	0.0	0.0	0.0	0.0	0.0	0.0	0.0	0.0	0.0	0.0	0.0	0.0	0.0	0.0	7.44158356898348e-05	0.0	8.466444657673421e-05	0.0	0.0	0.0	0.0	0.0	0.0	0.0	0.0	0.0	0.0001961476599584167	0.0	0.0	0.0	0.0	0.0	0.0	0.0	0.0	0.0	0.0	0.0	0.0	0.0	0.0	0.0	0.0	0.0	0.0	0.0	0.0	0.0	0.0	0.0	0.0	0.0	0.0	0.0	0.0	0.0	0.0	0.0	0.0	0.0	0.0	0.0	0.0	0.0	0.0	0.0	0.0	0.0	0.0	0.0	0.0	0.0	0.0	0.0	0.0	0.0	0.00022002200220022002	0.0	0.0	0.0	0.0	0.0	0.0	0.0	0.0	0.0	0.0	0.0	0.0003615764734241292	0.0	0.0	0.0	0.0	0.0	0.0	0.0	0.0	0.0	0.0	0.0	0.0	0.0	0.0	0.0	0.0	k__Bacteria;p__Proteobacteria;c__Alphaproteobacteria;o__Rhodobacterales;f__Rhodobacteraceae
Sphingomonadaceae	0.0	0.0	0.0	0.0	0.0006994809115340721	0.0	0.0	0.0	0.0	0.0	0.0	0.0	0.0	0.0	0.0	0.0	0.0	0.0005529953917050691	0.0	0.0	0.0	0.0	0.0	0.0	0.0	0.0	0.0	0.0	0.0	0.0	0.0	0.0	0.0	0.0	0.0	0.0	0.0	0.0	0.0	0.0	0.0	0.0	0.0	0.0	0.0	0.0	0.0	0.0	0.0	0.0	0.0	0.0	0.0	0.0	0.0	0.0	0.0	0.0	0.0	0.0	0.0	0.0	0.0	0.0	0.0	0.0	0.0	0.0	0.0	0.0	0.0	0.0	0.0	0.0	0.0	0.0	0.0	0.0	0.0	0.0	0.0	0.0	0.0	0.0	0.0	0.0	0.0	0.0	0.0	0.0	0.0	0.0	0.0	0.0	0.0	0.0	0.0	0.0	0.0	0.0	0.0	0.0	0.0	0.0	0.0	0.0	0.0	0.0	0.0	0.0	0.0	0.0	0.0	0.0	0.0	0.0	0.0	0.0	0.0	0.0	0.0	0.0	0.0	0.0	0.0	0.0	0.0	0.0	0.0	0.0	0.0	0.0	0.0	0.0	0.0	0.0	0.0	0.0	0.0	0.0	0.0	0.0	0.0	0.0	0.0	0.0	0.0	0.0	0.0	0.0	0.0	0.0	0.0	0.0	0.0	0.0	0.0	0.0	0.0	0.0	0.0	0.0	0.0	0.0	0.0	0.0	0.0	0.0	0.0	0.0	0.0	k__Bacteria;p__Proteobacteria;c__Alphaproteobacteria;o__Sphingomonadales;f__Sphingomonadaceae
Comamonadaceae	0.0	0.0	0.0	0.0	0.0	0.0	0.0	0.0	0.0	0.0	0.0	0.0	0.0	0.0	0.0	0.0	0.000730741125341333	0.0012442396313364055	0.0	0.0	0.0	0.0	0.0	0.0	0.0	0.0	0.0	0.0	0.0	0.0	0.0	0.0	0.0	0.0	0.0	0.0	0.0	0.0	0.0	0.0	0.0	0.0	0.0	0.0	0.0	0.0	0.0	0.0	0.0	0.0	0.0	0.0	0.0	0.0	0.0	0.0	0.0	0.0	0.0	0.0	0.0	0.00035313851858391455	0.0	0.0	0.0	0.0	0.0	0.0	0.0	0.0	0.0	0.0	0.0	0.0	0.0	0.0	0.0	0.0	0.0	0.0003383092992768639	0.0	0.0	0.0	0.0	0.0	0.0	0.0	0.0	0.0	0.0	0.0	0.0	0.0	0.0	0.0	0.0	0.0	0.0	0.0	0.0	0.0	0.0	0.0	0.0005008514474606832	0.0	0.0	0.0	0.0	0.0	0.0	0.0	0.0	0.0	0.0	0.0	0.0	0.0	0.0	0.0	0.0	0.0	0.0	0.0	0.0	0.0001768033946251768	0.0	0.0	0.0	0.0	0.0	0.0	0.0	0.0	0.0	0.0	0.0	0.0	0.0	0.0	0.0	0.0	0.0	0.0	0.0	0.0	0.0	0.0	0.0	0.0	0.0	0.0	0.0	0.0	0.0	0.0	0.0	0.0	0.0	0.0	0.0	0.0	0.0	0.0	0.0	0.0	0.0	0.0	0.0	0.0	0.0	0.0	k__Bacteria;p__Proteobacteria;c__Betaproteobacteria;o__Burkholderiales;f__Comamonadaceae
Oxalobacteraceae	0.0	0.0	0.0	0.0	0.00022088870890549646	0.0	0.0	0.0	0.0	0.011767420396862021	0.007565766641216076	0.0	0.0	0.0	0.0	0.0	0.0	0.0008755760368663594	0.0	0.0	0.0005524861878453039	0.0	0.0	0.0	0.0	0.0	0.0	0.0	0.0	0.0	0.0	0.00020308692120227456	0.0	0.0	0.0	0.0	0.0	0.0	0.0	0.0	0.0	0.0	0.0	0.0	0.0	0.0	0.0	0.0	0.0	0.0	0.0	0.0	0.0	0.0	0.0	0.0	0.0	0.0	0.0	0.0	0.0	0.0	0.0	0.0	0.0	0.0	0.0	0.0	0.0	0.0	0.0	0.0	0.0	0.0	0.0	0.0	0.0	0.0	0.0	0.0	0.0	0.0	0.0	0.0	0.00021802325581395349	0.0	0.00012569130216189038	0.0	0.0	0.0	0.0	0.0	0.0	0.0	0.0	0.0	0.0	0.0	0.0	0.00024326954265325982	0.0	0.0	0.0012433321301086914	0.0	0.0	0.0	0.0	0.0	0.0	0.0	0.0	0.0	0.0	0.0	0.0	0.0	0.0	0.0	0.0	0.0	0.0	0.0	0.0	0.0	0.0	0.0	0.0	0.0	0.0	0.0	0.0	0.00023719165085388995	0.0	9.795758436596954e-05	0.0	0.0	0.0	0.0	0.0004143237644273454	0.0	0.0	0.0002824060999717594	0.0	0.0	0.0	0.0	0.0	0.0	0.0	0.0002477700693756194	0.0	0.0	0.0	0.0	0.0	0.0	0.0	0.0	0.00044281376518218624	0.0	0.0	0.0	0.0	0.0008682170542635659	0.0	0.0	0.0	0.0	0.0	0.0	0.0	k__Bacteria;p__Proteobacteria;c__Betaproteobacteria;o__Burkholderiales;f__Oxalobacteraceae
Desulfovibrionaceae	0.0004598123965422108	0.00042878582148216966	0.0	0.0004907493742945478	0.0005522217722637411	0.0	0.014316837846249611	0.0007003666625468628	0.0	0.0038071065989847717	0.0	0.0010650257381220045	0.0	0.0	0.00044710721631047124	0.0011836000378752012	0.0	0.009170506912442396	0.0	0.0	0.0	0.002780586450960566	0.0	0.0	0.0015488482922954726	0.0	0.0003042056430146779	0.0007708119218910585	0.0	0.0005770155473633596	0.05696123644521999	0.00020308692120227456	0.0	0.007874282999015715	0.0032627559875043387	0.0	0.0	0.0	0.0	0.0006300891818534315	0.0014793993638582735	0.000553063356480059	0.0042317320300393375	0.0	0.0	0.0006846970215679561	0.0	0.0	0.0	0.00041904123365739187	0.00043961314043641596	0.0	0.004146612365790448	0.0	0.0002778395198933096	0.0	0.0015993419850118809	0.0014113927623779145	0.016221873364730507	0.0	0.0004819470661472348	0.0	0.00017242865764290026	0.0	0.00980392156862745	0.0	0.002368171771392485	0.0	0.00013179282168431227	0.00035585077990629265	0.005335656340175314	0.010430118208006357	0.025483669648429373	0.0	0.0	0.00019029495718363463	0.0	0.0	0.007300978143866711	0.0012686598722882396	0.012613484149426998	0.0056585365853658535	0.003838121578145284	0.004016518640040731	0.0035247093023255812	0.0012883076322467305	0.004985754985754986	0.007760581597609384	0.0004386542088871343	0.01335113484646195	0.002544243648744715	0.0001000566987959844	0.00011768859597505002	0.0	0.010926503197609023	0.00025209024830889456	0.0	0.0	0.0	0.0006892637041842362	0.0	0.0	0.0005615048329523122	0.0015025543423820495	0.0003229378114043181	0.002360160490913382	0.0	0.0009258808050289947	0.0003799598328176736	0.004413447392796818	0.001125756367559454	0.005316530471595944	0.002364394993045897	0.0001552072016141549	0.0	0.009013785790031814	0.003510220937435474	0.0	0.0023943732229261237	0.0	0.00012198097096852891	0.0009863980895026478	0.0015175204635335235	0.0010900802695471212	0.00041254125412541255	0.0	0.00044255130829230516	0.0	0.0002486943546381497	0.0002606746259319118	0.00026079869600651996	0.0011859582542694497	0.0	0.0001469363765489543	0.0	0.009655674986336309	0.006203021236225644	0.0011499818423919622	0.0003551346552234389	0.0	0.008236151603498542	0.000494210674950579	0.0	0.0018231788620098506	0.0	0.0013114092605669323	0.00030344409042633893	0.0	0.0	0.0022794846382556988	0.0	0.000855386260358193	0.0	0.0	0.003294363424530955	0.0006878439219609805	0.0	0.001173409519922453	0.0	0.0	0.0	0.0	0.0	0.011162790697674419	0.010305913075918672	0.0	0.0017432646592709985	0.0010962336543731892	0.004338289056787716	0.0	0.0	k__Bacteria;p__Proteobacteria;c__Deltaproteobacteria;o__Desulfovibrionales;f__Desulfovibrionaceae
Helicobacteraceae	0.0	0.0	0.0	0.0	0.0	0.0	0.0	0.00016479215589337948	0.0	0.0	0.0	0.0	0.0	0.0	0.0	0.0	0.00015384023691396485	0.0	0.0	0.0	0.0	0.0	0.0	0.0	7.942811755361398e-05	0.0	0.0	0.0	0.0	0.0006411283859592883	0.0	0.0	0.00015848488450414042	0.0	0.0	0.0	0.0	0.0	0.0	0.0	0.0	0.0	0.0	0.0	0.0	0.0	0.0	0.0	0.0	0.0	0.0	0.0	0.0	0.0	0.0	0.0	0.0	0.0	0.0	0.0	0.0	0.0007357052470498219	0.0	0.0	0.0	0.0	0.0	0.0	0.0	0.0	0.0	0.0	0.0	0.0	0.0	0.0	0.0	0.0	0.0	0.0	0.0	0.0	0.0	0.0	0.0	0.0	0.0	0.0	0.0	0.0	0.0	0.0	0.0	0.0	0.0	0.0	0.0	0.0	0.0	0.0	0.0	0.0	0.0	0.0	0.0	0.0	0.0	0.0	0.0	0.0	0.0	0.0	0.0	0.0	0.0	0.0	0.0	0.0	0.0	0.0	0.0	0.0	0.0	0.0	0.0	0.0	0.0	0.0	0.0	0.0	0.0	0.0	0.0	0.0	0.0	0.0	0.0	0.0	0.0	0.0	0.0	0.0	0.0	0.0	0.0	0.0	0.0	0.0	0.0	0.0	0.0	0.0	0.0	0.0	0.0	0.0	0.0	0.0	0.0	0.0	0.0	0.0	0.0	0.0	0.0	0.0	0.0	0.0	0.0	0.0	0.0	k__Bacteria;p__Proteobacteria;c__Epsilonproteobacteria;o__Campylobacterales;f__Helicobacteraceae
Enterobacteriaceae	0.020691557844399484	0.5565639962838562	0.000521702838063439	0.1956617755312362	0.02499723889113868	0.1199960801607134	0.012293806411453471	0.024842417500926955	0.4025214379010733	0.24053991693585602	0.019782050392170472	0.1798710135494941	0.006126173096976017	0.22693850267379678	0.4309666458016632	0.007006912224221191	0.018576208607361255	0.41847926267281105	0.0009131377696609977	0.005836405125504651	0.18882277943051423	0.3509015840916751	0.06799687370695601	0.47144552575361975	0.08760921366163622	0.41139554087530966	0.0	0.20641700924974307	0.7644324288681547	0.674819682641449	0.028626033487058042	0.07920389926888709	0.41685486746701533	0.6453178562943352	0.0998958694897605	0.20411639460610362	0.008766071130405744	0.0	0.06021037359448676	0.014976735168670027	0.0007396996819291368	0.01075400970933448	0.013172010966742162	0.0004777504777504777	0.3804449648711944	0.28962684012324547	0.00233306009206129	0.000533301730267836	0.022458369851007888	0.0005028494803888703	0.11877547757972984	0.9654081024724457	0.0023694927804516846	0.004080021058173204	0.010835741275839075	0.0197761766058562	0.05780478888685798	0.014791396149720545	0.01868131868131868	0.008697474588703761	0.39391140206433994	0.0008239898766958006	0.2946374687473058	0.008948545861297539	0.009616286706069987	0.005251244907197827	0.025165772023997474	0.5017301038062284	0.06286517594341695	0.007117015598125853	0.04175967768280067	0.3068938114631966	0.00046806740170584563	0.5719847840680242	0.0009240924092409241	0.020313986679352997	0.009162303664921465	0.2477357485348961	0.023587775541723217	0.033196599991542265	0.050863223694002084	0.0005853658536585366	0.09561438166732517	0.3469762968829552	0.8219476744186046	0.06226820222525864	0.02832244008714597	0.06319967887248562	0.31815589770583846	0.5376824271442383	0.09885134882328732	0.005269652803255178	0.3416499941155702	0.1527364242166454	0.19606645884886076	0.5663207428259317	0.34771627025889285	0.24380840631940662	0.023860573388875275	0.0046626662341874795	0.026396626230020304	0.6775948850496532	0.0118718164681346	0.29960933587098065	0.0004152057575198376	0.11390134529147983	0.23270818995182382	0.0013644559232006237	0.0010855995223362101	0.006483953577071868	0.030348515408790282	0.2042433789504775	0.016272600834492352	0.7739872730094677	0.01392880831306655	0.004551078119476847	0.3967065868263473	0.8236074689583267	0.18805806355065596	0.20378404434803568	0.0	0.04459557678330391	0.5038167938931297	0.05341393320780894	0.00276991984912777	0.5576095862351496	0.00237871328207114	0.0	0.0106316836607809	0.006986079974975236	0.027318663406682965	0.2989563567362429	0.027630835601664013	0.003967282166821766	0.9637798856548857	0.035404141616566465	0.18747719477486682	0.036920469676794576	0.008168097070139095	0.8589438629876308	0.01763848396501458	0.009954815024004518	0.7032531824611032	0.03733434923399276	0.00745429558988881	0.06804196509633814	0.32991958731603704	0.20351422296030428	0.9055854083099977	0.0036669970267591673	0.011825229538065807	0.037048917401764234	0.14442482341069626	0.421499815293683	0.00827608372504118	0.004752376188094047	0.6274638633377135	0.0016325697668486301	0.010247975708502024	0.20162724524275297	0.8281843039627801	0.012958963282937365	0.00040674026728646135	0.01662015503875969	0.6404122365230367	0.0025366577986759885	0.009270998415213946	0.0012528384621407877	0.001803558371922983	0.12657632222849613	0.0865600544402858	k__Bacteria;p__Proteobacteria;c__Gammaproteobacteria;o__Enterobacteriales;f__Enterobacteriaceae
Halomonadaceae	0.0	0.0	0.0	0.0	0.0022457018738725474	0.001028957812729678	0.0	0.002224694104560623	0.0	0.0	0.0	0.0	0.00026068821689259646	0.0009608957219251337	0.000357685773048377	0.0	0.0016153224875966308	0.001935483870967742	0.0017501807251835788	0.000526592943654555	8.499787505312367e-05	0.0	0.00022987448852926302	0.0	0.0007148530579825258	0.00016515276630883568	0.0	0.0007708119218910585	9.890870726319607e-05	0.0008014104824491104	0.0009555860235157256	0.00020308692120227456	0.0009112880858988074	6.788174999151478e-05	0.0	0.00014194464158978	0.0	0.0004591970611388087	0.00014508523757707654	0.0010178363706863124	0.0	0.00012290296810667977	0.0	0.00020475020475020476	0.0	0.0	0.00031527839081909323	0.0	0.00029214139643587495	0.0002933288635601743	0.0006394372951802414	0.0	0.00014809329877823029	8.774238834781083e-05	0.0	0.00017885431038888036	0.0	0.0	0.00026164311878597594	0.0	0.0006827583437085826	0.02112945469527089	0.0	0.0	0.00028145229383619476	0.0004526935264825713	0.000473634354278497	0.0	0.0	0.00017792538995314633	0.0	0.0	0.0	8.950548221078541e-05	0.000132013201320132	0.0	0.0	0.0	0.0	0.00016915464963843194	0.0005209108498288436	0.0	0.0006773155726138737	0.0	0.00032703488372093023	0.00015615850087839157	0.00012569130216189038	0.0002676062619865305	8.773084177742686e-05	0.0	0.000710891607737494	0.0	0.0010984268957671334	0.0	0.00022495741877430342	8.403008276963153e-05	0.0004209640075773521	0.00020952939697439551	0.00012251899044351874	0.0	0.00020825740615400636	0.0	0.0002005374403401115	0.0	0.0	0.0	0.0	0.00014619170605720968	0.00016283992835043154	0.0	0.0	0.0	0.0	0.0	0.0	0.0002209261223047013	0.0	0.0	9.976555095525515e-05	0.0	0.0	0.0	0.0	0.0	0.0	0.0	0.0	0.0	0.0	0.0004170794014910589	0.0	0.0	0.0	0.0	0.0	0.00012145503127467055	0.0	0.0	0.0	0.0	0.0	0.0	0.0004714757190004715	0.0	0.0	0.0	0.0	0.0	0.0	0.0	0.0012504019149012183	0.0	0.0	0.00023088289619504988	0.0024506849865413203	0.00031265632816408203	0.0001407921907264877	0.00030610683128411815	0.0	0.0	0.00020405664612496428	0.0002215207398792712	0.0	0.0	0.0	0.0	0.0	0.0005481168271865946	0.0005361930294906167	0.0003764351590438547	0.0005444028581150051	k__Bacteria;p__Proteobacteria;c__Gammaproteobacteria;o__Oceanospirillales;f__Halomonadaceae
Pasteurellaceae	0.0	0.0	0.0	0.0	0.0	0.0	0.0	0.0	0.0	0.0	0.0	0.00017750428968700077	0.0	0.0	0.0	0.0	0.0	0.0	0.0	0.0	0.0	0.0	0.00018389959082341041	0.0	0.0	0.0	0.0	0.0	0.002538656819755366	0.0023401186087514026	0.0	0.0	0.0	0.0	0.0	0.0	0.0	0.00019679874048806088	0.0	0.0	0.0	0.0	0.0	0.0	0.0	0.0	0.0	0.0	0.0	0.0	0.0	0.0	0.008256201406886338	0.0	0.0	0.0	0.0	0.0	0.0	0.0	0.0007630828547331218	0.0	0.0	0.0	0.0	0.0019013128112267995	0.0	0.0	0.0	0.000948935413083447	0.0	0.0	0.0	0.0	0.005148514851485149	0.0	0.0	0.0	0.0	0.0	0.0	0.0	0.0	0.001923403292413871	0.0	0.0	0.0	0.0	0.0	0.0	0.0	0.0	0.0	0.0	0.0	0.0	0.0	0.0	0.0	0.0	0.00010412870307700318	0.0	0.0	0.0018030652108584593	0.0003229378114043181	0.0	0.0	0.0017055699040007797	0.01172447484123107	0.0	0.000187626061259909	0.0	0.0	0.0	0.02000884368781782	0.0009720749381406858	0.0	0.0	0.0001995311019105103	0.0	0.0	0.0	0.0	0.0	0.0	0.000665710774272839	0.0013829728384134536	0.0004573967590172504	0.0069012683412086545	0.0	0.0	0.0	0.0	0.0	0.0	0.0	0.0	0.0	0.0	0.000570884871550904	0.0	0.0	0.0	0.0	0.0	0.0	0.00015172204521316947	0.0	0.0	0.0	0.0	0.0	0.0	0.0	0.003294363424530955	0.012381190595297648	0.0	0.0	0.0	0.0003112217677396408	0.0	0.002713629063521072	0.0003486345148169669	0.0	0.0	0.0007424364288807771	0.0	0.0	0.008286619546673165	0.0	0.0	k__Bacteria;p__Proteobacteria;c__Gammaproteobacteria;o__Pasteurellales;f__Pasteurellaceae
Vibrionaceae	0.0	0.0	0.0	0.0	0.0	0.0	0.0	0.000617970584600173	0.0	0.0	0.0	0.0	0.0	0.0	0.0	0.0	0.0	0.0	0.0	0.0	0.000254993625159371	0.0	0.0	0.0	0.0	0.0	0.0	0.0	0.0	0.0006090719666613239	0.000207736092068636	0.0	0.0002773485478822457	0.0	0.0	0.0	0.0	0.0	0.0	0.0	0.0	0.0	0.0	0.0	0.0	0.0	0.0	0.0	0.0	0.0	0.0	0.0	0.0	0.0	0.0	0.0	0.0	0.0	0.0	0.0	0.0	0.00020599746917395015	0.0	0.0	0.0	0.0	0.0	0.0	0.0	0.0	0.0	0.0	0.0	0.0	0.0	0.0	0.0	0.0	0.0	0.0	0.0	0.0	0.0	0.0	0.0	0.0	0.0	0.0	0.0	0.0	0.0	0.0	0.0	0.0	0.0	0.0	0.0	0.0	0.0	0.0	0.0	0.0	0.0	0.0	0.0	0.0	0.0	0.0	0.0	0.0	0.0	0.0	0.0	0.0	0.0	0.0	0.0	0.0	0.0	0.0	0.0	0.0	0.0	0.0	0.0	0.0	0.0	0.0	0.0	0.0	0.0	0.0	0.0	0.0	0.0	0.0	0.0	0.0	0.0	0.0	0.0	0.0	0.0	0.0	0.0	0.0	0.0	0.0	0.0	0.0	0.0	0.0	0.0	0.0	0.0	0.0	0.0	0.0	0.0	0.0	0.0	0.0	0.0	0.0	0.0	0.0	0.0	0.0	0.0	0.0	0.0	k__Bacteria;p__Proteobacteria;c__Gammaproteobacteria;o__Vibrionales;f__Vibrionaceae
Xanthomonadaceae	0.0	0.0	0.0	0.0	0.0011780731141626476	0.0005879758929883875	0.0	0.0007415647015202076	0.0	0.0	0.0	0.0	0.00013034410844629823	0.0001253342245989305	0.00026826432978628275	0.0	0.0009615014807122803	0.0007373271889400922	0.000494616291899707	0.0003071792171318238	8.499787505312367e-05	0.0	0.0	0.0	0.0007148530579825258	8.257638315441784e-05	0.00015210282150733895	0.0003211716341212744	0.0	0.00022439493508575093	0.0006647554946196352	0.0	0.000396212211260351	0.0	0.0	0.0	0.0	0.0	0.0	0.0002908103916246607	0.0	0.0	0.0	0.0	0.0	0.0	0.0	0.0	0.0	0.0	0.00039964830948765085	0.0	0.0	0.0	0.0	0.0	0.0	0.0	0.00015698587127158556	0.0	0.0003212980440981566	0.010682440187163415	0.0	0.0	0.0	0.0	0.00015787811809283233	8.238589553468446e-05	0.0	0.0	0.0	0.0	0.0	0.0	0.0	0.0	0.0	0.0	0.0	0.00016915464963843194	0.0002232475070695044	0.0	0.00016932889315346842	0.0	0.0	0.0	0.0	0.00022300521832210873	0.0	0.00013811518806684775	0.00018707673887828787	0.0	0.00035306578792515005	0.0	9.641032233184433e-05	0.0	8.419280151547043e-05	0.0	0.00012251899044351874	0.0	0.0	0.0	0.0001203224642040669	0.0	0.0	0.0	0.0	0.0	0.0	0.0	0.0	0.0	0.0	0.0	0.0	0.0	0.0	0.0	0.0	0.0	0.0	0.0	0.0	0.00014864730948369834	0.0	0.0	0.0	0.0	0.0	0.0002606746259319118	6.519967400162999e-05	0.0	0.0	0.0	0.0	0.0	0.0	0.0	0.0	0.0	0.0	0.0	0.0002828854314002829	0.0	0.0	0.0	0.0	0.0	0.0	0.0	0.0005358865349576649	0.0	0.0	0.00023088289619504988	0.000883853601703427	0.0	0.0	0.0	0.0	0.0	0.0	0.0	0.0	0.0	0.0	0.0	0.0	0.00015660480776759846	0.0003412137460394833	0.0	0.0	k__Bacteria;p__Proteobacteria;c__Gammaproteobacteria;o__Xanthomonadales;f__Xanthomonadaceae
Dethiosulfovibrionaceae	0.0	0.0	0.0	0.0	0.0	0.0	0.008092125739184563	0.0	0.0	0.0	0.0	0.0	0.0	0.0	0.0	0.0	0.0	0.0	0.0	0.0	0.0	0.0018115942028985507	0.0	0.0	0.0007545671167593328	0.0	0.0	0.0	0.0	0.0	0.0	0.0	0.0	0.00013576349998302957	0.0	0.0	0.0	0.0	0.0	0.0	0.0	0.0	0.0	0.0	0.0	0.0	0.00018916703449145596	0.0	0.0	0.0	0.0	0.0	0.0	0.0	0.0	0.0	9.139097057210747e-05	0.0	0.00047095761381475666	0.0	0.0	0.0	0.0	0.0	0.0003283610094755606	0.0	0.0	0.0	0.0	0.0	0.0	0.0	0.005980861244019139	0.0	0.0	0.0	0.0	0.0	0.0018252445359666777	0.0	0.0	0.0	0.0	0.0009899869887424336	0.0	0.00027327737653718527	0.0	0.0	0.0	0.0	0.0	0.0	0.00035306578792515005	0.0	0.0	0.0	0.0	0.0	9.188924283263906e-05	0.0	0.0	0.0	0.0	0.0	0.0	0.0	0.0	0.0	0.0	0.0	0.0	0.0	0.0002086230876216968	0.0	0.0	0.0	0.0001548626884162709	0.0	0.0	0.0	0.0	0.0	0.0	0.0	0.0	0.0	0.0	0.0	0.0	0.0	0.0	0.0	0.0	0.0	0.0	0.0004858201250986822	0.0021893016127855214	0.0	0.0	0.0	0.0	0.0	0.00012572685840012572	0.0	0.0	0.0	0.0	0.0	0.0	0.0	0.0	0.0	0.0	0.0	0.0	0.0	0.0	0.0	0.0	0.0	0.0	0.0	0.0	0.0	0.0	0.0	0.0	0.00039151201941899614	0.0	0.0	0.0	k__Bacteria;p__Synergistetes;c__Synergistia;o__Synergistales;f__Dethiosulfovibrionaceae
Synergistaceae	0.0025749494206363803	0.0	0.0	0.0	0.0	0.0	0.005368814192343604	0.0	0.0	0.0	0.0	0.0	0.0	0.0	0.0	0.0	0.0	0.0007834101382488479	0.0	0.0	0.0	0.0	0.0	0.0	0.0	0.0	0.0	0.0	0.0	0.0	0.0	0.0	0.0	0.0	0.0006247830614370011	0.0	0.0	0.0	0.0	0.0	0.0	0.0	0.0	0.0	0.0	0.0	0.0	0.0	0.0	0.0	0.0	0.0	0.0	0.0	0.0	0.0	0.0003198683970023762	0.0	0.0	0.0	0.0	0.0	0.00025864298646435037	0.0	0.0018763486255746317	0.0	0.00025260498894853176	0.0	0.0	0.0	0.0	0.0	0.0	0.0	0.0	0.0	0.0	0.0	0.0	0.0	0.0	0.0	0.0	0.0	0.003197674418604651	0.0	0.0	0.0	0.0	0.0	0.0	0.0024013607711036253	0.0	0.0	0.0	0.0	0.0	0.0	0.0	0.0	0.0	0.0	0.0	0.0	0.0	0.0	0.0	0.0	0.0	0.0	0.0	0.0	0.0	0.0	0.0	0.0	0.0	0.0	0.0	0.0	0.0	0.0	0.0	0.0	0.0	0.0	0.0	0.0	0.0	0.0	0.0	0.0	0.0	0.0	0.0	0.0	0.0	0.0	0.0	0.0	0.0	0.0	0.0	0.0	0.0	0.0	0.0	0.0	0.0	0.0	0.0	0.0	0.0	0.0	0.0	0.0	0.0	0.0	0.0	0.0	0.0	0.0	0.0	0.0	0.0	0.0	0.0	0.0	0.0	0.0	0.0	k__Bacteria;p__Synergistetes;c__Synergistia;o__Synergistales;f__Synergistaceae
Rs_045	0.0	0.0	0.0	0.0	0.0	0.0	0.0	0.0	0.0	0.0	0.0	0.0	0.0	0.0	0.0	0.0	0.0	0.0	0.0	0.0	0.0	0.0	0.00032182428394096825	0.0007120816520294327	0.0013502779984114377	0.0	0.0	0.0008992805755395684	0.0	0.00016028209648982208	0.0	0.0	0.004833788977376283	0.0	0.0	0.0	0.0	0.0	0.0	0.0	0.0	0.0	0.0	0.0	0.0	0.0	0.0	0.0	0.0	0.0	0.0	0.0	0.0	0.0	0.0	0.0	0.0	0.0	0.0	0.0	0.0006024338326840436	0.0	0.0	0.0	0.0	0.0	0.0	0.0	0.0	0.0	0.0	0.0	0.0	0.0	0.0	0.0	0.0	0.0	0.0	0.0	0.0	0.0	0.0	0.0	0.0	0.0	0.0	0.0	0.0	0.0	0.0	0.0	0.0	0.0	0.0	0.0	0.0	0.00012571763818463731	0.0	0.0	0.0	0.0	0.0	0.0	0.0	0.0	0.0	0.0	0.0	0.0	0.0	0.0	0.0	0.0	0.0	0.0	0.0	0.0	0.0	0.0	0.0	0.0	0.0	0.0	0.0	0.0	0.0	0.0	0.0	0.0	0.0	0.0	0.0	0.0	0.0	0.0	0.0	0.0	0.0	0.0	0.0	0.0	0.0	0.0	0.0	0.0	0.00030344409042633893	0.0	0.0	0.0	0.0	0.0	0.0	0.00027705947543405987	0.0003214013097103371	0.0	0.0	0.0	0.0	0.0	0.0	0.0	0.0	0.0	9.326618168252192e-05	0.0	0.0	0.0	0.0	0.0	0.0	k__Bacteria;p__TM7;c__TM7_3;o__I025;f__Rs_045
Mycoplasmataceae	0.0	0.0	0.0	0.0	0.0	0.0	0.0	0.0	0.0	0.0	0.0	0.0	0.0	0.0	0.0	0.0	7.692011845698243e-05	0.0	0.0	0.0	0.0	0.0	0.0	0.0	0.0	0.0	0.0	0.0	0.0	0.00025645135438371534	0.0	0.0	0.0	0.0	0.0	0.0	0.0	0.0	0.0	0.0	0.0	0.0	0.0	0.0	0.0	0.0	0.0	0.0	0.0	0.0	0.0	0.0	0.0	0.0	0.0	0.0	0.0	0.0	0.00026164311878597594	0.0	0.0	0.00023542567905594303	0.0	0.0	0.0	0.0	0.0	0.0	0.0	0.0	0.0	0.0	0.0	0.0	0.0	0.0	0.0	0.0	0.0	0.0	0.0	0.0	0.0	0.0	0.0	0.0	0.0	0.0	0.0	0.0	0.0	0.0	0.0	0.0	0.0	0.0	0.0	0.0	0.0	0.0	0.0	0.0	0.0	0.0	0.0	0.0	0.0	0.0	0.0	0.0	0.0	0.0	0.0	0.0	0.0	0.0	0.0	0.0	0.0	0.0	0.0	0.0	0.0	0.0	0.0	0.0	0.0	0.0	0.0	0.0	0.0	0.0	0.0	0.0	0.0	0.0	0.0	0.0	0.0	0.0	0.0	0.0	0.0	0.0	0.0	0.0	0.0	0.0	0.0	0.0	0.0	0.0	0.0	0.0	0.0	0.0	0.0	0.0	0.0	0.0	0.0	0.0	0.0	0.0	0.0	0.0	0.0	0.0	0.0	0.0	0.0	k__Bacteria;p__Tenericutes;c__Mollicutes;o__Mycoplasmatales;f__Mycoplasmataceae
Verrucomicrobiaceae	0.0756851204708479	0.16515400557421567	0.0004695325542570952	0.0	0.00011044435445274823	0.00014699397324709687	0.0	0.001277139208173691	0.0	0.0016151361329026304	0.0009023391406954952	0.00023667238624933436	0.043991136600625654	0.03162600267379679	0.0004023964946794241	0.2533377521068081	0.00015384023691396485	0.0	0.0002663318494844576	0.0526592943654555	0.00042498937526561835	0.0	0.0	0.0010443864229765013	0.137450357426529	0.0016928158546655656	0.0	0.04795092497430627	0.00019781741452639214	9.616925789389325e-05	0.0006232082762059081	0.006417546709991877	0.0	0.001221871499847266	0.0	0.0	0.0006678911337451996	0.21857780110207295	0.0	0.0	0.09860196760115393	0.014625453204694893	0.15818333532006199	0.0012285012285012285	0.0006440281030444965	0.5609722697706265	0.05006620846207201	0.0	0.00032865907099035934	0.005028494803888703	0.0005195428023339461	0.0	0.0	0.00048258313591295957	0.030784618804178706	0.0	0.19205812465728386	0.0005081013944560493	0.0003663003663003663	0.0	0.000281135788585887	0.0022365439510314586	0.09953444262436417	0.0007714263673532361	0.3966600994464772	0.00022634676324128565	0.02421850331544048	0.00016477179106936892	0.17343935333655494	0.0	0.0	0.05577629879805304	0.39244851258581237	0.39248153949429404	0.00019801980198019803	0.0003330161750713606	0.14992860542598763	0.6954359793997513	0.0	0.0002960206368672559	0.0	0.0001951219512195122	0.0009030874301518316	0.3995021779713752	0.0360828488372093	0.026976381026742144	0.0	0.00044601043664421747	0.01627407114971268	0.0003222687721559781	0.00026190743442960305	0.007971183670746756	0.00011768859597505002	0.8136962994470438	0.6214930745251792	0.011848241670518046	0.020543043569774783	0.0	0.7400147022788532	0.0	0.008434424949237258	0.0	0.007379777804516103	0.0	0.0026757704373500646	9.440641963653528e-05	0.0011183757742601514	0.0	0.0	0.09916634882580505	0.000375252122519818	0.0	0.0	0.004780381809715971	0.0	0.0	0.0001548626884162709	0.0002527566269628132	0.0	0.00018076644974692697	0.0	0.0025957844460595993	0.0	0.0	0.014026402640264026	0.00035845964768537483	0.005421253526580738	0.0046393099843178255	0.0	0.23836087795214014	0.0	0.0	0.00010271686097272867	0.00024489396091492384	0.0	0.0	0.0	0.000242101440503571	0.0	0.0	0.00043731778425655976	0.0	0.0003771805752003772	5.442324961223435e-05	0.0	0.034701906587309594	0.005727507206797148	0.0	0.0	0.0	0.0	0.0	0.0	0.0	0.0	0.0	0.0	0.008826080302025406	0.0	0.0	8.162265844998571e-05	0.0	0.0	0.0	0.0	0.0	0.00023771790808240888	0.0004698144233027954	0.0	0.0	0.0	k__Bacteria;p__Verrucomicrobia;c__Verrucomicrobiae;o__Verrucomicrobiales;f__Verrucomicrobiaceae
unclassified	0.0996873275703513	0.005645679982848567	0.0019303005008347246	0.014673406291406978	0.007547030887604462	0.026458915184477436	0.05306567071272954	0.04399950562353232	0.0031801919472996764	0.004537763421012152	0.0019434996876518359	0.018401278030885745	0.059567257559958287	0.009400066844919786	0.03093981936868461	0.014771328472682511	0.03749855774777893	0.04723502304147465	0.7434082867252597	0.030717921713182376	0.004079898002549936	0.02649983147960903	0.032182428394096824	0.15969617849513412	0.10528196981731533	0.08220478943022295	0.036504677161761354	0.038444244604316544	0.007615970459266097	0.007565314954319603	0.01096846566122398	0.023558082859463852	0.02218788383057966	0.10311237823711095	0.00839986115931968	0.0028388928317956	0.006678911337451995	0.011611125688795592	0.028436706565107002	0.046917409848778596	0.0039204083142244245	0.0	0.02550959589939206	0.04415779415779416	0.0028688524590163933	0.0024649092776446425	0.015133362759316477	0.001066603460535672	0.01902570844288636	0.01194267515923567	0.01186955479178323	0.0038725052129877867	0.027915586819696407	0.016758796174431868	0.09891086908201822	0.00040880985231744085	0.01910071284957046	0.01569468751764241	0.04170591313448456	0.0013098606308288797	0.08671030965099	0.026691386362967542	0.03151133718424002	0.0020828511918537375	0.010460643587578571	0.06183793571751924	0.08114935269971582	0.0029246992914812985	0.008039362122743048	0.020105569064705533	0.03783960363695759	0.2477898082844939	0.013729977116704805	0.0	0.0037623762376237622	0.040675547098001905	0.03551880057115659	0.004972473805718345	0.0040248982075162636	0.16509493804710956	0.023775859502902216	0.013560975609756097	0.19958232206355478	0.006675340838377552	0.038699127906976744	0.01128245168846379	0.02597620244679068	0.021007091565942642	0.00320217572487608	0.01565305464757608	0.018707673887828787	0.09835573491645265	0.04534933898238594	0.011590812420246703	0.0062023974033486515	0.18541237763119198	0.04323300357819406	0.1866906927041864	0.056236216613575106	0.0010541680181641259	0.038892070599260684	0.0028907631614746294	0.0854289495848875	0.019232695582490234	0.005397674847757889	0.017512390842577295	0.031056434962147283	0.0346474343355587	0.02230907018400912	0.141993134637389	0.008771518363900745	0.034557448065373635	0.04721835883171071	0.003073102591960267	0.04945095438131034	0.04802933898904206	0.01481519719182325	0.0002843512053331648	0.03845961989325086	0.005844781875150639	0.019760917296901683	0.02087010694631918	0.009518991998528466	0.043850956297691014	0.013731730315888731	0.004096681687832855	0.041544504065940145	0.06573444851019342	0.02611290723700572	0.05124863145821386	0.0016951915240423798	0.01247628083491461	0.009758101792409223	0.010971249448988588	0.00012993762993762994	0.14234529665391388	0.03699919725607531	0.023604890449098172	0.03728913879846108	0.001665080875356803	0.03432944606413994	0.048997458345100255	0.08027659908848028	0.013442542654221883	0.04547536750926581	0.031272066982749924	0.005499924138977394	0.003803503508865913	0.0027245894195110877	0.11570862239841427	0.05587510271158587	0.009516172146484897	0.01141523713420787	0.007342076099002586	0.11048170021292837	0.1547648824412206	0.0005631687629059508	0.09463802867200653	0.006642206477732794	0.001689489596300907	0.0015100191813247356	0.019992246774104227	0.005636257989540964	0.026232558139534883	0.007927625443014364	0.0014230031553548227	0.04889064976228209	0.03727194424868843	0.11513526687789423	0.033126293995859216	0.0636951343994556	unclassified
