#Taxonomy	AD01	AD04	AD05	AD07	AD08	AD09	AD10	AD100	AD101	AD102	AD103	AD104	AD105	AD106	AD107	AD108	AD109	AD11	AD110	AD111	AD112	AD113	AD114	AD116	AD118	AD119	AD12	AD120	AD121	AD122	AD123	AD125	AD126	AD127	AD13	AD14	AD16	AD17	AD18	AD19	AD20	AD21	AD22	AD23	AD24	AD25	AD26	AD27	AD29	AD30	AD31	AD32	AD33	AD34	AD35	AD36	AD37	AD40	AD41	AD47	AD50	AD53	AD54	AD55	AD58	AD59	AD60	AD61	AD62	AD63	AD64	AD65	AD66	AD67	AD68	AD69	AD70	AD71	AD74	AD75	AD76	AD77	AD78	AD79	AD80	AD83	AD84	AD85	AD86	AD88	AD89	AD90	AD91	AD92	AD93	AD94	AD96	AD97	AD98	AD99	C01	C02	C03	C05	C07	C08	C09	C10	C11	C12	C13	C15	C16	C17	C18	C19	C20	C21	C22	C23	C24	C25	C26	C27	C28	C29	C30	C31	C32	C33	C34	C35	C36	C39	C40	C42	C43	C44	C46	C49	C50	C51	C52	C54	C55	C57	C58	C59	C60	C61	C62	C63	C64	C71	C72	C73	C74	C75	C76	C77	C78	C79	C80	C81	C82	C83	C84	C85	C86	C87	C88
Carbohydrate metabolism	26914.55642	68561.80969	40741.13715	61463.65092	64231.83712	59026.21518	30096.12601	63828.13559	76177.2716	90077.8143	51495.29471	49457.10049	53650.15875	74999.24894	108323.062	56001.96014	65874.42713	77449.5702	88012.3098	69619.91166	74829.09656	89628.07552	61299.11095	90426.55114	71773.63542	93138.88115	34255.93173	87870.92058	176762.0461	174759.8498	60132.23374	64022.52874	111020.2	116687.6052	42519.34102	42020.14867	28460.93178	34844.70544	39426.93885	56847.68005	34497.40452	36612.64395	41310.33593	32126.65967	59984.0065	45970.70456	36860.14063	36088.32028	70001.02229	60361.91439	66084.353	190332.2547	65848.92627	55487.85813	43352.46189	89915.02216	54703.94281	41882.03574	45033.71863	44885.79088	99843.67328	82714.12604	73366.04873	60888.52541	53807.48019	54135.99521	73919.80109	136971.8933	56607.91218	40017.14957	43938.93645	64038.26563	49820.70629	110427.8896	32900.16516	55216.33789	39628.85267	83244.43407	54502.70036	66740.32463	74243.69552	70014.76272	89988.83398	141610.2872	157505.2095	67806.50572	69111.80453	90087.85678	72785.14576	93590.70354	82259.45137	72317.20992	101474.2615	78922.32147	93481.9501	124488.7393	92762.55029	76010.32041	88453.63753	56707.12049	45461.57151	123560.0834	55756.22103	71327.46689	46339.8135	56657.56356	74193.64908	47714.13167	39997.65576	45754.15688	50832.17466	60027.85075	39870.39461	144048.6484	82674.92981	52948.56343	67333.73713	142962.2522	62865.06085	50638.2259	37395.14701	50486.01356	84775.66785	49104.59866	39147.33287	103871.8605	39080.89743	33676.54211	36035.88249	40302.05923	72710.20186	73654.21598	45038.15274	58886.46751	152904.9652	40764.056	50169.92007	42078.18384	43492.09542	119842.3059	35470.44089	32310.54875	138613.0869	84998.85295	71152.81023	50229.38867	101404.8951	70935.84367	169207.6026	44689.75165	57151.0338	44991.67292	44221.96392	99780.0399	60474.75267	42615.79438	90199.18198	45487.525	37855.85545	80199.15638	156535.1322	42868.07212	38687.224	36781.08958	87376.46225	37624.49622	30538.61913	30826.65635	51957.2665	55668.46681	40314.30981
Amino acid metabolism	28666.12454	54964.6976	47986.85709	58287.7732	67959.03816	58656.11427	32108.57805	66269.03367	60720.1548	80351.82547	44286.5236	47510.41275	46004.90209	72900.86531	89109.38686	56330.6504	66305.90393	69760.99366	50976.83616	64393.25313	74578.80801	76815.95758	59933.05037	76337.90137	71546.27284	85396.0776	35660.89966	87612.66047	144292.0512	141063.3952	62291.24012	64701.20613	92774.97925	96159.09703	40859.32416	39873.24009	30487.49271	39376.47205	40231.95393	58198.94651	36702.45485	39820.23385	44771.93772	36355.54397	55017.83939	43278.28039	41890.68295	41873.41981	75509.72074	63947.63546	66988.8668	141317.9922	69832.23768	57726.0295	46276.2394	105528.6481	57645.52698	45022.7931	48026.5376	40959.30315	87791.94397	90878.44367	67791.80547	67907.54874	55231.30251	57523.30219	81545.25487	107422.61	62029.3627	43308.85196	48228.0862	59452.52458	50403.21414	90476.9395	21590.40714	57113.97749	43808.51139	76543.71802	58368.43007	63036.82047	73675.65356	63594.83152	95299.32534	127420.8459	121415.3692	67339.25427	65858.33035	74771.56955	67970.10559	78742.34558	78894.25968	79080.18812	81006.00307	79267.42729	90996.6909	99129.19227	63360.05439	61984.45719	89709.00913	65492.27963	49489.69302	100725.3046	62617.82759	64532.24763	53917.79055	58966.53302	72891.8706	52746.9853	43576.92149	48002.65538	55112.92858	57621.56966	39054.3147	113587.1434	78904.43453	56949.31269	59452.85248	112992.9569	60076.17571	48490.82201	41373.07539	51492.23435	72183.84733	52532.66861	41953.5152	85623.8521	44676.83152	38211.9124	39918.46174	44722.19899	77510.93335	69792.30171	49205.12083	57921.9464	117009.2055	42745.5011	44129.59308	43513.0595	44959.09066	97573.57871	36884.08774	35491.46245	111657.3508	95318.79485	72218.58161	51983.65136	90313.3617	59878.41406	138288.96	48898.01476	65302.40466	48588.65958	42742.26464	81123.64998	64502.24434	40600.23662	73408.48163	49486.19585	40502.83424	74452.81616	124735.6664	47106.05209	43868.97517	40707.57164	72421.87891	30649.77892	32655.23085	32981.26276	53807.9913	56514.23985	41668.03781
Metabolism of cofactors and vitamins	22383.27138	52023.08118	37333.22652	50793.39679	44849.41041	49542.69911	24236.77221	48820.48975	58129.18123	83254.26345	47445.93888	40296.87887	45845.3469	62525.64971	80139.06931	54476.02554	47094.35238	70157.02597	55179.42775	64712.12554	65993.90232	82216.36855	56606.31703	77373.45782	63356.97587	76857.90197	28775.3038	80807.34449	133168.5011	130199.773	52598.06781	46632.01079	84307.88949	110262.9268	39042.01337	37073.88879	22408.5138	30986.0674	29318.70493	44764.54868	27052.11786	25738.10323	35027.24092	30862.63467	49428.80283	48891.14917	29787.5155	29380.08082	53988.74743	48270.37927	54352.21807	136795.6638	57137.70591	39742.80943	36683.72411	69132.08057	50335.15913	33815.94749	35716.9573	36810.60866	81885.80169	69773.39431	66206.72487	44346.56327	54850.34997	41729.9546	62831.10689	95282.53036	48925.13755	33527.65157	39489.41843	61482.44877	52579.74486	90628.23764	21246.21637	48935.52516	34912.63553	79908.08614	48282.67295	59494.28572	53444.73544	63194.82561	78349.82287	123861.6632	114361.9236	48901.80753	45489.85969	62016.71087	62635.17215	78824.9342	62698.50767	56975.80177	79431.71479	91584.08323	100680.9927	97766.08178	66599.11125	64962.711	99329.41837	42863.5324	42098.1445	108117.2356	51352.71392	62831.61732	46032.5217	51431.5008	63650.93269	45851.05926	37705.12091	44065.60896	46952.1942	54363.837	36678.11891	132636.879	69592.92018	49129.3509	58490.64354	133109.4735	50564.6273	39793.40236	31158.86639	44260.02302	74824.04923	42951.39417	32190.99967	76071.67026	37293.20779	32528.25121	34371.97372	42466.32606	53781.92073	64058.36911	43526.77282	53825.63548	140633.7313	39104.56175	41212.79609	34647.90534	38314.71917	93327.03777	31434.30135	29752.4457	128062.8656	78220.77931	60748.24913	41118.95897	76663.02963	63259.87804	127973.4668	40151.3138	55551.306	42651.20857	39746.15767	77275.85741	51204.67679	33937.10291	81157.55837	37947.91839	34885.43519	61357.28089	116316.6306	38264.59207	33179.68121	33698.23017	79075.19175	28597.75703	27984.64932	23725.03614	42417.65539	49232.35116	33691.59671
Metabolism of other amino acids	17378.93239	36490.50818	28207.97301	39721.14683	44394.12728	37594.02521	20790.40467	40837.04097	45815.08725	57437.68172	29210.06038	32372.45649	29399.28708	49320.0508	59067.33617	35474.98669	40487.38521	53340.96333	52449.15813	39228.99789	51658.05407	56192.9395	38845.29033	54374.24933	43834.65473	60597.78611	21589.89625	61308.65421	96890.82852	98489.70945	38979.44786	42241.36865	64649.62227	79821.86305	26040.01417	27859.84405	19110.74936	23973.60823	25065.09882	34851.56241	20797.82431	25845.87705	26385.1184	21594.47382	39625.77359	29723.79469	24996.65694	25372.3245	45490.17887	40646.39438	43594.47677	98908.99919	44300.84602	36631.39476	27990.63925	62945.93776	35532.67354	28540.11648	31083.11974	31747.64368	61618.91957	55887.52292	47757.44848	42202.42128	34931.55841	36609.31166	50154.7541	79485.77404	38404.2019	26317.4439	28926.19762	42341.34394	31018.02006	58915.19349	27436.87608	34835.01918	26843.15033	46511.09828	36345.87139	42194.01634	45784.11064	40057.0484	54253.04041	80801.60915	81827.23258	43563.71153	40855.50306	49186.51946	48103.47952	58534.63996	50637.67573	47617.76698	61479.51109	48630.20007	59780.36269	69754.90878	61169.70805	51416.84811	52259.01968	39966.63347	29660.13603	83351.89848	37693.6859	43490.20641	30964.42925	36505.55803	48464.82195	32705.42897	29302.73813	28947.59957	34390.28106	38610.55679	24339.50507	95933.29145	50310.57989	35176.89885	44844.84978	96792.44074	40265.00141	34082.0265	25051.29374	32728.81578	56485.47448	32877.61119	26794.6133	57635.63161	26960.45133	22231.41024	26134.23338	28540.41251	50097.81783	45197.73853	29446.57581	35192.35585	102423.4534	26710.21003	28529.01105	27454.62531	27725.79571	70611.81108	22517.69102	21540.83159	92572.7812	56970.81731	44763.44162	33651.92663	62422.27703	42770.40853	94796.9553	31530.53174	43897.61204	29251.61133	29364.91599	63307.88122	40408.78513	26661.61665	63291.98394	30053.43115	24803.90773	50562.21893	84192.2758	28248.16553	26870.88747	24667.26963	58928.66729	32338.50065	19629.91369	20417.84998	33416.95307	37605.56525	26534.79541
Global and overview maps	15526.92213	29781.36112	26086.91999	32179.83464	36972.1889	31723.44415	17625.94846	35139.55607	33740.73551	43980.6321	24285.53723	26115.67903	25168.58113	38300.44477	47745.12652	29881.79742	34846.3469	37891.02284	31181.7111	34625.30809	38593.28256	42348.65825	33132.75486	41478.09562	38723.79285	44825.8719	19616.70338	46994.52241	76276.17841	75379.1532	33981.38462	35342.24015	49600.17637	54269.40474	22952.2396	22081.28087	16547.63612	20069.48341	20648.58979	31661.58417	19095.17774	21354.12919	22965.03416	20711.37578	28907.44206	22956.78904	21473.81225	21633.11317	39174.24052	34418.6507	35945.03283	76733.85609	38754.82808	31624.38567	25685.94426	51228.42363	30909.11632	24397.01289	26224.14068	22797.31846	47352.59473	49938.873	37192.2987	34424.00866	29374.56565	31330.63225	42987.4983	58085.48502	31178.72523	23964.11907	26986.87342	32479.11064	26669.22736	48033.71121	14424.85669	31463.40398	22765.26042	39715.14825	30331.64847	34097.10527	39744.22921	34271.23829	52275.02113	66666.42029	65997.47592	36531.21413	35682.99758	41245.13785	36989.0124	42761.72321	42687.31603	40755.85758	45846.55161	40990.59573	47549.45501	53744.9277	36273.51146	34979.58699	46349.49585	32285.46931	27797.19644	55801.89042	34973.23993	36170.80607	30784.53841	32630.04335	39962.34531	29399.37125	24599.9121	26654.69915	30611.23621	32481.34799	21899.56365	63912.34066	42754.61132	31168.2033	32977.66301	63666.68255	32780.40843	25982.32998	23087.93143	28486.40015	39678.79004	29092.16896	23044.12387	46761.74979	25136.07628	21538.48314	22320.35886	24690.42819	41808.38751	38363.40974	27796.54372	31523.09171	65475.00805	23818.0198	24454.60355	23819.69676	24830.74634	50878.06857	20291.24444	19825.17735	62341.87082	53443.64563	39197.11533	28648.52312	48684.87141	32980.03404	72740.89906	27025.98575	35099.19595	27413.39938	23812.66461	43775.38839	35537.02399	22498.429	40476.29188	27274.7089	22594.44371	39054.71078	66897.96891	25408.10823	24212.219	22744.31589	39862.22738	18355.55808	18173.49237	18075.16724	29168.34321	31742.58215	22739.13848
Biosynthesis of other secondary metabolites	15421.70588	27482.56423	24381.42545	32819.53797	39061.23272	31069.37636	17939.06817	33448.81548	33166.95151	48300.4004	28266.03884	25669.67235	31517.86011	37689.0001	45863.13036	35219.5537	32411.37124	37750.78669	29639.90024	43664.2849	35213.45015	45384.12416	36878.31845	40583.92115	38442.60822	41378.89333	21030.34468	46095.62812	66282.21561	65303.47788	36065.58063	36300.77591	46081.37445	51385.14487	24150.29294	22517.00671	17542.16717	19632.18976	20117.18015	32998.25417	18751.12353	22524.43156	22692.98816	20528.83217	27102.35211	24290.35719	20430.3453	20743.47003	37882.99047	35771.9278	34485.32735	66855.06587	39160.71815	33904.73568	26530.13752	48687.05559	31384.21148	25441.50688	27145.20726	25082.22951	43305.382	49171.56098	36383.68986	34706.60923	33624.86632	32650.65147	41541.7807	63909.92076	30385.92954	23992.59906	25887.22986	32030.91839	32250.79012	44260.97005	12278.05951	32861.16568	23033.5768	40873.26906	32747.83284	39846.75663	39923.6138	40970.34419	46834.01578	64503.65922	54431.3235	37906.11914	36835.18779	44005.87888	35263.98649	41071.4617	45453.26726	40306.52315	44277.93908	45712.06656	50713.93876	51577.50518	36024.3132	36818.79378	54674.65024	30722.09078	27367.91148	52092.23172	34786.94638	36426.38605	29802.19743	32631.9107	37543.95564	29408.64748	23812.87893	28954.08503	31030.75467	32432.98989	25149.95726	60117.37619	44870.42253	32686.24248	33282.58021	58814.7092	31693.27719	26384.04156	23228.86187	29145.46103	38110.48326	29702.72814	23944.49458	40530.64701	24902.54308	21359.97655	21006.56566	24695.22854	44177.0018	34954.93362	29259.11411	33814.40667	59576.07275	24305.64958	25595.26088	24678.08383	26089.67061	44441.07442	21198.81245	19705.87791	59843.12904	51196.71077	39407.29653	29198.3071	46742.60909	38561.89415	63638.4319	27945.39879	33271.00242	27948.02334	25544.78066	39726.64505	34305.39808	23148.45795	38059.02907	27766.15416	24317.44645	37657.79974	56410.61118	25030.55239	23314.9749	22957.80663	36854.3304	19536.51683	19017.21637	18819.78638	28951.40482	31418.91724	22928.34752
Replication and repair	14007.80769	22175.41555	24947.50669	28388.4668	35126.14322	28319.33453	16692.4526	31358.75849	28132.15387	38117.7399	21186.47626	23282.70121	23248.25733	33467.70969	36957.51916	27875.83414	32125.08782	31980.48338	43609.69961	30868.77497	32930.73374	35939.78386	30479.5865	32736.6447	34324.54161	35296.55523	17342.72398	42168.78808	51436.51564	54589.60165	31621.17561	32540.76254	39668.87167	45282.37226	20186.08842	19509.81392	15483.78209	19265.8041	18893.73012	27275.62084	17111.61995	20733.82735	21291.24877	19218.28723	24809.14832	20088.8617	20215.30648	20464.38935	36251.10219	32014.50981	31379.95633	46595.81634	35151.66091	29694.33365	23548.88439	51030.76265	28195.85599	23158.32116	25014.0569	24691.00686	38550.01684	43434.14116	32117.20512	33489.89897	28251.92344	29466.38964	39176.22566	52167.48848	29726.76706	21983.81509	24585.9822	28328.19426	24933.7798	36585.8644	20753.52254	28369.16584	21270.49636	32461.58826	27912.71081	32622.98655	34730.92163	30025.13434	44062.63602	51934.83974	45177.44949	33390.2734	33509.88258	35699.66558	31042.85084	34843.46193	36760.64806	40380.52889	38354.40783	36887.04614	42403.69863	39711.5123	35962.98191	34873.49232	42665.11129	31014.07304	25312.6928	45879.31971	32323.79757	29682.37764	28394.2871	28958.17122	33211.98385	27341.39933	24160.7157	24097.27968	28661.18075	28356.69953	19631.18403	51652.71248	38437.51892	29418.90828	28283.92825	50883.04419	28521.99265	23449.77075	21357.80258	25961.03676	33002.35598	26843.51388	21779.5816	34031.10821	23584.64323	20139.29818	21402.7895	24046.07059	39353.00135	31210.10427	25804.21286	27003.35168	51487.09905	21843.19313	19938.81326	21917.79283	22460.4333	35758.38265	18414.81383	18543.9072	50202.54503	48652.16235	34437.33628	26500.39472	40057.69844	28164.74542	46303.86254	25919.37935	35053.6124	24856.7415	21797.01648	37802.9308	31807.55167	21224.05975	35256.04786	25620.50306	20834.79241	35533.92311	45982.85577	23372.47674	22196.21625	21116.36584	32663.08141	20300.2258	16695.73784	16670.61929	26491.75897	29219.06462	19946.48868
Glycan biosynthesis and metabolism	10828.2569	24833.43391	13350.85355	21877.65623	19465.76478	23252.81724	9392.394823	18646.57618	27446.3974	53983.73034	42915.41547	14975.10424	43866.41497	25777.90793	35875.81037	52914.87185	18305.0385	29939.97449	22623.43231	62908.35873	28113.68692	52294.0918	36123.40447	35618.12796	33241.57865	27077.70627	15437.55702	33954.92302	39526.98075	39193.33278	29510.05867	18924.02294	32982.55122	38095.8264	21736.62771	18257.62679	9522.887456	20780.40972	13319.88233	20515.13887	14626.48013	11646.31094	20878.29154	13512.46703	18315.1986	38511.99941	13823.50339	11205.28974	21810.9558	24405.69142	19659.07586	38308.60104	29766.76883	17071.09716	15573.9714	28531.64605	30917.72268	16515.07383	13961.46844	17365.38178	27794.09346	27734.72092	30923.56661	20625.57034	41108.47066	16763.27435	28171.03408	47732.43875	29179.35067	12805.71959	14065.61183	27489.92508	51558.1708	49735.09369	9968.417469	25954.79577	20856.21717	67151.34602	31726.50065	39124.42261	19844.09347	58535.94461	26309.84328	76363.93176	36044.07793	21710.32836	22875.1229	37300.42091	22284.85126	34363.83473	31796.27522	25949.30749	42169.96062	91819.586	85141.55165	41227.79666	26951.40086	29422.85495	109789.9791	17817.39122	15677.54257	36585.13359	19699.49677	30728.07159	17579.66098	19259.75778	21381.58942	20881.93239	14110.28102	28162.34553	19847.20071	19469.0477	27139.69221	44283.07063	53045.17085	20134.65618	21851.59353	43082.68158	17844.97426	17770.23608	11830.97144	25931.48204	27968.66247	16810.39355	16617.53091	24867.79249	15209.69867	12206.36513	12900.83946	29270.4106	24326.9929	21564.8435	15442.72104	49115.01161	44876.90569	21021.66698	25499.46332	18320.51737	23860.90255	30417.77863	18322.46771	13300.47026	46104.07922	27204.17841	36411.41813	17649.45412	25533.93458	51909.24066	38547.15896	20494.18082	26651.99634	17888.86044	14966.52611	28352.11479	18648.00014	12161.68247	26908.50682	17285.34604	17302.1305	19857.71667	32359.04918	17437.42957	11956.32482	12869.73349	26477.48321	11292.17972	14744.1956	9849.136459	17317.59591	18891.61549	12289.91708
Energy metabolism	11198.97394	23871.01242	17260.74563	24879.1947	26376.20798	23820.6064	12953.53095	25580.23822	27832.74073	34106.85285	18586.14357	20182.61278	19594.59106	28451.59932	37928.767	22062.62875	25183.62257	31303.16128	25746.01608	26836.44874	30406.17675	35026.641	25181.94256	34618.8069	28896.04303	34903.7367	14253.39743	35023.17994	63042.30511	61878.61805	26136.08363	25797.20489	40198.08132	47521.68177	17743.58132	17392.09344	11772.68546	12712.06845	13865.82325	22596.67745	13218.76435	14810.35133	15550.43807	14829.07242	22358.45879	17941.48935	13756.96587	13605.7616	26401.17916	23017.72535	26586.01081	66845.34546	27191.27411	24674.44026	19271.06497	31269.75036	21876.83468	17000.61659	20132.56537	17907.72412	38454.94856	35051.82407	29432.24435	22058.17271	21560.8757	22379.4091	28656.99903	50230.69593	20478.11926	17072.32024	19764.86016	25857.14176	19370.13745	38014.14986	12714.01206	23205.58285	14931.22839	29906.72014	19981.83425	25772.13694	31471.9852	26141.76698	40655.68545	50890.77105	53563.66177	29001.1477	27075.10128	32221.35247	28840.99316	35343.33655	33674.98974	27970.74228	37542.64923	30435.28842	36496.41168	44048.41152	32134.94341	29428.45388	33480.74874	19645.45045	20029.77106	48386.11322	25277.60946	28456.09949	21760.66514	24947.16378	30786.89287	21496.64029	18359.37651	19541.97569	22530.70848	25792.65272	16355.612	57528.68389	31044.26307	24280.58205	28162.48884	57091.83083	25734.19051	19408.10103	16380.38305	21248.0269	34091.11756	22047.63555	17593.03739	36401.67209	18298.01328	15724.86797	15747.1475	18011.17203	29404.42267	29591.44552	21641.75227	23931.77792	59692.72942	17937.26513	19111.2918	17881.698	18007.97299	43078.27214	14874.41087	14395.4045	56174.93488	38672.79053	28808.22796	21799.81355	39946.55209	26364.21815	58746.88709	19846.14061	25858.47198	20659.06216	19992.39379	36619.51627	27066.89804	17249.1485	36178.43284	19773.93198	17046.39441	30738.08233	54716.98981	17838.04199	16346.78373	16929.03975	34030.72129	12805.38505	13355.34642	13686.5143	20598.88515	24219.21547	17013.89365
Lipid metabolism	10176.71409	24557.04789	16945.03272	23352.27165	26648.22056	22312.46402	12239.34223	23076.26253	24380.32919	34328.53463	19899.00591	18669.02123	21606.16567	25235.40704	40386.46172	22957.98617	23732.32081	27154.9581	34535.87539	26617.31265	26658.68893	33428.32857	24739.45514	32474.00528	26033.82393	35703.52107	13668.57047	32577.30547	67433.26572	67449.41118	22721.96345	25027.39192	40247.56914	39960.12548	17251.92572	15656.94302	11709.69513	11852.24114	13889.91278	20941.65898	12007.27473	14761.58599	14615.11335	14318.84357	20454.48446	15915.77285	12785.88581	13596.52009	24325.25027	22657.16843	23896.01496	59760.85143	25500.88558	21564.17002	17478.79678	28532.31241	20466.69861	16401.47592	17808.87848	17192.08241	37367.21638	32796.77099	25992.71707	21515.95111	20264.31286	22096.54223	26168.32695	40854.97717	18781.19357	16340.3988	18537.95291	22717.36368	19609.50136	36267.66383	19062.35064	22900.73128	14018.84158	29671.16227	20936.18348	25296.46662	27011.41417	26807.46917	31481.507	54578.4808	56254.05979	24902.19649	25726.07119	32505.96753	25501.63972	32040.66926	30356.55069	24329.39144	31998.56588	27925.80884	33489.44126	46463.31807	32269.40228	29050.16386	33978.90696	18969.79308	19407.96843	42787.60824	23105.56537	28268.19169	20905.4333	23486.28772	30870.95422	19941.85063	17696.18089	19560.89431	21231.21137	22881.76993	16720.5183	49438.40111	31220.47975	21440.87893	24912.79026	48157.3819	24383.31066	18950.9993	16078.60354	20939.00743	28896.58289	20800.56845	15737.21814	38739.36325	17041.47354	14864.21582	15302.10407	16277.32545	29614.06946	29544.3706	20267.22153	23985.33208	50848.99357	17377.71498	18764.61549	16835.26353	17450.1483	41479.88764	14356.6744	13774.14353	46184.19901	36194.47293	28520.95681	19962.84454	38046.15854	27982.89427	65854.16432	19193.89829	21504.04804	19988.26568	18032.5941	41197.39751	23305.48252	14982.34473	32388.19464	18911.04205	16195.82919	31429.28929	61165.59036	16286.41024	15302.91736	15582.82817	29590.74694	21666.86508	12607.3572	12417.29618	19392.3144	22726.16997	16305.64721
Xenobiotics biodegradation and metabolism	5406.334638	29827.89223	8012.226645	17924.01096	17061.63678	17398.58723	6866.606091	13665.53994	21816.35972	24649.62083	8940.405075	14177.71933	8651.474072	20486.35224	45591.41672	10985.4113	11540.22658	24661.07469	17910.02842	11890.03256	25278.88476	25710.35639	12797.5105	32837.11309	19553.03794	34280.01317	6991.710178	25438.01541	91243.98715	89590.48572	13398.79183	17585.92961	42079.51695	40274.58365	9936.218634	10721.74187	6512.517604	7685.148804	9742.86905	12631.54018	6262.523809	9071.040764	8596.426879	6166.753591	19651.27839	12705.09183	7780.408269	6113.721838	15289.48772	13157.26971	16068.27719	85695.49853	14484.88575	12278.01866	8546.167495	20026.34285	12069.70763	9152.671472	10372.25002	8950.908517	40801.65447	20869.94067	20045.28046	13965.47185	10426.3041	12834.52915	17996.11824	43978.00285	12860.26902	8702.097819	10366.94707	17824.7193	9223.042507	50583.64223	8374.426754	11159.0526	8910.468881	29433.81479	12891.90298	12951.52748	18718.30925	12701.65348	24715.978	60950.38931	78842.57467	15761.1702	14920.26859	21355.84763	21990.44172	34156.99156	22717.61018	14968.12003	24537.40047	18428.32281	25177.72599	52366.4279	26750.04669	19650.0645	17849.22785	12599.70781	10203.83049	45600.04195	11420.89917	24443.40085	8507.669843	13146.78485	23857.06281	9067.930875	8472.610958	8754.754349	10853.16421	15307.28918	7065.684338	52506.80283	16794.92286	10821.73216	21805.80064	53145.70737	18316.72111	15198.58665	8028.00277	11774.85844	28441.20748	10997.94468	8120.901625	46021.44163	7611.443392	6109.02022	7964.884157	7846.269413	18570.37275	28184.98787	9179.935945	10613.14232	60907.20587	8779.657425	14753.59654	10116.90224	8169.407434	54649.45589	7100.518085	6723.076597	48940.61237	20084.84418	14926.67345	12923.84946	41026.84794	17152.74103	97722.75862	9351.989676	12173.53618	10363.66019	11233.03199	47499.17858	12968.92016	7761.69093	32247.03301	9387.256867	7753.195927	23072.03433	88183.05571	8132.285441	8901.508332	7949.570523	31342.55019	11397.98171	5812.373068	6457.762284	10986.06075	13699.14847	10097.07325
Folding, sorting and degradation	7980.250209	13305.55714	13084.54866	17075.81612	18947.97894	16052.33481	9079.535693	16567.21765	17923.58428	21711.21607	11826.8728	13963.05919	12029.44224	18829.86656	22424.16329	14854.06021	17115.42107	20807.15863	19001.84785	17087.233	19136.43165	22856.52172	16917.69886	21791.48342	19293.39294	22434.98685	9366.236461	23884.90949	36350.28817	35819.40072	16836.22676	18211.25199	25029.86823	33021.12297	11919.01181	11875.07433	8229.643469	8976.096388	8563.044114	14877.85717	8761.592276	10639.66185	10476.62053	11178.34536	14888.36239	12497.57967	9197.191011	8737.285419	17458.53266	15095.87952	17837.03635	35603.31731	19086.31847	16201.04928	13525.09079	20415.33365	15152.84423	12017.37479	13969.64139	11165.49513	23503.58319	24525.45643	20237.64944	14967.86209	15714.78555	15672.75195	18668.44051	30820.48873	14143.71034	12314.08308	14322.88608	18227.40376	12984.76541	21941.95174	9150.062066	15857.49458	9836.556806	18970.1407	12451.55528	15551.5406	19844.57785	16278.09121	27301.83673	31776.78156	28181.83633	19153.49119	17245.68411	18548.0979	19390.74543	22672.68855	20863.47177	18003.79924	24067.82214	21660.6647	25397.69436	25375.64106	22080.96075	18550.23294	22686.44228	13401.11401	15134.00219	33067.79409	18782.73276	18838.21184	16874.02424	18064.45509	20991.32286	15495.8042	13535.92399	13766.23231	16366.94178	18270.81715	11356.22016	39242.09966	19866.7715	16926.99719	19052.60274	39179.60613	17126.28057	12410.72798	12067.25066	14468.58677	22470.90242	15895.02643	11765.69444	20669.75978	13461.91453	11998.50345	12170.80998	13241.84872	20663.04793	19860.49403	16188.27869	16000.92691	40266.69668	12482.24034	11691.11216	12051.75646	12537.62295	25985.01138	10193.82255	10466.16819	37448.92995	28345.69205	18660.75987	15093.20117	24490.98445	16201.55575	33845.08489	14055.65799	17626.75282	15123.0084	13986.88678	23387.95216	18236.66655	12116.17333	24508.71425	14224.96521	12225.92196	20080.46927	31065.31482	11907.64181	11826.1295	12040.82604	22988.56587	8849.223912	9321.191886	9252.0727	13315.61427	17510.73104	11745.33391
Translation	8655.996028	10729.84607	14563.43388	16041.65656	21462.76863	16204.63331	10127.98612	19491.15459	14299.18215	20188.63754	11090.41051	13445.63204	11777.44216	19112.70094	18299.33644	16280.23163	20928.04371	17410.09395	21304.55743	17930.79399	18640.75679	18631.12325	16873.25625	16997.87955	20030.0559	19603.96073	10187.71564	24516.7016	25301.28542	26104.41639	18683.7469	19559.23639	20368.04138	23662.74519	11139.3837	11076.41287	9495.800375	11832.74273	11073.97088	16554.60437	10881.81342	12800.96958	13147.64773	11154.56297	13657.85003	11481.54077	12437.91005	13122.65508	21733.04775	18837.58047	20110.22128	23149.71162	21058.29164	17848.45146	14021.56454	30360.19951	17034.65284	13897.49056	14966.77163	14667.98753	20214.00751	26751.11363	18556.37866	20348.99332	16926.20137	17541.63507	25599.10986	21870.38293	17754.45817	13261.02148	14230.42571	15984.27735	14832.22205	17530.09423	12091.90584	16382.58106	13067.00798	17811.30747	16425.54946	18246.05051	21354.7654	15990.50987	32235.54473	28470.38541	20834.4006	20485.91026	19044.95021	18598.13326	18246.75847	17742.40469	21250.49972	23564.3165	20277.70417	21870.52583	24483.41194	19286.68575	19270.87606	18761.35448	25189.14013	19185.71355	14917.08085	23829.07461	19386.68119	15466.756	16432.92153	16600.58749	18242.23495	15788.95868	14192.10401	14327.91122	16598.76385	15987.97569	10989.08406	26058.86358	21186.31522	17769.37345	15404.48316	25640.55553	16073.67328	13142.99599	12767.33148	14974.93307	17573.03938	15808.38566	13124.155	16974.8742	13839.3199	11841.01682	12440.86604	14951.09136	24134.66803	16526.18162	15090.57454	15745.04573	25103.3782	12758.54393	10991.33986	12896.37091	13026.33345	17346.85898	10739.48655	11029.12846	25807.24327	27996.20608	19031.72279	15541.47693	21289.69709	14619.63643	22128.00974	15709.90709	22014.85207	14350.65906	12585.43156	18201.49774	19891.57679	12631.55386	17533.51653	15434.74717	12210.20508	18571.02184	20624.93198	13914.99229	13380.14993	12447.94185	17275.85613	12774.65174	9784.902486	10079.28913	16128.27618	16583.31468	11827.4217
Metabolism of terpenoids and polyketides	6186.581465	14826.19552	9565.204529	14976.26047	17178.32639	13654.2849	7323.331668	14759.29902	16705.39006	20273.78089	10577.23136	11983.28598	11072.18608	17060.71686	24625.59523	13233.95685	15234.53099	18575.07101	13862.50514	14577.97034	16421.57036	20390.21139	13646.28425	20727.72135	16570.38794	22794.56824	7732.38047	20820.806	40969.00682	40437.66659	14658.39647	16438.93429	25280.69955	28311.48855	9210.320766	10002.97617	6845.846617	7855.775493	8615.987807	12363.79097	7930.400577	9681.471326	9454.82243	7852.713613	14032.7025	10825.82143	8449.216361	9178.846878	15440.36419	12283.29277	15377.31122	42595.12021	14996.33713	14128.10895	10217.99455	20904.84305	12760.51367	9826.260568	11379.0043	10782.66481	24434.6719	19830.3855	17360.11046	14187.12544	12336.84736	13275.3965	15909.2302	28676.46442	13145.61335	9324.203185	10614.35123	14931.38016	10931.33271	25855.59906	5699.356523	12697.07365	8821.874629	19473.10096	11597.5913	14253.47748	17926.37499	14824.69498	19719.44978	31714.01107	32272.54386	16205.02228	16368.6639	18172.99252	17504.95527	21425.74431	19376.41224	17258.87083	21812.88042	18521.83165	21854.3367	27871.6856	19415.18703	16503.51863	19614.76483	12174.41209	10504.45392	30166.25824	13504.7532	16191.49879	11236.73858	13679.98284	18574.26864	11336.37089	9307.61619	10347.66442	11491.84404	13897.1589	8637.858065	34736.6632	16424.50218	12499.42324	16537.46387	34557.35719	14930.06319	11031.27937	9239.981083	11636.6291	20015.03486	12134.35516	9735.786114	21476.7154	9571.691971	7946.265221	8017.604976	9654.016502	18538.01828	17705.16786	10860.7834	12719.14965	37111.22073	9495.664768	11124.72549	10220.16434	9699.64584	27965.30743	7935.884369	7699.102462	32832.96689	20778.83242	15419.49221	12583.15659	24673.28281	14900.87467	38342.5769	11288.25722	13885.02695	10738.01886	10539.06448	22693.75371	14332.18562	9135.171263	22014.25778	11006.29137	9071.474643	19729.64134	35168.85641	10012.10373	8935.848262	9065.470465	20777.78147	7556.636665	7170.088412	7707.48819	11263.07765	13745.36189	9874.967598
Drug resistance: antimicrobial	5753.088294	12880.36475	7859.97619	14240.49272	16787.30688	12737.60979	7292.906415	11928.45172	16502.14352	18692.43221	9351.621693	11254.76389	9703.165344	15248.48677	20630.62302	12848.23016	11300.91997	18440.30952	18607.19015	13002.6131	14407.71197	19786.45966	12982.20007	18963.35351	14911.69081	20006.83399	6951.18254	19395.26455	32697.79762	32035.92989	13679.49074	15812.81647	21472.46263	29222.59392	8910.770833	9829.198413	6521.950728	6806.799603	6623.441138	12004.01157	6334.266865	9318.144841	7590.231812	7424.997024	12649.92857	11672.87004	6334.118717	5749.274471	12216.64947	10382.00033	13095.37302	33362.75	13863.4246	13208.16601	9360.181217	13081.22751	12213.59425	9286.43287	10580.89319	7974.76918	19978.27149	17033.09061	17280.84028	11032.80357	11548.45767	12467.73214	13636.99669	28677.55159	10573.17196	9006.941138	10030.09491	14915.792	11100.4084	21111.65179	6653.555886	11939.417	7820.216601	18015.21164	9490.554233	12158.97024	15458.49372	12925.4752	16520.1789	28644.41733	27816.61938	15523.97222	15212.05456	17356.01885	16302.25099	20670.27249	17510.91567	13088.64319	22508.75331	20479.31911	23469.88525	23248.48148	20157.91534	15791.43882	21075.33003	7951.545966	10283.8578	30873.00959	13030.83466	14550.167	10653.47917	12669.61078	16090.74306	10493.54861	8972.688823	9832.070106	10876.58069	13420.90906	8163.875331	35517.09028	15599.21991	11350.60747	16416.05952	35869.23677	13736.45073	10098.06283	9023.255952	11331.84722	19736.60152	11332.00628	8840.125661	18829.40344	9069.13922	7539.60582	8164.00496	9808.054563	17578.19246	15021.72421	10403.74239	11756.43651	37914.64881	8780.803902	9675.314153	9491.781746	9023.661706	24913.01257	7448.609788	7512.174272	34134.31448	18907.37269	13902.54663	11717.62136	21315.74173	13964.14484	32173.50265	10766.05324	12106.69511	9999.811839	10215.2381	19399.9838	13100.27877	8238.087632	22313.66071	10848.55886	8548.957011	16162.02348	27569.08962	8076.613426	7835.934854	8343.890212	20586.7543	7243.815146	6602.247024	7063.981481	9706.148479	13123.88459	8833.484788
Membrane transport	4851.552742	16761.83653	5788.174898	12345.19386	12749.52529	11161.00446	5517.421386	11941.55962	18584.03272	14936.62965	6375.659607	10458.16912	6454.352693	13765.35968	25493.92213	7100.375081	13750.21045	17228.03179	26460.46732	7437.895175	16460.56208	16494.56684	8657.67775	20075.72097	12757.03458	23345.24061	5246.829888	16820.48789	47773.79036	46081.2644	9146.925562	13139.17255	27714.07716	28266.64384	6917.66224	8037.124692	4890.003223	4982.255417	6480.060652	9582.029414	5781.425811	6859.420754	5798.352986	4999.562856	12656.00589	8744.323032	5043.001548	5186.892842	10747.35581	9260.542093	13585.57543	53203.20643	10080.7327	10523.05529	7267.231171	11341.27016	9236.872987	6767.994407	8440.70672	7107.534475	24291.91327	13940.7794	15456.42222	9237.020129	8846.430661	9606.72436	11832.95021	26352.19724	8263.909736	6956.470863	7670.379468	12244.35663	5768.048523	27847.49439	7324.744498	8515.297723	6270.667814	17055.97096	6992.050052	8191.237726	15829.22224	7970.820767	14372.59849	31912.43088	40622.15026	14007.25299	13211.81137	16162.67688	16220.22579	21707.85603	15894.50682	10664.53587	24716.16561	12643.96898	16761.92727	29210.412	25771.47829	13979.75569	11003.60377	7741.978858	7715.918469	31102.44746	8643.348489	14109.34805	7100.858981	10691.37308	16820.64871	6801.799042	6870.399695	6019.371923	8243.588726	11861.23967	4974.893541	36671.12042	11789.38032	8317.647205	15341.31183	36657.08141	13696.69983	10029.38033	6390.704118	8073.66062	19857.66489	8780.534246	6542.623302	24912.72641	6194.496784	5086.061411	6343.967674	6279.45528	13468.52996	16829.62649	7139.143316	7726.430255	40534.99927	6214.97808	9040.551882	7208.300212	6489.113854	33740.89991	5288.037878	4937.976221	34230.36725	14955.82952	10874.31347	9552.467151	24585.11459	10993.46917	43458.57249	7032.579176	9426.180018	7267.455327	8335.115954	24964.78228	10552.63387	8174.108746	22539.26677	7503.799341	5756.407209	19736.48809	42278.65325	6316.040277	6238.935141	5817.983064	21474.46194	6568.015066	4351.563764	5356.132998	8993.440719	10736.50692	7872.50812
Cellular community - prokaryotes	3432.185742	11602.85421	4529.478559	9534.094568	7841.684799	8861.925269	3927.02296	7428.986582	12699.43812	13209.98212	5034.450336	7957.747437	5249.187983	11450.47982	17935.82815	5557.847507	6667.754461	14760.40309	6673.238964	6659.350765	11230.14894	14900.78794	7708.543479	16369.95694	9948.400344	20350.11489	3915.337405	14097.7496	36440.19977	33284.74942	7117.645659	8620.174573	21510.65039	25186.10599	5708.949622	6501.381549	3624.469284	3642.245924	4575.058739	6711.837529	3464.707275	4229.478442	4366.147376	3797.558182	11053.00839	7263.487859	3969.810017	4100.388415	8192.440588	7180.975228	9031.682102	37388.25614	7616.625613	6363.998246	5789.705517	9742.948434	6848.609822	5210.243085	5716.264969	4099.365108	18586.90326	10313.93457	12413.31942	6459.485169	5995.306602	6675.935779	8905.642568	20644.08748	6597.295529	5136.023057	6073.362729	11749.34965	4753.991774	19185.64685	3279.057796	6731.665369	4501.862375	11841.7215	6263.006599	7539.843066	8816.811001	6867.346819	11898.09812	22986.76129	29460.75546	8432.236318	8779.417694	10852.56808	12593.44659	18037.44088	10811.06471	8197.169958	16839.26853	10264.69608	13363.61647	22292.41634	14710.25102	11781.53044	8682.607534	5730.12269	6383.835423	27066.65135	7886.924406	11593.55057	5737.029364	10403.10616	13837.75499	5860.71949	5021.3811	5198.638645	7202.693206	10227.30099	4375.175621	33352.54162	8946.607414	7771.186336	13387.47958	32660.28847	10509.81544	7888.430565	4585.51676	6427.99117	16255.57896	7551.432422	4547.121249	18525.58942	4823.11223	4820.246834	4622.500411	4858.856384	9122.241287	13240.58829	7336.469839	6018.929091	36191.06234	5277.013331	6890.629963	5306.808273	4905.832638	29390.80032	4326.232664	4168.484638	29133.02791	11254.54111	8593.795049	6961.772596	17572.68688	9739.440302	33437.43386	5377.775847	6226.955609	6478.857491	7958.739877	17512.39105	7204.871276	5327.132963	19068.61187	5721.737066	5108.967094	14566.90865	30784.84415	5008.224768	4619.863053	4931.771505	18712.86068	3769.250805	3779.703517	3740.272799	5888.44938	8379.721622	6474.543827
Cell growth and death	4485.753636	6640.358732	8903.681524	8964.148724	10117.1157	9477.54697	5200.349237	10751.64272	8434.502633	13876.67293	8489.432564	7103.457216	8747.615993	11764.33187	11492.98037	9610.70162	11222.77788	10229.80602	11136.30298	12123.17488	10723.04099	12704.77076	10912.46174	10746.29693	10943.43243	11763.28289	6224.918786	14214.2001	15433.46966	16393.84475	11335.98597	9481.145591	12557.47605	13744.03345	7221.451404	6540.392776	5006.624233	6499.811477	6817.032959	9465.590925	6031.236252	6154.483437	7462.467354	6599.685543	8316.473292	5833.380604	7263.462261	7798.951841	12880.54184	10768.11614	10623.36736	14162.19053	11589.21349	9718.408838	7678.490909	19265.69568	9293.070342	7456.106465	8164.349985	9266.100102	12491.70765	13880.71522	10087.43839	11555.61292	9002.251189	9492.492707	13227.36563	16561.95016	10549.34473	7052.432268	8113.72382	8975.209229	8751.839468	10016.75523	5362.45342	9925.559137	7386.220087	9045.262697	10969.94717	12438.69318	11325.84064	11623.04617	12170.03547	15332.46197	13156.21775	10865.54173	11393.12846	11865.72043	10044.14263	10635.55528	12894.29287	13564.61009	11578.66737	10283.67839	12161.48978	12858.4999	10056.05042	11681.80847	12930.67855	11882.60956	8378.129602	13395.3473	10509.80338	10069.32772	9657.463694	9540.896675	11102.42389	9477.303023	7886.323307	8436.23274	9398.705334	9361.089907	7291.038937	15473.6336	13937.17398	10266.6939	8891.313699	15210.03182	9170.149768	7544.099508	6725.460833	8920.550268	10304.2645	8820.509982	7547.655949	10991.75467	7943.322749	6655.921872	7065.964545	7898.140231	12083.87608	10068.73524	8574.124212	10258.24213	15092.33976	7934.806199	7057.943824	7350.542687	7861.317644	11208.621	6465.663241	6167.014505	15485.00295	16411.97578	11786.0753	8370.822607	12504.76387	10438.1878	13898.13241	8853.471906	12827.76727	8432.198289	7182.444996	11240.22085	10646.66076	6702.943842	10828.76145	8351.516926	7109.015135	11904.89988	13076.91038	8622.326576	7213.614581	7166.538531	10286.62032	6279.385886	5870.6865	5560.670615	9451.453185	9617.474048	6618.246203
Nucleotide metabolism	4125.748582	7306.91182	7056.197636	9033.731678	11120.94243	8689.521395	5071.595626	9449.540071	9269.629551	12188.37636	6410.510047	7297.05922	6743.820567	10598.35095	12326.0461	8274.879196	9549.943026	10755.27435	11765.71891	9479.808038	10609.19988	11707.97423	8959.082151	11166.58215	10255.54208	11923.06348	5243.575177	13401.54858	18606.39019	19011.24645	9693.565248	10339.52979	13155.19976	15706.48522	6087.834634	6275.419858	4732.812884	5502.416312	5627.102128	8256.290189	5051.510165	6497.294799	6169.685816	5555.419858	8316.684161	6223.256028	5880.051418	6289.792671	10544.93239	8901.00721	9836.773759	18223.83924	10131.1935	9202.897872	6859.746336	14779.73097	8422.649882	6907.030851	7653.791608	7735.391017	12747.68499	12499.03404	10234.31537	9918.47104	8017.214894	8918.166194	12246.5383	16080.53286	8717.840307	6470.626123	7195.67766	9092.332151	7111.428251	11900.9182	6146.070686	8404.78156	6280.026123	9838.870686	8451.283806	9700.526241	10848.42931	9195.414894	14719.76962	16735.51962	15597.2039	10528.9305	10048.38759	10909.28452	10200.05804	11628.51915	11780.40083	11532.24184	12567.15024	10743.82281	12787.7831	13560.2526	11937.1344	10833.90508	11965.63345	9231.627187	7413.494681	16506.9344	9320.631915	9481.41253	8070.277423	8563.748227	10514.41158	7957.020686	7081.549764	7066.842199	8195.1487	8773.180024	5854.156147	18498.72092	11742.00083	8729.985225	9438.014303	18389.0247	8879.689835	7096.169385	6352.822459	7765.594326	11216.89173	8030.803783	6600.324113	11076.87683	6827.735461	5709.746217	6265.003546	6968.689125	12357.14622	9826.111702	7458.864657	8332.177541	19110.64515	6511.910875	6322.03617	6648.114303	6691.899054	12756.17589	5459.314539	5437.625296	17777.71856	14196.10674	10097.76466	8057.494799	13265.29066	8970.61052	17187.47329	7827.931087	10671.38558	7238.42565	6690.999645	12434.28333	9627.322813	6296.93948	12104.53972	7642.089007	6132.494681	11039.56005	16202.21135	7036.617612	6252.597045	6231.23227	11585.82648	6470.813593	4911.51773	5081.937116	8045.382506	8922.326123	6128.399173
Cell motility	4862.917308	3654.526923	1078.9	7653.6	2706.55	10860.67308	5159.838462	6354.176923	11669.85962	8058.974069	1701.436538	9594.244231	3118.53135	8432.437893	7110.380479	2190.273077	2909.840385	14199.16877	252.8807692	5673.923077	4452.407692	12772.79038	9669.225	13081.83312	14536.70385	21389.80577	3461.313462	11349.92885	22590.93269	11114.97885	6523.553846	5213.413462	21503.15577	26038.62115	6724.490385	5092.578846	4480.634615	976.2519231	2958.128846	6281.625	2360.171154	748.2057692	4368.617308	2494.25	9963.6	5158.675	2194.109615	560.5038462	7945.875	10007.27885	6718.663462	15817.12115	6553.196154	3571.992308	11251.74808	2074.742308	5506.3	5965.996154	6738.738462	1043.669231	17881.30962	15380.93462	13118.54038	1070.692308	4027.185764	7477.3	6347.232692	21526.75	3500.625	6918.051923	7566.676923	19002.34735	3619.498077	3817.796154	206.4192308	8415.760402	2341.863462	3133.753846	1679.042308	2691.511538	4107.013462	4596.640094	17671.75577	5388.836538	8443.088462	5641.438462	18379.82308	17586.02817	9522.161538	17516.96731	6886.042126	8070.378846	16408.55769	5617.651923	11002.00962	9540.817308	14924.34615	7267.265385	1792.061538	146.0346154	10933.95	26134.75	17072.15577	7670.579995	6123.638462	24653.19038	12144.18269	8084.736538	5998.090385	6740.309615	14561.95577	15725.66154	2822.7	40121.85962	5328.694231	22483.81923	18042.72885	30950.18846	17054.85192	7053.776923	4664.409615	7017.125	15992.77542	14190.79615	3566.042308	9327.784615	5553.753846	12301.59615	3308.503846	8515.155769	5954.026923	9410.669231	22084.09231	3149.442308	34500.74615	7562.142417	7532.033684	4690.938462	3743.624746	35278.96346	4931.376923	6529.903846	25460.77115	8553.451923	16329.76538	7748.509615	11762.06346	7680.098077	7353.371154	6248.401923	3148.303846	11801.5	20957.95962	8527.657692	8552.771154	9633.740385	21923.375	8495.428846	10058.63462	35700.01154	7082.240385	5190.911538	2889.007692	8478.917308	17798.23846	527.7307692	5572.315385	4070.284615	4901.115385	9695.563462	10038.74038
Signal transduction	2095.665297	5976.605915	2578.902818	5286.969962	5837.596903	4743.57414	2518.42826	4491.110468	6240.037365	6836.224876	3232.049516	4216.92759	3549.038792	5594.554872	9088.656456	4694.588481	4332.657837	6891.724015	7569.538843	4820.665995	5999.667057	7535.668555	4790.706625	7826.689547	6129.575711	8027.311193	2329.299759	7086.787392	15822.53599	14985.6226	4665.695991	5693.792806	9263.205597	11225.17555	3294.788531	3458.195536	2267.053206	2560.809945	2430.308163	3968.052054	2408.214762	3175.843247	2959.520022	2404.811118	5011.805131	4640.017799	2247.947046	1964.014916	4603.6239	3642.09069	4827.989466	15170.25053	4702.913024	4296.816188	3377.396982	4669.845047	4452.748902	3228.784283	3719.569974	2330.273535	8608.407628	6201.461335	6466.95698	3835.601158	4663.063262	4602.25601	5024.802593	11027.17423	4010.757334	3156.785705	3481.637735	5986.021158	4286.82573	10261.12081	2193.911551	4183.830956	2811.297582	8192.614179	3264.046196	4538.792414	5615.386933	4606.584375	7730.545935	12911.05234	13498.38906	5411.169574	5427.83002	6699.497688	6090.246538	8313.053834	6290.6713	4691.123895	8208.518286	8505.256467	9676.208287	10721.30386	7528.698326	6025.082632	8760.649489	2808.821276	3761.074216	12186.62376	4562.535415	5936.030295	3512.870564	4795.04067	6543.191937	3579.724002	3085.136009	3638.441777	3887.995258	5033.375906	2804.968286	14134.78122	5484.496778	4194.537257	6236.709777	13960.24729	5488.892455	3714.349026	3053.471651	3992.833126	7616.6765	4070.035611	2888.551869	8851.291653	2973.126079	2692.557956	2878.371948	3665.65142	6165.272769	6171.835101	3827.065554	4121.860786	15214.31311	3101.09655	3772.260527	3324.697863	3107.904898	10744.92821	2541.985204	2604.341907	13223.35931	6457.345185	5367.213	4168.941905	8717.074588	5265.920055	14027.33867	3608.608012	4158.488517	3583.366525	3933.377834	8652.972967	4673.355218	3091.762411	8728.685265	3776.59984	2980.21487	7411.616836	13390.25356	2775.332268	2642.419095	2867.743259	8148.276931	2695.225432	2237.863057	2407.055079	3444.232116	4625.340934	3432.565773
Endocrine system	2151.042503	3904.319058	4725.870007	4617.385912	6103.707731	4600.486575	2416.886082	5406.159185	4276.037631	7297.750623	3863.222442	3442.467288	4122.99833	6458.150229	6571.103914	4842.367043	5550.026825	4901.041176	6891.124581	5860.100622	4524.031245	6148.27411	5201.052612	5432.408009	5365.438314	6187.924855	2900.020898	7732.20674	9027.840758	9520.297056	5217.30728	5449.275786	6447.499879	7029.947715	3276.503643	3173.202663	2692.457196	3688.724593	3891.602982	4644.901748	2997.275536	3790.531186	4186.84326	3070.910907	4629.424438	3372.165652	4081.822977	4430.889812	6809.903833	5428.127117	5225.735442	8717.943892	5400.643363	4257.824334	3332.913977	12119.97696	4825.596611	4001.292353	3590.459618	4576.022141	6341.330704	5986.702424	5146.081558	7041.266992	4351.178384	5155.608391	7635.146432	6941.185998	6229.690331	3325.853519	3704.56996	4298.709848	4338.401216	6265.018617	2810.259637	4527.482377	4258.044409	5520.133204	6242.960646	6386.092091	4976.217121	5267.076287	5823.201927	9254.27204	8227.957563	4678.335108	5040.212735	5512.202534	5280.626827	5313.427903	5590.719755	7814.503333	5988.116002	6079.960633	6892.3236	7131.313673	5034.92554	6005.659863	7359.061519	7423.615461	3892.542936	7297.888133	4810.46244	5083.994915	4484.948514	4265.745412	5210.413514	4264.443272	3517.135649	3843.19443	4310.305557	4253.569368	3448.813469	7906.312195	7160.014159	4453.6962	4213.151433	7891.87473	4394.266864	3954.811749	3445.247628	4304.441226	4906.08328	4039.407584	3295.692735	6020.274244	3598.4946	2969.777314	3349.278329	3666.822202	7204.84153	5081.65406	3699.308804	4726.221915	8175.224376	3522.735625	3351.714175	3440.182095	3925.709634	6027.028705	2996.331	2910.54163	7827.782147	7541.205368	5426.885552	3888.147483	6161.639436	5134.712518	8818.714746	4209.482791	5666.507859	3840.842684	2948.078104	6112.239849	4690.863314	2869.315573	5361.211398	3938.352931	3225.891284	5675.191744	8156.713071	4247.385571	3339.763065	3314.794511	5473.373333	3649.703675	2729.739248	2413.734178	4837.308522	4597.480517	2995.541841
Drug resistance: antineoplastic	1935.693162	4112.535897	3645.312821	3999.58547	4068.767521	4036.015385	2119.540171	4562.267521	4438.152991	6538.295726	3743.610256	3210.301709	3476.558974	5400.598291	6184.019658	3961.340171	4977.113675	5146.063847	6402.201186	4744.631382	5245.398291	5811.75215	4200.348718	5655.835897	5101.046116	6040.505128	2409.493162	6677.917821	9857.600855	9791.584615	4145.776923	4036.35812	6675.502564	7531.773058	2890.115385	2910.681197	2045.505128	2952.103419	2979.151282	3653.125641	2645.28547	2479.470085	3315.578632	2563.907692	3960.954701	3258.252991	3143.378173	3491.157265	5396.363248	4606.509402	4857.661768	8722.120781	4556.795726	3513.105983	3147.48547	8436.760684	4231.297436	3081.609402	3045.121368	3509.578632	6277.805983	5584.373504	5042.211111	4954.834099	4212.003444	3774.452991	6291.653425	7183.538462	4785.223932	2902.059829	3342.017094	4238.600855	3721.107692	7078.413675	2217.716239	4002.652137	3411.419658	5596.32906	4687.755556	4936.972178	4847.835043	5025.390598	6285.366003	9135.032479	9201.199082	4259.024799	4537.400855	5150.219658	5029.480342	5790.973504	5304.147009	5864.371795	5986.591453	5865.393162	6603.274359	6931.954701	5235.484615	5085.423932	6533.964957	5199.92735	3589.025641	7307.440043	4220.771795	4839.406838	3806.254701	4059.034188	4948.119658	3585.478632	3275.460684	3339.234201	4040.834188	4259.628205	2794.976068	8802.822222	6248.77094	4312.20856	4265.020513	8807.551282	3820.079487	3495.660684	2709.130769	3628.499145	5375.662393	3588.882906	2836.274359	5913.660684	3087.420513	2751.753846	2949.85812	3343.090598	5022.625641	4985.655556	3618.322222	4349.000268	9268.579487	3188.270698	3164.167547	2917.921368	3230.376923	6295.752137	2625.168376	2547.381758	8586.152991	6552.153846	4991.686325	3390.892308	5943.244444	4750.72735	8380.778632	3397.209402	5340.618803	3463.673504	3175.005128	5664.146154	4291.509402	2930.781528	5441.624786	3256.016367	2864.47094	5143.028205	9140.082906	3584.046154	2773.053846	2840.894489	5642.586325	3005.603419	2276.458974	2113.03378	4094.100855	3936.766667	2696.834571
Infectious disease: bacterial	1054.107511	3732.146945	1520.794924	4053.923536	2343.651534	2912.242236	1307.421551	2485.03305	6328.806221	6881.839719	1948.114748	3509.100856	1844.99449	6089.449473	5407.888436	2188.431236	2611.546132	8618.019051	4132.46233	2664.296522	4274.982835	7934.145303	3275.828091	7113.922297	3362.654386	5828.258072	1277.898466	7341.359858	11149.69661	9951.854978	2979.75923	2963.84006	6268.842333	16406.4761	1851.407726	3406.359487	1262.806793	1338.559695	1623.94106	2366.199897	1118.794118	1333.929385	1681.482509	1237.153039	5191.605295	4368.782901	1368.075747	1392.663127	2805.108177	2247.975035	4239.242163	10877.37859	2703.514339	1955.425782	2006.424282	3622.772155	2791.040682	1751.601353	2022.612833	2070.248387	6025.819228	3481.264689	7042.496338	2193.072197	2122.860364	2101.852872	3370.246876	12000.96028	2962.810593	1757.083034	1977.825928	6275.119525	2088.681172	5962.880127	1922.45836	2450.766126	1565.242758	3943.154799	2225.179818	3190.882142	2758.94164	2437.782832	5873.286622	7159.763018	9185.081538	3240.904665	2789.900848	3277.801751	6827.451865	9110.547383	3338.841462	2986.44044	8519.383967	5311.687418	6908.752682	7706.981139	8102.708353	6829.188369	3472.093309	2051.483846	2301.741176	15268.07119	2839.26212	4490.187977	1950.300955	3479.388996	3585.585226	2159.695899	1979.567233	1834.913405	2851.927665	5087.244691	1583.495575	19834.55006	3353.039137	3169.313687	6842.495523	20703.76079	3488.070611	3156.573423	1454.876626	2252.660024	9234.431546	2586.745766	1512.119228	5967.104522	1702.394881	1751.79974	1749.458362	1955.931391	2943.723195	4062.445251	3024.578942	2083.022648	22011.84783	1946.581062	2497.775078	1724.486817	1672.38571	8618.432974	1514.862253	1449.81235	18972.30768	3531.720343	2861.792081	2517.150041	5716.251887	4324.477767	10145.6468	1885.578782	2578.850037	2350.422108	3843.585303	5674.857176	2618.790772	1873.973577	11603.95827	1769.408321	1931.664775	5045.62435	8436.523851	1899.316583	1474.928134	1776.605877	10935.14654	1829.374492	1337.796703	1130.975288	2062.288401	3924.821157	1940.137231
Cancer: overview	1358.09351	4413.575965	2270.240878	3592.468444	3798.870598	3101.994276	1615.302487	3202.34538	4265.266455	5366.125189	2709.350529	2809.151532	2644.630646	4298.074061	6461.128187	3409.066274	3177.750154	4545.127749	5303.435559	3580.31833	3698.655573	5338.90315	3439.556475	5307.823233	3961.831	5541.579174	1777.562044	5202.257463	10929.13057	10914.2761	2969.492031	3738.367451	6430.656088	7394.715008	2190.363209	2371.72948	1532.845463	2105.290419	2073.750084	2724.473595	1643.622758	2170.911993	2281.816804	1742.654456	3479.199397	3095.167463	1980.969032	2005.165152	3572.751847	2876.171125	3362.478684	11507.97566	3545.097153	2897.401556	2214.11085	5170.664029	3089.922735	2280.253739	2499.835235	2093.198298	5934.600961	4260.158657	4231.284733	3404.082166	2966.668755	3049.142592	4029.071611	6804.825649	3357.008205	2046.89702	2363.723622	3746.031441	2983.169024	7586.617891	1964.889745	2892.109505	2226.371849	5606.633043	3073.611633	3743.519167	3823.073554	3671.606396	4729.893953	9427.610007	10260.12487	3410.772634	3521.756198	3922.911183	4191.557582	5438.605682	4268.006305	3853.782791	5784.580593	5553.216785	6263.999444	7789.046182	5363.111875	4675.051048	6005.414461	3191.900887	2475.041662	7707.200223	2898.608903	4412.554176	2506.350335	3067.002281	4436.685269	2524.916809	2102.925466	2449.644543	2587.121819	3291.880321	2115.479209	8973.237273	4704.948787	2592.720644	4049.384287	9108.408995	3492.315953	2759.699696	1999.262227	2787.577992	4983.067833	2682.056703	2132.98823	6388.554549	2081.233715	1774.828918	2001.120649	2275.899528	4200.464842	4390.3555	2352.147452	3092.66146	9972.640394	2160.677523	2693.691844	2311.701288	2310.119277	6795.68557	1838.603216	1700.344583	8421.828771	4722.327866	3525.38742	2873.288413	6180.337631	3766.761623	9671.212939	2401.405153	3035.18711	2444.226842	2328.638809	6564.954678	2825.377702	1982.863348	5765.264088	2391.877194	2029.49866	5266.469158	10537.71397	2172.689455	2031.044133	1899.848568	5361.496467	2431.7615	1554.951268	1635.371457	2609.691736	3224.285963	2213.950408
Endocrine and metabolic disease	1247.187488	1854.032638	2072.674229	2681.489358	3313.553612	2351.983607	1434.51477	2723.254344	2716.906594	3747.741497	1948.65856	2156.225822	2034.561987	3314.002767	3031.405279	2724.266079	2856.525213	3516.062774	2719.398213	2946.454537	2665.837863	3747.511021	2730.79744	3246.24394	2928.934297	3007.784362	1493.556039	4202.392885	4216.86154	4495.640088	2751.963461	3051.373176	3293.363377	5368.011547	1692.033786	1941.135212	1388.103999	1697.339748	1664.177609	2395.642756	1468.535249	1957.003872	1927.03568	1623.592112	2629.553628	2293.025178	1722.58629	1794.06728	3034.200798	2962.581009	2903.430549	3934.719401	2966.689388	2542.380138	2013.692464	4346.061934	2638.616382	2067.316275	2204.027733	2029.551122	3153.813818	3606.598465	3405.430272	3085.077221	2468.969115	2652.179065	3366.492493	4522.867341	2750.681439	1877.993815	2057.926042	2939.493407	2374.734156	3042.090478	1592.265227	2471.385104	1906.402127	3059.520745	2520.690424	3013.534479	3135.450065	2800.106848	3448.093562	4773.518518	3727.209771	2959.255215	2676.057947	2816.957697	3224.750215	3468.739697	3158.60048	3262.348202	4009.413677	4171.365643	4587.976925	3549.730477	3361.597273	3466.288003	4431.243699	2687.639861	2118.884696	5590.820838	2756.474029	2713.575737	2387.779865	2414.404098	2861.235223	2324.902557	1970.285913	2077.71954	2482.339101	2680.429835	1791.487264	6375.145375	3463.17229	2538.132239	2909.003085	6421.783203	2592.007409	2335.855861	1878.962826	2285.831163	3469.334028	2281.013835	1841.850115	2736.814621	1967.93941	1650.270443	1765.483961	2061.700588	3674.080392	2541.073788	2180.414785	2446.114463	6562.079982	1830.135409	1747.641341	1895.71961	1993.963582	3053.923217	1592.136755	1585.156396	5961.362516	4040.710379	2703.687521	2318.349734	3462.205678	2799.415359	4063.087921	2264.095432	2919.255821	2085.897386	1957.264054	3384.973312	2670.396586	1784.346339	4131.814858	2191.249193	1800.366034	3479.586799	3615.101476	2003.990756	1812.590307	1790.91548	3880.468952	1671.525481	1440.332131	1410.825398	2340.689838	2771.110745	1761.552948
Aging	1019.464439	2573.705338	1528.752028	2154.720339	2124.805772	2171.380518	1047.928536	2530.953227	2601.146893	3470.989793	1778.846026	1768.868329	1873.783588	2792.14042	3688.854204	2653.424977	2568.537175	2852.86797	3890.60461	2642.504573	3310.446791	3412.303476	2522.090771	3339.036696	2809.936133	3895.024212	1135.173658	3680.329569	6305.883321	6336.505799	2209.212613	2145.217066	4150.384271	4516.583773	1527.455301	1492.576978	961.7564632	1625.019085	1432.86548	1817.804167	1398.38014	1259.771778	1792.329458	1149.765739	2302.23381	2418.509358	1476.647723	1510.325825	2638.323133	2046.652167	2407.86052	5450.758252	2268.228268	1766.107865	1552.271658	3629.642154	2441.863765	1513.60958	1629.452231	1406.452812	3849.373382	2716.413268	2910.139314	2218.303918	2483.461525	2005.549355	2810.907099	4179.723115	2517.307339	1346.073548	1576.077208	2587.362401	2650.617739	4578.179043	876.8084363	2025.172165	1772.363268	4180.673382	2176.262641	2705.564651	2470.342394	2427.515683	3021.238457	6225.684732	5777.300544	2278.175069	2481.3091	2802.751503	2757.113765	3493.412373	2844.994754	2865.830112	3564.405016	4904.633358	5305.310004	4577.713129	3103.816725	2983.09905	5313.818311	2172.946321	1684.36761	4765.686004	1997.221206	2655.062429	1683.709063	2137.225502	2999.386825	1828.180601	1490.620653	1908.115499	1890.130315	2170.844569	1390.370053	5603.824027	3017.561046	1926.665462	2550.212659	5509.844044	2451.309939	1793.297566	1254.515075	1837.808519	3204.141011	1794.501881	1375.200876	3319.469159	1450.370856	1221.076941	1462.645519	1899.111046	2531.319685	2727.150581	1667.480454	2045.928739	6014.292689	1539.547501	1755.866024	1519.680924	1490.603817	4925.877457	1230.385165	1192.738162	5276.415176	3028.598451	2397.560225	1802.704813	3701.877983	2505.964116	5945.826821	1684.619233	2295.714226	1617.890715	1605.749622	4110.0695	2160.875355	1494.364199	4005.563028	1681.840236	1370.905661	3802.579734	5238.005117	1665.366587	1281.896063	1336.378776	3473.639655	1255.679292	1059.897962	1034.768339	2058.731717	2058.983054	1553.672792
Transport and catabolism	574.5213948	1465.062799	1364.122457	1197.442534	896.9932542	1368.949365	447.3045736	1477.317586	1486.42806	3528.499244	2155.322151	788.4737918	2415.980027	2191.955184	2133.183305	2585.112145	1397.586159	1670.180307	1269.398777	3461.118119	1636.953113	2996.937938	2129.678945	2107.282987	1678.980984	2026.865003	986.7468057	2662.794352	2673.363442	2882.514799	1556.476628	905.3919647	2162.777858	2278.491374	1254.79208	982.7360807	601.0023841	1455.559339	1321.058563	1289.089235	999.4523587	670.4418296	1538.856138	858.534034	1522.17611	1920.877342	1361.18185	1416.244104	2026.611355	1947.692106	1438.334683	2379.177148	1572.469236	806.5498454	847.0554425	3917.981295	1840.756368	1051.800985	726.7908089	1141.064766	1758.472396	1279.216164	1714.069047	2058.852713	1899.598241	1081.891077	2796.415062	2617.769616	2373.611355	683.0210396	862.7154694	1376.056064	2651.881934	2734.9664	324.6430083	1467.330774	1682.36822	3303.586017	2764.106337	2754.403007	931.9152307	2964.20851	2024.733505	4146.955608	2476.822007	1047.484671	1338.354284	2053.737707	1565.713538	2026.294427	1828.173889	2291.634892	2210.726814	4298.999185	4112.73225	2723.704891	1466.606283	2064.541155	5234.874584	2465.60687	940.2097752	2191.748589	1008.728948	1840.296568	1169.307911	1123.285441	1520.491615	1207.98351	803.9395034	1604.603377	1282.966331	1195.169376	1507.927151	2734.931307	3268.476239	1013.282713	1253.125091	2688.907093	1060.557388	1406.556669	662.8000517	1409.1346	1678.551911	939.5775366	916.1559637	1690.877331	904.0291175	722.4244926	856.7969977	1326.089466	1494.474082	1487.76887	905.0485183	2491.381072	2875.221782	1139.851946	1373.39081	995.2400728	1410.4691	2176.845323	1027.334461	724.5332399	2762.215133	1888.993882	2192.520387	891.2657856	1570.36668	2937.140801	2965.575411	1040.580895	1616.348089	1068.601903	754.8248731	1764.51126	950.8410241	607.277073	1763.984243	896.9761726	962.8857234	1564.18355	2305.540233	1344.016429	767.8924786	750.5455033	1899.173701	770.5863118	797.9676095	523.1241007	1546.50763	1136.42986	716.9244988
Transcription	823.3079396	1008.529412	1508.784314	1421.254902	1659.72549	1536.947339	912.8977867	1873.380392	1432.826505	1923.819608	1064.098039	1243.294118	1096.882353	1886.686155	1649.26601	1424.45098	2101.980952	1647.30085	2633.868347	2141.005042	1848.135005	1725.216246	1568.985994	1601.528608	1970.307591	1935.784314	963.655577	2408.391597	2328.372549	2462.210644	1625.078431	1585.208964	2012.542297	2304.176471	1063.309065	988.1710061	854.9803922	1220.862745	1114.666667	1591.47619	1057.823529	1016.849887	1308.799904	1089.429926	1304.709804	1144	1280.636892	1344.960784	2173.421582	1874.452748	2074.918207	2105.14958	2043.372549	1481.176471	1333.479106	3078.27451	1653.469142	1261.509804	1323.585728	1435.607843	1893.791767	2592.893557	1782.245259	1892.645938	1782.941874	1552	3424.401708	2502.333333	1785.54902	1275.10495	1370.54902	1547.440212	1449.901961	1691.980392	1462.352941	1538.705882	1327.254902	1774.764706	1632.980231	1789.101525	1876.692437	1423.740056	6582.790476	2776.651559	1993.279295	1892.917349	1700.665546	1726.790081	1744.176471	1704.347798	1880.870028	2336.841369	1944.793838	2215.607843	2445.886835	1776.013445	2037.492997	1855.647059	2505.901961	1947.72549	1507.921569	2155.62223	1873.568627	1498.960784	1641.45098	1607.470588	1743.058824	1519.578753	1455.229145	1472.461064	1659.324039	1579.970749	1051.705882	2515.313725	2052.607843	1766.345736	1407.462185	2479.176471	1480.859944	1227.313725	1165.333333	1346.989728	1664.79888	1456.196078	1174.8883	1687.356863	1324.483928	1174.784314	1296.749759	1471.176471	1995.392157	1634.227148	1493.882353	1410.948753	2412.27451	1219.848795	1024.864568	1130.921569	1224.391032	1658.196078	1026.490196	1071.206162	2468.194398	2744.488479	1787.019608	1380.196078	1870.901961	1312.351495	2056.078431	1386.411765	2150.795518	1406.745098	1202.411765	1819.103641	1905.030812	1296.122129	1680.62409	1394.545098	1155.843137	1765.686275	1925.843137	1362.355673	1315.068908	1168.017927	1678.237062	1479.784314	925.372549	921.8263305	1605.643697	1557.042577	1118.310924
Nervous system	716.068518	930.0144796	1322.574661	1696.786425	2184.238609	1381.415713	892.0515837	1519.313974	1374.925533	2510.95307	1503.519457	1194.38489	1510.624688	1753.286973	1674.509021	1805.448869	1555.549153	1878.291675	1602.763528	2028.08377	1134.256109	2429.036199	1881.176471	1682.91351	1582.095764	1325.504072	1024.535876	2234.49282	1791.584615	1883.212452	1779.307529	1896.280543	1522.038774	2833.752887	1186.933032	1189.504977	819.2072398	806.5276018	847.7413058	1367.48015	851.6033937	1256.899548	1014.180995	1158.725792	1398.110407	1176.491065	896.5411765	894.1095023	1662.420238	1618.243588	1512.154075	1996.276727	2054.174661	1752.567938	1223.799095	2170.326955	1470.718552	1272.927602	1404.515837	1059.315837	1486.287107	2515.033353	1875.415385	1696.642017	1356.644344	1634.79174	1684.564159	3509.270071	1431.581249	1177.320532	1369.232372	1662.140479	1467.977376	1340.970136	471.0894183	1689.238526	993.6053707	1498.644344	1497.091403	1776.03043	1874.067535	2083.627537	2246.055219	2226.400512	1571.057919	1935.022107	1821.524499	1771.056596	1778.033484	1832.403878	2130.687803	1789.008403	1972.103833	2127.538235	2344.243341	1773.124292	1696.984114	1750.274208	2454.133544	1341.509502	1283.731222	2992.561086	1804.948222	1683.446928	1695.694118	1448.338462	1826.490498	1560.801551	1139.434389	1545.331222	1496.191528	1588.710537	1404.594683	3267.484621	2376.820427	1227.898366	1640.854299	3321.3351	1447.892566	1259.422624	1258.212282	1567.868132	1807.946606	1436.708597	1245.842534	1190.723982	1333.095023	1024.939367	1058.981642	1185.191855	2289.940142	1442.642986	1305.98009	2082.024952	3251.78733	1194.028054	1141.949757	1239.626244	1416.165352	1151.746606	1043.708597	1030.442534	3084.475789	2775.466968	1911.333807	1508.623529	1902.890498	1901.730786	1506.885973	1477.430769	1369.438412	1405.421414	1056.089593	1503.517647	1614.404523	887.3646574	2064.369231	1492.415385	1213.467873	1675.299548	1570.00362	1132.019005	1225.460763	1147.993665	1968.504977	596.4723982	977.1565611	951.6754792	1239.907921	1730.255204	1045.276247
Immune system	731.4252511	943.3606692	898.74709	1490.2574	1926.30426	1403.26168	867.4366538	1370.891182	1542.724247	1489.013645	1143.032582	1243.61349	1301.97525	1045.888023	1773.727657	1507.723219	1263.721192	1402.15435	392.4585278	2021.993549	954.9950955	1822.712403	1563.913587	1560.255991	1787.741904	1528.434764	841.3255029	1503.803038	2586.652105	2430.803105	1695.996934	1758.829295	1816.882627	2072.100295	1091.139046	976.9436112	738.9314744	540.6937205	414.5356597	1304.884917	664.2558425	1004.908441	694.4440854	1048.586319	800.9516697	918.0500621	489.447955	254.4428953	1099.079047	1111.274168	1250.388004	2481.052992	1775.749709	1636.069097	1311.058915	414.7140873	1262.905294	1055.446369	1342.672826	723.652463	1820.431247	2481.760198	1525.115411	857.4932144	1432.776523	1448.959333	1028.743575	2560.26612	710.9850016	1164.605644	1374.704683	1500.971948	1196.782105	1524.663899	182.0733534	1562.67714	622.8357321	1568.041156	680.2191455	1244.389503	1875.467911	1615.016295	1816.881668	2255.37193	1694.425054	1770.238607	1697.385808	1824.98993	1296.791845	1507.456884	1908.708577	1089.475641	2230.953832	1809.068941	2088.554898	1799.370924	1336.391659	1041.526665	2136.696534	334.0492729	1363.982734	2082.804076	1934.252917	1604.316193	1601.638686	1826.2735	1763.54005	1512.82093	1087.095774	1319.787327	1448.840711	1529.178606	1128.009751	2410.873531	1407.047889	1657.239293	1507.631816	2253.111854	1606.101084	808.8428664	1184.453714	1370.641899	1392.863087	1578.950812	1078.301977	1438.35803	1277.752122	1199.809456	939.3679869	1190.082025	1953.113974	1584.225783	1664.275263	1584.23311	2195.902784	1187.874582	1108.875003	1169.506948	1166.936788	1976.703898	991.715052	1031.906468	2223.319956	2556.150318	1801.89842	1459.31393	2024.018917	1518.611114	2287.90855	1379.081306	1131.408279	1483.090029	1324.307669	1737.841644	1670.163205	1031.33233	1624.525726	1432.530507	1245.356591	1819.912052	1971.491836	894.8565703	1067.078773	1218.936172	1239.275601	387.167631	975.3000551	906.729627	864.9682667	1566.278904	1114.546675
Excretory system	336.9978355	1626.785714	23.71428571	1296.5	1831.642857	860.5	369.9285714	467.3571429	1276.071429	2126.5	1230.571429	789.6623377	1000.928571	1000.571429	2304.928571	1862.428571	479.9285714	2156.357143	2335.714286	1428	1505.785714	2144.214286	1188.642857	1799.785714	1350.5	938.6428571	227.6428571	1474.571429	3249.5	3234.071429	839.5	1600.214286	1437.071429	3014.5	629.8571429	826.5	406.4285714	519.4285714	203.2142857	403.5	271.6092437	972.4285714	614.5714286	202.2142857	1078.357143	1788.214286	226.5	13.64285714	391.9285714	131.2142857	537.1428571	4976.071429	606.7142857	459.1428571	245.7142857	126.3571429	989.4285714	643.2142857	436.7857143	477.2142857	1601.071429	518.9285714	1687.214286	656.2857143	1682.571429	911.0714286	483.7857143	2640.714286	899.9285714	358.3571429	336.8571429	1504.071429	1722.642857	3079.785714	97.42857143	684.2857143	481.5714286	3122	535.5	809.4285714	592.5	1486.571429	1387.785714	3928.428571	3544.571429	708.2857143	497.8571429	1400.642857	1255.571429	2121.071429	699.3571429	555.7142857	1788.071429	3913.407563	3857.928571	2364.428571	2028.714286	1260.214286	4083.142857	46.57142857	253.7142857	3431.357143	529.1060606	1038.285714	219.7142857	375.3571429	899.6428571	484.6428571	280.9285714	779.5714286	324.1428571	678.3571429	711.1515152	3656.642857	1422.785714	202.4480519	1229.785714	3754.714286	1114.857143	593.7142857	524.0714286	921.8571429	1888.571429	422.7857143	246.1428571	1898.285714	237.8571429	89.78571429	152.8571429	923.4285714	1665.428571	937.8354978	139	1284.928571	4176.857143	425.9285714	967.5	535	598.6428571	1889.642857	374.2857143	428.2857143	3488.94958	413.9285714	920.2142857	666.4285714	1527.714286	1524.928571	3523.214286	756.0714286	247.7857143	283.2857143	397.9285714	2257.642857	389.1147186	383.8655462	2340.857143	661.5714286	357.4285714	1472.142857	3100.714286	167.2142857	107.1428571	291.2142857	2014.285714	43.92857143	326.3571429	178.2857143	262.0714286	826.1428571	479.3571429
Chemical structure transformation maps	843	2311	9	109	129	35	2	695	277	42	155	4	826	898	97	5356	166	63	36	1231	10	126	30	697	3638	44	0	1596	6	105	68	201	381	58	7	0	16	3342	207	108	1458	238	2713	18	11	8221	876	0	28	126	74	0	40	18	556	0	4203	9	7	22	37	503	2316	42	8463	8	1025	22	3991	0	0	1123	7554	8783	5	9	2536	15703	0	72	877	119	92	14197	1102	708	9	20	504	262	47	402	239	23031	19537	624	560	0	24328	9	168	0	215	302	67	2	27	2	3	1820	8	41	0	154	0	0	3	8	0	36	13	67	19	0	238	7	98	71	19	4572	0	14	2	10	606	0	3	4	42	3	6	4	118	2	16	688	381	0	6	5	126	0	0	20	83	138	16	173	11	12	31	21	0	14	71	0	3	9	31	6	4
Cardiovascular disease	419.4274973	977.4523486	632.7286841	995.7457881	1165.161692	931.5478607	514.311493	890.1212228	1077.07489	1182.7663	659.3083462	785.0961332	794.4669926	977.2436107	1583.324177	858.9840454	809.4800319	1148.652016	677.0886144	1085.325931	1144.209386	1368.774359	977.8899055	1311.944218	1088.559637	1350.864662	528.9611436	1233.127282	2596.030573	2579.398417	978.4787574	1094.896885	1487.148252	1767.482706	643.1481221	647.8835184	455.5918367	407.6374866	419.7690024	860.4659523	417.4752954	623.4183673	485.9693878	606.7116224	750.0918367	630.1455424	427.3367347	373.0102041	867.7008593	772.5877142	901.5477981	2730.653061	1067.15737	926.1428571	719.7964554	858.9795918	783.0601504	661.5433755	779.7785955	489.2959184	1500.417767	1459.840539	1077.689668	754.8240637	761.2323445	885.3442535	864.3464017	1519.408163	640.0059076	671.0558539	792.7256509	992.608928	707.7907088	1552.193878	232.8995704	896.2680564	476.5421513	1108.836735	645.7141149	843.7509932	1137.929646	939.3426906	1246.505932	1994.726638	2309.251343	1021.367347	924.6819992	1042.099102	1034.601504	1315.379162	1233.519827	882.8265306	1455.279009	1032.387755	1290.088237	1749.77595	1065.612782	888.4081633	1167.47076	546.1750925	778.6020408	1760.857143	1025.220023	1168.929981	889.6308016	966.7729896	1244.432771	842.8098479	673.9498645	743.1109032	826.1701448	945.2045045	652.5334966	2031.868724	944.2485551	840.6122449	1049.261681	2070.020408	972.5835515	663.0408163	682.6428571	811.3297257	1205.443468	863.7623447	652.6038856	1540.27551	725.4299184	618.7346939	596.7346939	698.8152524	1213.510204	1221.731528	809.7346939	825.3409341	2173.428571	699.3658452	762.5810703	698.5578607	714.1290582	1663.418367	576.2140523	574.2071269	2019.14039	1548.150913	1045.374958	865.3487478	1601.612245	1126.450575	2555.211318	808.7429323	937.454458	804.9293388	706.6836735	1542.408163	985.4387755	590.9006445	1355.765306	801.3663326	664.909177	1153.438776	2346.367347	595.1698208	634.4081633	656.6680018	1174.489259	434.0408163	526.1936644	526.7776584	649.699596	952.1915282	676.6627282
Environmental adaptation	348.5267498	764.0383922	589.3682606	863.3981289	783.3224532	856.122176	396.4140679	821.333957	941.0125433	1447.748164	870.7765073	699.2340956	863.8851005	863.5968122	1287.207207	777.5178794	701.6572419	1065.262994	522.079903	1197.585031	661.5632017	1418.96736	1097.800832	1210.788011	1008.689397	1203.764103	486.5245322	1141.785655	2365.211573	2060.489813	998.6887734	776.7315315	1424.583992	1740.755994	724.5835066	611.3690229	392.7173943	291.2601525	399.2178794	642.3924463	358.3362439	417.2232848	488.8420651	537.4387387	680.5289674	468.3990298	393.1774082	359.964657	785.5618157	782.2665974	767.6122661	2369.458697	971.5069993	669.4920998	710.8844768	885.215939	646.4305613	592.5647263	625.5576577	501.482675	1352.099238	1285.080042	979.0661816	637.0601525	581.4510049	695.6161469	848.3779626	1594.309148	587.8553015	579.3837145	740.7036729	1067.853846	702.8571726	1032.089882	210.0678448	924.9677062	420.3628552	710.760499	703.7555787	1034.464657	906.580596	1194.807415	1120.470825	1427.123285	1779.128829	772.7451836	1033.511365	1235.686417	916.4823285	1206.674359	1027.527374	837.5173943	1388.975052	623.6712405	904.2969508	1588.129591	887.1768538	1063.309425	803.177131	555.1248787	789.4925156	1579.183784	1080.554608	1074.653222	877.5469161	1234.53666	1003.203049	873.8038808	614.1886348	733.1295218	948.7273735	1037.738739	699.5454608	2166.437006	1085.009563	1115.767775	1059.863895	1967.666182	910.6073458	594.2259875	557.6301455	890.2509356	1130.791199	909.8699238	543.4799723	1513.872211	681.0057519	736.6857935	501.328413	593.1125433	951.4487872	1071.592931	1120.257311	1025.603465	2049.194456	765.1252945	790.1880111	623.45842	682.1787942	1732.559321	556.6179487	575.7647956	1916.160984	1363.148302	1186.013444	729.3539155	1220.184546	1129.217394	2072.904019	720.7406098	663.6942481	936.6774775	947.5797644	1180.725849	807.5884962	563.3602218	1269.267013	700.366043	765.387526	1277.635967	1804.591199	625.6564796	521.7406791	698.12079	1130.452945	250.6567568	550.8811504	418.4580735	588.4266805	888.2604297	576.8697159
Digestive system	199.3769201	751.5287131	470.0005081	556.3766129	92.24433416	514.649339	153.2486559	432.4033439	730.907937	1212.369783	695.1385649	662.5420507	715.95263	1270.683033	1167.366489	463.9315993	691.1550284	1113.506053	849.5428871	901.0116344	590.8371854	1288.870977	591.9975718	1237.9237	558.6829541	1135.018241	184.5838145	1041.681572	2237.832125	2362.89247	969.4654161	217.0410906	1224.542092	1944.228618	339.9930846	525.2216413	85.61962366	883.156298	545.9034311	718.6484698	256.5028802	120.843894	634.3039555	99.53640553	1062.490207	445.4648618	784.4249297	820.5372504	915.7927797	759.0932175	792.3338052	2502.709362	2090.034412	129.2084895	160.3942012	1983.600012	468.6668587	254.5622061	190.0251979	1268.619816	1514.586175	2824.516059	799.7013707	949.6567266	33.07355047	387.8406298	686.8061685	1285.027682	1037.160213	391.6518817	243.9479145	737.5810499	501.499229	1202.736367	94.33486943	282.2057859	316.3495298	545.4567972	672.6506351	1330.909378	502.3696562	1068.24344	1077.217044	1318.686444	1939.681758	206.0233864	184.3959199	462.7246606	1092.619432	1176.347054	481.2795817	482.8712411	1106.785168	449.3751725	640.695563	2066.449527	899.3033436	1643.889401	552.7635058	1410.269175	220.2140937	1918.558482	641.9941303	902.3425499	78.40241935	337.1458141	629.7164658	353.6384704	214.1107822	332.9467631	296.8856936	476.9310123	365.2784976	2402.003568	953.4354671	564.736276	806.0708555	2589.672652	896.8142266	472.1238479	95.32296467	338.2705635	1159.289664	219.3495037	261.1631691	1488.099846	152.9763973	54.62077573	188.2977199	49.36827957	284.6401136	689.9524962	72.51056068	492.1101593	2773.22619	356.0292514	518.708287	294.033679	270.6208171	1837.615975	376.7972498	135.3844163	2266.981618	236.234447	315.166002	400.5895161	1025.771889	1010.335064	2322.008986	244.826158	793.7250384	325.4980946	243.1121352	1381.290895	303.0119048	203.0074201	1709.134409	93.20015216	304.7157361	1751.486559	1968.758449	734.7585372	1070.043011	251.6145561	1460.145103	595.9205069	350.808416	75.26277695	474.4527561	537.9337735	439.3091235
Neurodegenerative disease	161.0016378	1084.224868	166.7719529	563.779074	315.416744	539.9953149	153.6718092	507.9819375	1217.322833	931.4337656	283.4105078	490.245078	501.0104907	790.707642	1442.883685	481.7860402	344.6371637	1064.999222	712.0357245	549.8007477	1033.400434	1062.359193	487.9038442	1286.112146	659.1492904	1385.14688	136.9134018	968.3065499	2892.943067	2774.595939	459.0861077	414.7432626	1774.02947	1865.256544	344.8056735	402.9372186	109.242982	262.430696	257.0183821	304.8371718	204.0974798	140.5771782	280.9264406	157.2199978	763.9147778	731.5218947	177.925543	123.1324633	343.4229554	282.0188091	456.2719753	2754.316461	376.2254404	235.2557614	251.1768241	384.5652316	499.1042522	203.4195174	266.50369	166.5172879	1450.245429	629.6591918	842.5004869	222.0520412	481.7199749	394.2726206	542.0516535	1780.926411	455.3968725	185.4310101	284.3874209	784.5391413	535.4526101	1885.682834	116.4611247	355.1222256	269.3124374	1321.756862	280.9128062	438.7987182	457.6692614	422.4169127	829.9585227	2095.78047	2770.856245	385.2923728	831.9156892	964.2899318	816.3828943	1451.352155	592.6014778	405.1433228	1529.138109	1282.416343	1571.923734	1874.851234	1189.833073	834.3470279	1186.843451	186.837198	238.287033	2034.137932	250.2390679	889.6802645	195.9490821	457.4941581	908.1278411	298.1921693	197.0702793	296.1007974	261.2464017	555.3352559	190.7955015	2439.891047	464.6719023	235.9490964	864.8306795	2495.772546	701.6769347	471.3235851	159.0426773	322.0598594	1268.304084	297.4788001	169.292503	1430.188951	189.9575659	142.4595199	255.0131899	328.5043048	339.8694903	898.3993847	201.4348269	265.1457951	2857.347659	263.0537185	503.5174699	249.3492637	212.053352	2148.480622	204.6099884	165.9974052	2264.382491	472.9979643	550.9778305	364.8702195	1287.382821	678.5777969	2754.687671	219.707363	353.9595564	234.1907433	344.2231298	1581.065854	381.2748533	332.5158547	1631.695734	216.8491859	162.3581094	947.4780312	2489.650845	226.3625833	177.6339411	194.0230277	1444.074121	123.5662808	136.7768739	202.8532507	287.5622708	429.4452984	334.7989217
Cancer: specific types	173.4254731	933.6298178	163.3550728	616.2409758	434.4305955	499.9563582	182.7565686	358.5713766	915.6465065	756.731353	206.7622656	486.7562501	254.2071379	621.6226044	1324.163751	294.4199097	306.1778867	1086.835418	188.349818	378.1129278	817.2945325	1001.124615	397.1251745	1200.936296	565.4774863	1184.995892	141.1379999	778.0272686	2725.116997	2627.134352	419.7818662	493.8091696	1343.437985	1890.155286	298.615026	407.3138305	137.9488872	95.21055814	159.4219522	255.5037572	125.4135646	195.1614122	153.4196607	194.0962652	621.0324109	514.0651447	89.56758148	44.64801244	262.1614357	189.465193	479.8518983	2945.747993	340.0077017	306.9097861	230.5895053	103.248202	336.3363142	213.0615994	282.0759177	255.2120967	1304.986337	572.5747135	830.3865611	182.9304216	292.6930261	272.8392263	253.7514367	1485.845143	246.7738515	219.0557447	310.9451704	745.4788648	253.8677264	1567.515319	291.0440884	325.5267061	130.2656585	877.5791139	160.4193474	385.501564	586.0996993	360.4105824	613.027122	1746.801295	2498.113098	450.9317836	374.949734	532.0084778	817.5047708	1291.668365	588.0673404	200.0411429	1180.897775	699.1722105	905.8190284	1735.548333	1031.647677	822.0172068	561.8438253	95.07712216	285.2978213	1904.662748	346.1724593	866.4801725	277.5875938	479.6935411	835.8791798	269.5091411	262.4847879	243.936405	299.6417244	587.776533	218.9682751	2345.666566	300.8018282	336.32357	865.8358991	2444.470003	562.9968197	401.4731766	205.6930776	337.4982997	1134.649068	353.9753009	209.3180672	1505.887452	238.9433671	201.6558723	198.2698329	278.6161872	419.5944652	923.2602475	289.322527	274.6005718	2754.764165	282.5712927	486.3291933	272.0921463	219.5088553	1867.501507	200.4408333	200.9434875	2270.63251	592.3768346	389.3221265	380.105973	1215.93931	573.0652819	2705.725056	272.4225834	471.4291155	309.2758201	397.4442871	1326.870411	366.702947	204.8129684	1376.043162	256.3417078	208.9234518	726.3535897	2542.959245	182.7309889	190.4801918	236.1820666	1297.59545	196.5937431	181.2209257	164.2497622	172.2165029	493.6623362	311.0508473
Immune disease	159.1428571	475.2	273.2571429	414	92.42857143	464.7142857	161.8285714	520.8285714	810.9428571	1014.228571	510.3714286	507.4285714	626.4285714	839.6571429	840.8857143	405.831746	476.4857143	652	938.8	601.4857143	584.7428571	931.2857143	617.8571429	868.7428571	567.8285714	976.8571429	240.1142857	932.3714286	1568.2	1526.314286	417.7714286	263.9428571	1158.147253	1257.8	360.5714286	371.1428571	284.6	284.6857143	476.4	456.8285714	236.8725275	81.85714286	361.9142857	105.2571429	635.9142857	303.1142857	364.7142857	448.0857143	704.6571429	898.5142857	561.0571429	1511.657143	525.5142857	208.2571429	493.6285714	1141.657143	375.6857143	345.9714286	216.3428571	656.8571429	964.8253968	615.2857143	656.1714286	571.2571429	468.3142857	347.2285714	720.4571429	1559.742857	557.7142857	362.5142857	259.3492063	560.6285714	350.0571429	701.8571429	755.6285714	460.3428571	356.5142857	366.0857143	626.1714286	875.0615385	238.8857143	553.9142857	544.5428571	887.184127	1185.857143	251.6857143	440.6285714	733.2857143	636.4857143	885	522.7142857	703.8	943.3142857	262.4901099	548.4285714	1204.679365	1190.2	1172.371429	375.4285714	651.2285714	540.3714286	1198.828571	586.7428571	484.2857143	181.2285714	744.9714286	457.9428571	362.0857143	370.4	274.3714286	731.6	749.8	283.1428571	1811.257143	874.7714286	1013.657143	786.5714286	1558.971429	480.4285714	620.5714286	187.6	412.6	813.4571429	556.6857143	195.8571429	772.9428571	190.3428571	407.6	344.2857143	249.9714286	372.6571429	511.0857143	896.4857143	381.7142857	1729.485714	423.8857143	421.7777778	286.3142857	256.1714286	1124.428571	336.3142857	291.1428571	1592.294505	290.7714286	611.8	308.4571429	723.9142857	783.6571429	1414.6	330.5142857	465.9428571	525	912.8571429	1123.028571	473.5142857	540.8285714	1077.485714	274.1428571	481.8	809.0857143	1206.885714	416.7428571	228.8857143	344.3714286	1001.457143	484.6571429	267.0571429	187.5428571	602.3142857	412.7714286	350.9142857
Infectious disease: parasitic	69.61424034	370.3917634	268.4332798	195.4999351	50.10518216	198.5008453	50.49403979	362.6857748	315.0965803	670.1155668	146.848914	155.4822273	80.61849352	712.9061295	547.5364275	59.98644787	329.7105629	385.0894772	261.2755293	106.6730116	359.1314762	397.2659032	164.0457734	507.3094761	186.6068498	619.4648478	141.8952636	756.0461944	1133.973119	1089.43646	69.27949555	95.85891184	572.9643643	764.3866383	86.39732415	124.841854	107.9829703	307.4081619	424.8243406	289.6636772	179.8451056	95.6887131	312.3935846	15.07231622	532.3781139	206.296225	406.6439692	537.390309	606.1992279	587.2392983	421.0215818	1039.734251	215.9092991	18.16470536	72.93913356	1480.609683	257.5877573	192.3557674	48.6027729	125.5835482	502.0217579	282.8540795	390.1141126	652.7845813	22.10261074	158.0173678	767.2762146	509.1748659	594.103136	60.91517707	52.45440917	272.1189818	138.8760528	647.6165352	12.61969226	129.0705235	385.4145593	292.4365789	631.3997616	467.6509162	113.8298897	194.9666774	288.5813058	669.4076329	984.6092012	82.93277017	115.7746833	199.163422	507.2991115	533.2513766	205.6345032	739.692652	397.642305	173.4474877	284.3639456	808.7399978	343.0959448	576.0033786	128.5417734	867.6994998	46.80130944	795.7691187	71.37965876	305.9826743	8.634320621	111.9161976	249.2762437	37.04592189	19.81938443	74.53658147	177.422018	208.0455415	57.38425417	982.6382074	324.6219268	72.31109565	314.8836764	1039.294831	226.0409817	470.3758881	32.69572825	101.7609561	530.2423169	59.19172026	87.71290327	799.7983919	25.56990324	22.51157662	59.40438406	20.56333578	243.0337573	292.0218409	29.82565492	19.12989412	1198.686764	57.17193564	170.1776591	93.6508322	87.40272966	719.1711752	75.66242605	27.00945999	916.2412847	140.4395212	174.1143908	86.78753957	473.5014364	372.6405349	948.1110216	46.4178813	334.8335466	58.58163448	97.08606574	525.3697356	78.60870272	42.85842944	609.9508818	39.6834204	60.09301985	429.0930443	998.1868332	235.3929751	166.1523068	28.12409902	705.3637635	199.2491719	38.33222757	38.66093182	383.517411	130.0331632	112.0225463
Infectious disease: viral	46.99994932	84.04763793	80.41841004	102.556384	122.9739788	92.90174745	55.44421971	121.9685829	123.2552301	135.5230126	61.27196653	88.64500585	67.30614439	129.3209639	135.6116851	91.7629164	130.525575	143.5559232	112.9228722	264.8378807	121.1497705	137.5075498	98.75732218	137.6025105	141.679019	145.3229821	56.62590088	167.6375475	222.6778243	243.8197752	118.6321781	114.2844682	154.8455893	213.5610685	68.39617636	72.44769874	50.68619247	64.62504379	61.73221757	93.98800073	57.33034123	68.89121339	71.78242678	59.80334728	98.62343096	79.79649055	74.57133802	70.71129707	116.5479651	101.0014101	147.8498554	224.7161426	119.4716929	96.35983264	79.02001273	168.6569038	98.99576522	75.3814582	89.58320279	80.23430962	157.5395462	177.3795986	126.5798758	117.2667758	92.8017656	106.2978775	477.4574314	180.3974895	103.0876634	72.10203124	83.63497414	112.0174415	81.6013449	140.8033473	66.37989605	90.78403961	72.29117285	117.6317992	91.61087866	120.1490606	131.3356821	98.53884119	1525.267793	204.8010712	214.9069801	158.2318069	107.496641	112.1603971	126.5931838	140.1957956	124.7177484	129.6192469	177.1326287	137.5523013	173.9782092	156.884458	144.1790086	124.7029289	140.6224218	104.2625892	83.35564854	208.4365124	107.1362598	109.8490683	91.29197926	101.6103719	141.5774059	92.47426415	78.81171548	122.8007432	91.7848967	104.3389121	61.08786611	239.0668949	140.9079498	99.62264012	113.3221757	241.2050209	126.2819476	83.68619247	70.22175732	82.84100418	138.6406697	89.58990748	67.80662361	144.2970711	74.69037657	63.82426778	70.93305439	65.11292003	132.6736402	114.8382809	84.18410042	86.50275344	253.6778243	69.39842144	71.73224872	71.70121469	72.65014839	167.7531381	58.94464825	72.26125247	221.7763765	163.2118732	95.89958159	91.14225941	166.0585774	93.56066946	211.1087866	78.58577406	109.6990951	81.27196653	74.23849372	191.6903766	104.4769279	84.5265945	192.7196653	91.09010879	67.45188285	239.4728033	191.4644351	84.05938382	74.0209205	71.34210217	155.9952496	67.69456067	54.77894774	70.30699557	104.6240809	113.9037657	89.01468507
