index,d__Archaea;p__Euryarchaeota;c__Methanobacteria;o__Methanobacteriales;f__Methanobacteriaceae,d__Bacteria;p__Actinobacteriota;c__Actinobacteria;o__Actinomycetales;f__Actinomycetaceae,d__Bacteria;p__Actinobacteriota;c__Actinobacteria;o__Bifidobacteriales;f__Bifidobacteriaceae,d__Bacteria;p__Actinobacteriota;c__Actinobacteria;o__Corynebacteriales;f__Corynebacteriaceae,d__Bacteria;p__Actinobacteriota;c__Actinobacteria;o__Micrococcales;f__Microbacteriaceae,d__Bacteria;p__Actinobacteriota;c__Actinobacteria;o__Micrococcales;f__Micrococcaceae,d__Bacteria;p__Actinobacteriota;c__Coriobacteriia;o__Coriobacteriales;__,d__Bacteria;p__Actinobacteriota;c__Coriobacteriia;o__Coriobacteriales;f__Atopobiaceae,d__Bacteria;p__Actinobacteriota;c__Coriobacteriia;o__Coriobacteriales;f__Coriobacteriaceae,d__Bacteria;p__Actinobacteriota;c__Coriobacteriia;o__Coriobacteriales;f__Coriobacteriales_Incertae_Sedis,d__Bacteria;p__Actinobacteriota;c__Coriobacteriia;o__Coriobacteriales;f__Eggerthellaceae,d__Bacteria;p__Bacteroidota;c__Bacteroidia;o__Bacteroidales;__,d__Bacteria;p__Bacteroidota;c__Bacteroidia;o__Bacteroidales;f__Bacteroidaceae,d__Bacteria;p__Bacteroidota;c__Bacteroidia;o__Bacteroidales;f__Barnesiellaceae,d__Bacteria;p__Bacteroidota;c__Bacteroidia;o__Bacteroidales;f__Marinifilaceae,d__Bacteria;p__Bacteroidota;c__Bacteroidia;o__Bacteroidales;f__Muribaculaceae,d__Bacteria;p__Bacteroidota;c__Bacteroidia;o__Bacteroidales;f__Porphyromonadaceae,d__Bacteria;p__Bacteroidota;c__Bacteroidia;o__Bacteroidales;f__Prevotellaceae,d__Bacteria;p__Bacteroidota;c__Bacteroidia;o__Bacteroidales;f__Rikenellaceae,d__Bacteria;p__Bacteroidota;c__Bacteroidia;o__Bacteroidales;f__Tannerellaceae,d__Bacteria;p__Campilobacterota;c__Campylobacteria;o__Campylobacterales;f__Arcobacteraceae,d__Bacteria;p__Desulfobacterota;c__Desulfovibrionia;o__Desulfovibrionales;f__Desulfovibrionaceae,d__Bacteria;p__Firmicutes;c__Bacilli;__;__,d__Bacteria;p__Firmicutes;c__Bacilli;o__Entomoplasmatales;f__Entomoplasmatales_Incertae_Sedis,d__Bacteria;p__Firmicutes;c__Bacilli;o__Erysipelotrichales;f__Erysipelatoclostridiaceae,d__Bacteria;p__Firmicutes;c__Bacilli;o__Erysipelotrichales;f__Erysipelotrichaceae,d__Bacteria;p__Firmicutes;c__Bacilli;o__Lactobacillales;f__Aerococcaceae,d__Bacteria;p__Firmicutes;c__Bacilli;o__Lactobacillales;f__Carnobacteriaceae,d__Bacteria;p__Firmicutes;c__Bacilli;o__Lactobacillales;f__Enterococcaceae,d__Bacteria;p__Firmicutes;c__Bacilli;o__Lactobacillales;f__Lactobacillaceae,d__Bacteria;p__Firmicutes;c__Bacilli;o__Lactobacillales;f__Leuconostocaceae,d__Bacteria;p__Firmicutes;c__Bacilli;o__Lactobacillales;f__Streptococcaceae,d__Bacteria;p__Firmicutes;c__Bacilli;o__RF39;f__RF39,d__Bacteria;p__Firmicutes;c__Bacilli;o__Staphylococcales;f__Gemellaceae,d__Bacteria;p__Firmicutes;c__Clostridia;__;__,d__Bacteria;p__Firmicutes;c__Clostridia;o__Christensenellales;f__Christensenellaceae,d__Bacteria;p__Firmicutes;c__Clostridia;o__Clostridia;f__Hungateiclostridiaceae,d__Bacteria;p__Firmicutes;c__Clostridia;o__Clostridia_UCG_014;f__Clostridia_UCG_014,d__Bacteria;p__Firmicutes;c__Clostridia;o__Clostridia_vadinBB60_group;f__Clostridia_vadinBB60_group,d__Bacteria;p__Firmicutes;c__Clostridia;o__Clostridiales;f__Clostridiaceae,d__Bacteria;p__Firmicutes;c__Clostridia;o__Eubacteriales;f__Eubacteriaceae,d__Bacteria;p__Firmicutes;c__Clostridia;o__Lachnospirales;f__Defluviitaleaceae,d__Bacteria;p__Firmicutes;c__Clostridia;o__Lachnospirales;f__Lachnospiraceae,d__Bacteria;p__Firmicutes;c__Clostridia;o__Monoglobales;f__Monoglobaceae,d__Bacteria;p__Firmicutes;c__Clostridia;o__Oscillospirales;__,d__Bacteria;p__Firmicutes;c__Clostridia;o__Oscillospirales;f__Butyricicoccaceae,d__Bacteria;p__Firmicutes;c__Clostridia;o__Oscillospirales;f__Ethanoligenenaceae,d__Bacteria;p__Firmicutes;c__Clostridia;o__Oscillospirales;f__Oscillospiraceae,d__Bacteria;p__Firmicutes;c__Clostridia;o__Oscillospirales;f__Oscillospirales,d__Bacteria;p__Firmicutes;c__Clostridia;o__Oscillospirales;f__Ruminococcaceae,d__Bacteria;p__Firmicutes;c__Clostridia;o__Oscillospirales;f__UCG_010,d__Bacteria;p__Firmicutes;c__Clostridia;o__Oscillospirales;f___Clostridium__methylpentosum_group,d__Bacteria;p__Firmicutes;c__Clostridia;o__Oscillospirales;f___Eubacterium__coprostanoligenes_group,d__Bacteria;p__Firmicutes;c__Clostridia;o__Peptococcales;f__Peptococcaceae,d__Bacteria;p__Firmicutes;c__Clostridia;o__Peptostreptococcales_Tissierellales;f__Anaerovoracaceae,d__Bacteria;p__Firmicutes;c__Clostridia;o__Peptostreptococcales_Tissierellales;f__Peptostreptococcaceae,d__Bacteria;p__Firmicutes;c__Clostridia;o__Peptostreptococcales_Tissierellales;f__Peptostreptococcales_Tissierellales,d__Bacteria;p__Firmicutes;c__Incertae_Sedis;o__DTU014;f__DTU014,d__Bacteria;p__Firmicutes;c__Negativicutes;o__Acidaminococcales;f__Acidaminococcaceae,d__Bacteria;p__Firmicutes;c__Negativicutes;o__Veillonellales_Selenomonadales;f__Selenomonadaceae,d__Bacteria;p__Firmicutes;c__Negativicutes;o__Veillonellales_Selenomonadales;f__Veillonellaceae,d__Bacteria;p__Fusobacteriota;c__Fusobacteriia;o__Fusobacteriales;f__Fusobacteriaceae,d__Bacteria;p__Patescibacteria;c__Saccharimonadia;o__Saccharimonadales;f__Saccharimonadaceae,d__Bacteria;p__Patescibacteria;c__Saccharimonadia;o__Saccharimonadales;f__Saccharimonadales,d__Bacteria;p__Proteobacteria;c__Alphaproteobacteria;o__Caulobacterales;f__Hyphomonadaceae,d__Bacteria;p__Proteobacteria;c__Alphaproteobacteria;o__Rhizobiales;f__Devosiaceae,d__Bacteria;p__Proteobacteria;c__Alphaproteobacteria;o__Rhizobiales;f__Rhizobiaceae,d__Bacteria;p__Proteobacteria;c__Alphaproteobacteria;o__Rhodospirillales;__,d__Bacteria;p__Proteobacteria;c__Alphaproteobacteria;o__Sphingomonadales;f__Sphingomonadaceae,d__Bacteria;p__Proteobacteria;c__Gammaproteobacteria;__;__,d__Bacteria;p__Proteobacteria;c__Gammaproteobacteria;o__Burkholderiales;f__Comamonadaceae,d__Bacteria;p__Proteobacteria;c__Gammaproteobacteria;o__Burkholderiales;f__Oxalobacteraceae,d__Bacteria;p__Proteobacteria;c__Gammaproteobacteria;o__Burkholderiales;f__Sutterellaceae,d__Bacteria;p__Proteobacteria;c__Gammaproteobacteria;o__Enterobacterales;__,d__Bacteria;p__Proteobacteria;c__Gammaproteobacteria;o__Enterobacterales;f__Enterobacteriaceae,d__Bacteria;p__Proteobacteria;c__Gammaproteobacteria;o__Enterobacterales;f__Morganellaceae,d__Bacteria;p__Proteobacteria;c__Gammaproteobacteria;o__Oceanospirillales;f__Halomonadaceae,d__Bacteria;p__Proteobacteria;c__Gammaproteobacteria;o__Pasteurellales;f__Pasteurellaceae,d__Bacteria;p__Proteobacteria;c__Gammaproteobacteria;o__Vibrionales;f__Vibrionaceae,d__Bacteria;p__Proteobacteria;c__Gammaproteobacteria;o__Xanthomonadales;f__Xanthomonadaceae,d__Bacteria;p__Synergistota;c__Synergistia;o__Synergistales;f__Synergistaceae,d__Bacteria;p__Verrucomicrobiota;c__Lentisphaeria;o__Victivallales;f__Victivallaceae,d__Bacteria;p__Verrucomicrobiota;c__Verrucomicrobiae;o__Verrucomicrobiales;f__Akkermansiaceae,Group,sampleid_description
AD01,0.0,0.0,625.0,0.0,0.0,0.0,111.0,984.0,332.0,70.0,57.0,0.0,148.0,2.0,7.0,0.0,0.0,6.0,105.0,0.0,0.0,5.0,0.0,0.0,89.0,36.0,0.0,0.0,0.0,0.0,0.0,115.0,0.0,0.0,0.0,404.0,0.0,384.0,0.0,11.0,20.0,0.0,1982.0,0.0,0.0,0.0,0.0,976.0,0.0,2603.0,78.0,0.0,450.0,14.0,98.0,19.0,0.0,0.0,73.0,0.0,83.0,0.0,8.0,0.0,0.0,0.0,0.0,0.0,0.0,0.0,0.0,0.0,0.0,14.0,211.0,0.0,0.0,0.0,0.0,0.0,28.0,0.0,823.0,AD,AD01
AD04,0.0,0.0,29.0,0.0,0.0,0.0,0.0,13.0,0.0,0.0,0.0,0.0,720.0,0.0,3.0,0.0,0.0,0.0,9.0,65.0,0.0,6.0,0.0,0.0,46.0,10.0,0.0,0.0,0.0,5.0,0.0,8.0,0.0,0.0,0.0,0.0,0.0,0.0,0.0,15.0,0.0,0.0,1022.0,0.0,0.0,0.0,12.0,64.0,0.0,1217.0,0.0,0.0,528.0,0.0,0.0,14.0,0.0,0.0,0.0,0.0,104.0,0.0,4.0,0.0,0.0,0.0,0.0,0.0,0.0,0.0,0.0,0.0,0.0,0.0,7788.0,0.0,0.0,0.0,0.0,0.0,0.0,0.0,2311.0,AD,AD04
AD05,0.0,0.0,6705.0,0.0,0.0,0.0,0.0,0.0,305.0,2.0,0.0,0.0,109.0,0.0,4.0,0.0,0.0,113.0,0.0,8.0,0.0,0.0,13.0,0.0,23.0,0.0,0.0,0.0,0.0,615.0,0.0,5.0,0.0,0.0,0.0,0.0,0.0,0.0,0.0,0.0,0.0,0.0,751.0,0.0,0.0,24.0,0.0,50.0,0.0,10387.0,0.0,0.0,0.0,0.0,0.0,6.0,0.0,0.0,17.0,0.0,8.0,0.0,0.0,0.0,0.0,0.0,0.0,0.0,0.0,0.0,0.0,0.0,4.0,0.0,10.0,0.0,0.0,0.0,0.0,0.0,0.0,0.0,9.0,AD,AD05
AD07,0.0,0.0,10.0,0.0,0.0,0.0,0.0,0.0,101.0,0.0,25.0,0.0,1799.0,0.0,0.0,0.0,0.0,0.0,35.0,57.0,0.0,10.0,0.0,0.0,87.0,41.0,0.0,0.0,0.0,4.0,0.0,19.0,0.0,0.0,0.0,75.0,0.0,0.0,0.0,0.0,0.0,0.0,2060.0,340.0,40.0,159.0,9.0,448.0,0.0,10294.0,22.0,0.0,526.0,0.0,29.0,0.0,0.0,0.0,197.0,0.0,0.0,0.0,0.0,0.0,0.0,0.0,0.0,0.0,0.0,0.0,0.0,0.0,25.0,0.0,3987.0,0.0,0.0,0.0,0.0,0.0,0.0,0.0,0.0,AD,AD07
AD08,0.0,7.0,52.0,0.0,0.0,0.0,0.0,0.0,67.0,0.0,56.0,0.0,224.0,20.0,0.0,0.0,0.0,0.0,0.0,25.0,0.0,15.0,0.0,0.0,5.0,0.0,0.0,0.0,0.0,5.0,0.0,28.0,0.0,0.0,0.0,0.0,0.0,0.0,0.0,0.0,0.0,0.0,906.0,40.0,0.0,48.0,0.0,13.0,0.0,24704.0,0.0,0.0,0.0,0.0,0.0,0.0,0.0,0.0,6.0,0.0,55.0,7.0,11.0,0.0,11.0,38.0,20.0,0.0,19.0,0.0,0.0,0.0,6.0,0.0,679.0,0.0,61.0,0.0,0.0,32.0,0.0,0.0,3.0,AD,AD08
AD09,0.0,0.0,1789.0,9.0,3.0,4.0,0.0,0.0,182.0,3.0,25.0,0.0,992.0,0.0,0.0,0.0,0.0,11.0,108.0,308.0,0.0,0.0,0.0,0.0,253.0,46.0,0.0,0.0,2.0,0.0,0.0,0.0,0.0,0.0,2.0,31.0,0.0,0.0,0.0,63.0,0.0,30.0,3713.0,1163.0,18.0,145.0,0.0,968.0,0.0,4333.0,0.0,0.0,1722.0,0.0,0.0,295.0,9.0,0.0,0.0,12.0,1647.0,0.0,9.0,0.0,2.0,12.0,6.0,0.0,0.0,0.0,0.0,0.0,9.0,0.0,2449.0,0.0,21.0,0.0,0.0,12.0,0.0,0.0,3.0,AD,AD09
AD10,0.0,0.0,163.0,0.0,0.0,0.0,0.0,49.0,89.0,0.0,64.0,0.0,121.0,0.0,0.0,0.0,0.0,0.0,43.0,31.0,0.0,184.0,0.0,0.0,38.0,70.0,0.0,0.0,0.0,517.0,0.0,541.0,0.0,0.0,6.0,523.0,0.0,0.0,0.0,13.0,2.0,33.0,2044.0,5.0,7.0,7.0,0.0,1427.0,0.0,6294.0,12.0,0.0,38.0,0.0,11.0,66.0,7.0,0.0,27.0,0.0,94.0,0.0,2.0,0.0,0.0,0.0,0.0,0.0,0.0,0.0,0.0,0.0,0.0,0.0,158.0,0.0,0.0,0.0,0.0,0.0,173.0,0.0,0.0,AD,AD10
AD100,0.0,520.0,6515.0,53.0,0.0,6.0,0.0,17.0,5667.0,0.0,568.0,0.0,188.0,36.0,25.0,18.0,0.0,5.0,257.0,13.0,4.0,17.0,0.0,0.0,932.0,24.0,0.0,0.0,13.0,0.0,0.0,15.0,0.0,0.0,0.0,1051.0,19.0,0.0,0.0,130.0,435.0,0.0,2274.0,0.0,130.0,12.0,0.0,435.0,0.0,3027.0,74.0,0.0,42.0,11.0,29.0,1067.0,0.0,11.0,38.0,0.0,0.0,0.0,8.0,0.0,8.0,23.0,21.0,0.0,0.0,61.0,0.0,0.0,6.0,0.0,500.0,103.0,54.0,0.0,41.0,18.0,0.0,0.0,31.0,AD,AD100
AD101,0.0,0.0,15.0,0.0,0.0,30.0,0.0,0.0,198.0,0.0,7.0,0.0,653.0,0.0,0.0,0.0,0.0,0.0,0.0,45.0,0.0,0.0,0.0,0.0,3439.0,9.0,7.0,0.0,9.0,4.0,0.0,251.0,0.0,6.0,0.0,0.0,0.0,0.0,0.0,216.0,0.0,0.0,3719.0,506.0,0.0,12.0,0.0,7.0,0.0,122.0,0.0,0.0,0.0,0.0,0.0,689.0,0.0,0.0,0.0,0.0,377.0,200.0,0.0,0.0,0.0,0.0,0.0,0.0,0.0,0.0,0.0,0.0,0.0,0.0,7088.0,0.0,0.0,0.0,0.0,0.0,0.0,0.0,0.0,AD,AD101
AD102,0.0,0.0,7764.0,0.0,0.0,0.0,0.0,0.0,50.0,0.0,0.0,0.0,7432.0,465.0,0.0,0.0,0.0,0.0,1035.0,0.0,0.0,99.0,0.0,0.0,27.0,0.0,0.0,0.0,9.0,0.0,0.0,11.0,0.0,0.0,0.0,11.0,0.0,0.0,0.0,63.0,0.0,0.0,1147.0,0.0,0.0,38.0,0.0,245.0,0.0,709.0,0.0,9.0,19.0,0.0,39.0,9.0,0.0,0.0,0.0,0.0,231.0,0.0,0.0,0.0,0.0,0.0,0.0,0.0,0.0,0.0,0.0,0.0,306.0,0.0,6255.0,0.0,0.0,0.0,0.0,0.0,0.0,0.0,42.0,AD,AD102
AD103,0.0,4.0,617.0,0.0,0.0,0.0,0.0,0.0,26.0,0.0,10.0,0.0,7708.0,1295.0,0.0,0.0,0.0,0.0,132.0,0.0,0.0,0.0,0.0,0.0,16.0,0.0,0.0,0.0,10.0,0.0,0.0,8.0,0.0,0.0,0.0,4.0,0.0,0.0,0.0,0.0,132.0,0.0,686.0,0.0,0.0,0.0,0.0,237.0,0.0,205.0,0.0,0.0,36.0,0.0,16.0,4.0,0.0,0.0,0.0,2858.0,0.0,0.0,0.0,0.0,0.0,0.0,0.0,0.0,0.0,0.0,0.0,0.0,109.0,0.0,269.0,16.0,0.0,0.0,0.0,0.0,0.0,0.0,13.0,AD,AD103
AD104,0.0,44.0,63.0,0.0,0.0,17.0,0.0,39.0,293.0,0.0,37.0,0.0,194.0,8.0,0.0,0.0,0.0,254.0,9.0,3.0,0.0,18.0,0.0,0.0,399.0,689.0,0.0,4.0,0.0,116.0,22.0,256.0,0.0,10.0,0.0,79.0,0.0,0.0,0.0,113.0,0.0,0.0,3892.0,57.0,2.0,496.0,0.0,79.0,0.0,6097.0,0.0,0.0,0.0,3.0,14.0,534.0,0.0,0.0,5.0,0.0,0.0,0.0,8.0,0.0,0.0,0.0,0.0,0.0,0.0,0.0,0.0,0.0,0.0,0.0,3040.0,0.0,0.0,3.0,0.0,0.0,0.0,0.0,4.0,AD,AD104
AD105,0.0,0.0,187.0,0.0,0.0,0.0,0.0,0.0,10.0,0.0,44.0,0.0,6928.0,9.0,231.0,0.0,0.0,115.0,14.0,769.0,0.0,0.0,0.0,0.0,141.0,24.0,0.0,0.0,0.0,0.0,0.0,9.0,0.0,0.0,0.0,10.0,0.0,0.0,0.0,77.0,116.0,0.0,4646.0,0.0,0.0,40.0,0.0,344.0,0.0,326.0,0.0,0.0,12.0,0.0,12.0,92.0,0.0,0.0,415.0,0.0,0.0,0.0,3.0,0.0,2.0,0.0,3.0,0.0,0.0,0.0,0.0,0.0,0.0,0.0,94.0,0.0,4.0,0.0,0.0,2.0,0.0,0.0,675.0,AD,AD105
AD106,0.0,103.0,11221.0,8.0,0.0,4.0,0.0,4.0,0.0,0.0,255.0,0.0,6.0,0.0,0.0,0.0,0.0,0.0,0.0,0.0,0.0,0.0,0.0,0.0,459.0,108.0,0.0,0.0,27.0,0.0,4.0,20.0,0.0,6.0,0.0,0.0,0.0,0.0,0.0,7.0,51.0,0.0,4846.0,0.0,0.0,0.0,0.0,174.0,0.0,87.0,0.0,7.0,26.0,0.0,0.0,171.0,0.0,0.0,6.0,0.0,0.0,0.0,98.0,0.0,4.0,10.0,5.0,0.0,0.0,4.0,0.0,0.0,0.0,0.0,5432.0,0.0,23.0,0.0,0.0,3.0,0.0,0.0,757.0,AD,AD106
AD107,0.0,0.0,250.0,87.0,0.0,0.0,0.0,0.0,14.0,0.0,48.0,0.0,2296.0,0.0,45.0,0.0,0.0,66.0,550.0,311.0,0.0,10.0,0.0,0.0,150.0,34.0,0.0,0.0,245.0,0.0,6.0,0.0,0.0,0.0,0.0,70.0,0.0,0.0,0.0,0.0,21.0,0.0,2573.0,0.0,29.0,18.0,0.0,727.0,0.0,4943.0,0.0,0.0,39.0,0.0,23.0,0.0,0.0,0.0,11.0,0.0,138.0,0.0,0.0,0.0,0.0,0.0,0.0,0.0,0.0,0.0,0.0,0.0,0.0,0.0,9639.0,0.0,8.0,0.0,0.0,6.0,0.0,0.0,9.0,AD,AD107
AD108,0.0,12.0,346.0,0.0,0.0,0.0,0.0,0.0,36.0,9.0,23.0,0.0,3137.0,1758.0,59.0,0.0,0.0,0.0,2172.0,491.0,0.0,25.0,0.0,0.0,73.0,30.0,0.0,0.0,0.0,83.0,29.0,14.0,0.0,5.0,0.0,13.0,0.0,0.0,0.0,22.0,0.0,0.0,1175.0,4.0,3.0,13.0,0.0,134.0,0.0,5810.0,0.0,14.0,34.0,0.0,27.0,48.0,3.0,0.0,0.0,0.0,29.0,0.0,0.0,0.0,0.0,5.0,0.0,0.0,0.0,0.0,0.0,0.0,0.0,18.0,130.0,0.0,0.0,0.0,0.0,0.0,0.0,0.0,5351.0,AD,AD108
AD109,0.0,115.0,7356.0,39.0,4.0,5.0,0.0,57.0,12042.0,38.0,141.0,0.0,119.0,0.0,8.0,0.0,0.0,285.0,14.0,7.0,4.0,0.0,0.0,2.0,140.0,8.0,19.0,0.0,788.0,19.0,14.0,86.0,0.0,0.0,0.0,85.0,0.0,0.0,0.0,1643.0,100.0,0.0,1115.0,5.0,44.0,0.0,0.0,172.0,0.0,420.0,0.0,12.0,227.0,0.0,105.0,0.0,65.0,0.0,32.0,8.0,22.0,0.0,0.0,0.0,5.0,15.0,9.0,0.0,0.0,18.0,19.0,0.0,6.0,0.0,483.0,0.0,42.0,0.0,10.0,25.0,0.0,0.0,4.0,AD,AD109
AD11,8.0,0.0,7.0,0.0,0.0,5.0,0.0,0.0,83.0,0.0,48.0,29.0,1243.0,0.0,28.0,0.0,0.0,165.0,73.0,198.0,0.0,199.0,0.0,0.0,173.0,0.0,0.0,0.0,0.0,31.0,0.0,0.0,0.0,0.0,0.0,106.0,0.0,0.0,0.0,40.0,0.0,9.0,1616.0,6.0,0.0,11.0,0.0,495.0,0.0,2938.0,9.0,0.0,146.0,0.0,32.0,9.0,0.0,0.0,3049.0,0.0,1703.0,0.0,0.0,0.0,5.0,11.0,11.0,0.0,12.0,0.0,0.0,0.0,46.0,0.0,9075.0,6.0,42.0,0.0,0.0,16.0,17.0,0.0,0.0,AD,AD11
AD110,3.0,0.0,0.0,6518.0,5.0,9.0,0.0,0.0,0.0,0.0,0.0,0.0,0.0,0.0,0.0,0.0,0.0,0.0,0.0,0.0,0.0,0.0,0.0,0.0,0.0,0.0,94.0,0.0,19517.0,0.0,0.0,10.0,0.0,0.0,0.0,3.0,0.0,0.0,0.0,3.0,0.0,0.0,0.0,0.0,0.0,0.0,0.0,0.0,0.0,0.0,0.0,0.0,0.0,0.0,0.0,0.0,0.0,0.0,0.0,0.0,0.0,0.0,0.0,0.0,2.0,17.0,10.0,0.0,0.0,2.0,0.0,0.0,0.0,0.0,24.0,0.0,46.0,0.0,0.0,13.0,0.0,0.0,7.0,AD,AD110
AD111,1294.0,0.0,79.0,0.0,0.0,3.0,0.0,0.0,58.0,7.0,49.0,0.0,9162.0,106.0,253.0,0.0,0.0,0.0,3115.0,138.0,0.0,0.0,0.0,0.0,7.0,11.0,0.0,0.0,46.0,0.0,0.0,22.0,0.0,0.0,0.0,66.0,53.0,503.0,0.0,5.0,0.0,0.0,3093.0,14.0,16.0,0.0,0.0,2064.0,17.0,515.0,66.0,0.0,272.0,0.0,28.0,0.0,0.0,0.0,366.0,0.0,13.0,0.0,0.0,0.0,0.0,8.0,5.0,0.0,0.0,0.0,0.0,0.0,36.0,0.0,133.0,0.0,12.0,0.0,0.0,7.0,0.0,0.0,1200.0,AD,AD111
AD112,0.0,31.0,3575.0,0.0,0.0,5.0,0.0,14.0,0.0,0.0,0.0,0.0,641.0,0.0,0.0,0.0,0.0,9.0,0.0,0.0,0.0,0.0,0.0,0.0,135.0,13.0,0.0,0.0,55.0,0.0,0.0,187.0,0.0,0.0,0.0,0.0,0.0,0.0,0.0,225.0,0.0,0.0,3312.0,6.0,0.0,3.0,0.0,69.0,0.0,29.0,0.0,0.0,0.0,0.0,0.0,414.0,8.0,0.0,145.0,0.0,10173.0,3.0,0.0,0.0,0.0,0.0,0.0,0.0,0.0,2.0,0.0,0.0,13.0,0.0,4443.0,0.0,2.0,0.0,6.0,2.0,0.0,0.0,10.0,AD,AD112
AD113,13.0,24.0,491.0,3.0,0.0,0.0,12.0,0.0,59.0,0.0,0.0,0.0,6932.0,134.0,99.0,124.0,0.0,44.0,690.0,282.0,0.0,66.0,0.0,0.0,13.0,13.0,0.0,0.0,0.0,25.0,0.0,49.0,0.0,9.0,0.0,135.0,0.0,0.0,0.0,0.0,6.0,0.0,2027.0,0.0,63.0,0.0,0.0,1106.0,0.0,2387.0,0.0,0.0,366.0,0.0,56.0,6.0,0.0,0.0,114.0,5.0,0.0,0.0,14.0,0.0,0.0,0.0,0.0,0.0,0.0,0.0,0.0,0.0,21.0,0.0,8329.0,0.0,0.0,0.0,0.0,0.0,43.0,0.0,0.0,AD,AD113
AD114,0.0,29.0,1007.0,0.0,0.0,0.0,0.0,40.0,59.0,3.0,21.0,0.0,4787.0,0.0,0.0,0.0,0.0,0.0,1853.0,447.0,0.0,0.0,0.0,0.0,108.0,7.0,0.0,0.0,0.0,9.0,4.0,197.0,0.0,0.0,0.0,252.0,0.0,1687.0,0.0,81.0,0.0,0.0,2608.0,549.0,0.0,35.0,0.0,496.0,0.0,5265.0,0.0,0.0,48.0,0.0,11.0,473.0,0.0,0.0,0.0,0.0,180.0,0.0,0.0,7.0,0.0,0.0,0.0,0.0,0.0,0.0,0.0,0.0,0.0,0.0,1479.0,0.0,5.0,4.0,0.0,0.0,0.0,0.0,0.0,AD,AD114
AD116,0.0,179.0,755.0,0.0,0.0,0.0,0.0,42.0,21.0,0.0,193.0,0.0,2922.0,0.0,0.0,6.0,0.0,94.0,24.0,231.0,0.0,0.0,0.0,0.0,32.0,24.0,8.0,0.0,0.0,64.0,0.0,116.0,0.0,18.0,0.0,8.0,0.0,0.0,0.0,0.0,0.0,0.0,2556.0,71.0,0.0,37.0,0.0,180.0,0.0,792.0,0.0,0.0,19.0,0.0,38.0,92.0,0.0,0.0,107.0,0.0,1947.0,0.0,177.0,21.0,0.0,0.0,0.0,0.0,0.0,0.0,0.0,0.0,338.0,0.0,9931.0,0.0,0.0,0.0,0.0,0.0,0.0,0.0,22.0,AD,AD116
AD118,162.0,61.0,195.0,0.0,0.0,0.0,0.0,23.0,624.0,28.0,644.0,7.0,704.0,85.0,48.0,0.0,0.0,643.0,332.0,92.0,2.0,39.0,0.0,0.0,81.0,44.0,0.0,9.0,17.0,45.0,40.0,554.0,0.0,29.0,0.0,1247.0,19.0,0.0,0.0,0.0,22.0,6.0,5956.0,183.0,77.0,0.0,0.0,1634.0,0.0,3802.0,357.0,0.0,622.0,0.0,102.0,405.0,0.0,0.0,8.0,0.0,213.0,0.0,134.0,34.0,3.0,18.0,6.0,64.0,0.0,8.0,0.0,0.0,61.0,0.0,2206.0,0.0,18.0,0.0,0.0,18.0,19.0,4.0,3461.0,AD,AD118
AD119,0.0,102.0,4800.0,0.0,0.0,10.0,0.0,36.0,1629.0,0.0,144.0,0.0,8.0,0.0,0.0,0.0,0.0,0.0,3.0,0.0,0.0,0.0,0.0,0.0,98.0,137.0,72.0,145.0,14.0,63.0,9.0,1624.0,0.0,130.0,0.0,0.0,0.0,0.0,0.0,38.0,0.0,0.0,4196.0,267.0,0.0,7.0,0.0,14.0,0.0,296.0,0.0,0.0,0.0,0.0,9.0,271.0,17.0,0.0,0.0,0.0,32.0,0.0,35.0,0.0,0.0,3.0,0.0,0.0,0.0,0.0,0.0,0.0,0.0,0.0,9964.0,0.0,4.0,0.0,0.0,2.0,0.0,0.0,41.0,AD,AD119
AD12,0.0,0.0,2605.0,0.0,0.0,0.0,0.0,0.0,109.0,0.0,0.0,0.0,1352.0,0.0,0.0,0.0,0.0,0.0,4.0,40.0,0.0,4.0,0.0,0.0,126.0,12.0,0.0,0.0,0.0,0.0,0.0,12.0,0.0,0.0,0.0,0.0,0.0,0.0,0.0,0.0,0.0,0.0,3147.0,234.0,0.0,217.0,0.0,131.0,0.0,4211.0,0.0,0.0,772.0,0.0,0.0,12.0,0.0,0.0,120.0,0.0,13.0,0.0,0.0,0.0,0.0,0.0,0.0,0.0,0.0,0.0,0.0,0.0,26.0,0.0,0.0,0.0,0.0,0.0,0.0,2.0,0.0,0.0,0.0,AD,AD12
AD120,4.0,57.0,11368.0,0.0,0.0,0.0,0.0,115.0,1133.0,34.0,78.0,7.0,192.0,0.0,0.0,489.0,2.0,0.0,121.0,21.0,0.0,24.0,0.0,0.0,16.0,48.0,0.0,0.0,0.0,141.0,0.0,79.0,50.0,0.0,0.0,426.0,0.0,0.0,0.0,243.0,0.0,0.0,2416.0,37.0,0.0,16.0,0.0,690.0,0.0,2032.0,0.0,0.0,1727.0,0.0,141.0,1377.0,16.0,0.0,0.0,0.0,0.0,0.0,75.0,28.0,0.0,22.0,5.0,0.0,0.0,2.0,0.0,0.0,0.0,0.0,6427.0,0.0,24.0,0.0,0.0,10.0,0.0,0.0,1493.0,AD,AD120
AD121,0.0,13.0,136.0,0.0,0.0,0.0,0.0,0.0,84.0,6.0,150.0,0.0,128.0,0.0,0.0,0.0,0.0,55.0,5.0,56.0,0.0,0.0,0.0,0.0,10.0,0.0,18.0,9.0,19.0,0.0,0.0,52.0,0.0,23.0,0.0,0.0,0.0,0.0,0.0,52.0,0.0,0.0,3716.0,180.0,0.0,61.0,0.0,216.0,0.0,1901.0,0.0,0.0,0.0,0.0,2.0,32.0,0.0,0.0,19.0,0.0,0.0,0.0,7.0,0.0,0.0,0.0,0.0,0.0,0.0,0.0,0.0,0.0,109.0,0.0,23186.0,0.0,3.0,77.0,0.0,0.0,0.0,0.0,6.0,AD,AD121
AD122,0.0,136.0,1060.0,0.0,0.0,4.0,0.0,28.0,26.0,0.0,258.0,0.0,162.0,0.0,0.0,0.0,0.0,77.0,4.0,17.0,20.0,18.0,5.0,8.0,39.0,1377.0,27.0,0.0,27.0,9.0,0.0,172.0,0.0,45.0,0.0,0.0,0.0,0.0,0.0,2102.0,0.0,0.0,2159.0,8.0,0.0,0.0,0.0,4.0,0.0,817.0,0.0,0.0,19.0,0.0,0.0,968.0,0.0,0.0,0.0,67.0,212.0,0.0,72.0,5.0,0.0,15.0,12.0,0.0,0.0,24.0,0.0,0.0,14.0,0.0,21051.0,0.0,25.0,73.0,19.0,7.0,0.0,0.0,3.0,AD,AD122
AD123,0.0,37.0,30.0,0.0,0.0,60.0,14.0,0.0,8.0,32.0,211.0,0.0,1487.0,22.0,13.0,43.0,4.0,5315.0,524.0,141.0,0.0,1371.0,0.0,0.0,33.0,0.0,0.0,20.0,0.0,13.0,7.0,433.0,0.0,0.0,0.0,14.0,0.0,0.0,0.0,0.0,0.0,0.0,1377.0,14.0,2.0,60.0,0.0,1033.0,0.0,10285.0,0.0,0.0,207.0,0.0,134.0,26.0,0.0,0.0,0.0,0.0,270.0,0.0,48.0,0.0,4.0,13.0,5.0,0.0,0.0,12.0,0.0,0.0,24.0,0.0,689.0,0.0,23.0,0.0,5.0,16.0,0.0,0.0,15.0,AD,AD123
AD125,0.0,16.0,5.0,0.0,0.0,5.0,0.0,0.0,57.0,3.0,59.0,0.0,131.0,0.0,0.0,0.0,0.0,0.0,7.0,4.0,0.0,5.0,0.0,0.0,429.0,4.0,0.0,0.0,0.0,6.0,4.0,121.0,0.0,8.0,0.0,0.0,0.0,12.0,0.0,0.0,0.0,0.0,3102.0,501.0,0.0,124.0,0.0,34.0,0.0,17740.0,0.0,0.0,0.0,0.0,0.0,0.0,80.0,0.0,0.0,0.0,8.0,0.0,29.0,0.0,0.0,0.0,0.0,0.0,0.0,0.0,0.0,0.0,13.0,0.0,1950.0,0.0,5.0,0.0,0.0,0.0,0.0,0.0,158.0,AD,AD125
AD126,0.0,171.0,1591.0,8.0,0.0,61.0,0.0,310.0,5.0,0.0,295.0,0.0,788.0,0.0,0.0,0.0,44.0,0.0,0.0,39.0,4.0,0.0,0.0,0.0,347.0,71.0,9.0,27.0,0.0,126.0,33.0,1438.0,0.0,233.0,0.0,0.0,0.0,0.0,0.0,177.0,7.0,0.0,6627.0,0.0,0.0,13.0,0.0,492.0,0.0,402.0,0.0,0.0,0.0,0.0,0.0,12.0,615.0,0.0,0.0,75.0,170.0,0.0,313.0,152.0,0.0,7.0,8.0,0.0,0.0,8.0,0.0,0.0,0.0,0.0,10521.0,0.0,23.0,0.0,7.0,10.0,0.0,0.0,0.0,AD,AD126
AD127,81.0,0.0,117.0,0.0,0.0,0.0,0.0,8.0,45.0,30.0,79.0,0.0,599.0,25.0,11.0,0.0,0.0,480.0,200.0,117.0,0.0,232.0,0.0,0.0,93.0,105.0,0.0,0.0,0.0,463.0,0.0,18.0,16.0,0.0,0.0,784.0,0.0,1916.0,8.0,4.0,0.0,3.0,1168.0,9.0,9.0,9.0,0.0,416.0,6.0,2022.0,0.0,0.0,922.0,0.0,3.0,71.0,0.0,0.0,0.0,0.0,335.0,5.0,7.0,0.0,0.0,0.0,3.0,0.0,0.0,5.0,0.0,0.0,0.0,13.0,18994.0,6.0,2.0,0.0,0.0,0.0,4.0,0.0,36.0,AD,AD127
AD13,0.0,0.0,12.0,0.0,0.0,0.0,0.0,0.0,0.0,5.0,15.0,0.0,2726.0,0.0,0.0,0.0,0.0,464.0,493.0,114.0,0.0,47.0,0.0,0.0,8.0,0.0,0.0,0.0,0.0,0.0,0.0,69.0,0.0,0.0,0.0,0.0,0.0,0.0,0.0,0.0,0.0,0.0,2192.0,91.0,0.0,133.0,0.0,546.0,0.0,5538.0,0.0,0.0,228.0,0.0,0.0,0.0,0.0,0.0,221.0,0.0,53.0,0.0,2.0,0.0,0.0,0.0,0.0,0.0,0.0,0.0,0.0,0.0,0.0,0.0,1439.0,0.0,0.0,0.0,0.0,0.0,9.0,0.0,0.0,AD,AD13
AD14,0.0,0.0,85.0,0.0,0.0,0.0,0.0,0.0,95.0,0.0,10.0,0.0,1376.0,0.0,0.0,0.0,0.0,1187.0,0.0,80.0,0.0,0.0,0.0,0.0,355.0,9.0,0.0,0.0,0.0,8.0,0.0,288.0,0.0,0.0,0.0,0.0,0.0,0.0,0.0,0.0,0.0,0.0,2242.0,12.0,0.0,56.0,0.0,13.0,0.0,4922.0,0.0,0.0,0.0,0.0,0.0,0.0,0.0,0.0,0.0,0.0,461.0,0.0,0.0,0.0,0.0,0.0,0.0,0.0,0.0,0.0,0.0,0.0,13.0,0.0,2876.0,0.0,2.0,0.0,0.0,0.0,0.0,0.0,0.0,AD,AD14
AD16,0.0,0.0,2223.0,0.0,0.0,0.0,0.0,5.0,160.0,0.0,33.0,0.0,4.0,0.0,0.0,0.0,0.0,0.0,0.0,0.0,0.0,0.0,111.0,0.0,25.0,0.0,0.0,0.0,5.0,228.0,0.0,61.0,0.0,0.0,0.0,17.0,0.0,0.0,0.0,0.0,0.0,0.0,3545.0,58.0,10.0,0.0,0.0,366.0,0.0,4904.0,0.0,0.0,62.0,0.0,3.0,0.0,0.0,0.0,5.0,0.0,40.0,0.0,0.0,0.0,0.0,0.0,0.0,0.0,0.0,0.0,0.0,0.0,0.0,0.0,105.0,0.0,0.0,0.0,0.0,0.0,0.0,0.0,8.0,AD,AD16
AD17,0.0,14.0,7014.0,0.0,0.0,0.0,0.0,0.0,0.0,0.0,105.0,0.0,0.0,0.0,0.0,0.0,0.0,0.0,0.0,0.0,0.0,0.0,0.0,0.0,200.0,45.0,0.0,0.0,72.0,22.0,4.0,1282.0,0.0,0.0,0.0,10.0,0.0,0.0,0.0,0.0,0.0,0.0,664.0,33.0,0.0,61.0,0.0,55.0,0.0,2135.0,0.0,0.0,29.0,0.0,21.0,28.0,0.0,0.0,0.0,0.0,102.0,0.0,0.0,0.0,0.0,6.0,0.0,0.0,0.0,0.0,0.0,0.0,0.0,0.0,0.0,0.0,7.0,3.0,0.0,0.0,0.0,0.0,3332.0,AD,AD17
AD18,0.0,0.0,8845.0,0.0,0.0,0.0,0.0,2.0,749.0,0.0,0.0,0.0,50.0,0.0,0.0,0.0,0.0,0.0,0.0,0.0,0.0,0.0,0.0,0.0,37.0,0.0,0.0,0.0,419.0,7.0,207.0,21.0,0.0,0.0,0.0,9.0,0.0,0.0,0.0,0.0,0.0,0.0,2070.0,0.0,0.0,0.0,0.0,402.0,0.0,27.0,0.0,7.0,0.0,0.0,0.0,96.0,0.0,0.0,0.0,0.0,0.0,0.0,5.0,0.0,0.0,0.0,0.0,0.0,0.0,0.0,0.0,0.0,0.0,0.0,830.0,0.0,2.0,0.0,0.0,0.0,0.0,0.0,0.0,AD,AD18
AD19,0.0,0.0,4238.0,0.0,0.0,5.0,0.0,0.0,716.0,97.0,114.0,0.0,379.0,16.0,0.0,0.0,0.0,5.0,138.0,51.0,0.0,13.0,0.0,0.0,623.0,66.0,0.0,0.0,243.0,0.0,7.0,75.0,0.0,0.0,0.0,372.0,0.0,0.0,0.0,0.0,38.0,0.0,6870.0,13.0,0.0,426.0,7.0,536.0,0.0,4157.0,0.0,0.0,827.0,0.0,32.0,138.0,0.0,0.0,13.0,73.0,3.0,0.0,0.0,0.0,0.0,0.0,5.0,0.0,0.0,0.0,0.0,0.0,0.0,0.0,309.0,0.0,21.0,0.0,0.0,6.0,0.0,0.0,0.0,AD,AD19
AD20,0.0,0.0,4154.0,0.0,0.0,0.0,0.0,0.0,3544.0,92.0,147.0,0.0,37.0,0.0,0.0,0.0,0.0,3.0,0.0,0.0,0.0,20.0,0.0,0.0,58.0,28.0,0.0,0.0,0.0,0.0,0.0,0.0,0.0,0.0,0.0,7.0,0.0,0.0,0.0,0.0,6.0,0.0,2830.0,0.0,0.0,38.0,0.0,104.0,0.0,660.0,0.0,0.0,218.0,0.0,147.0,6.0,52.0,0.0,0.0,0.0,29.0,0.0,0.0,0.0,0.0,0.0,0.0,0.0,0.0,0.0,0.0,0.0,0.0,0.0,10.0,0.0,0.0,0.0,0.0,0.0,0.0,0.0,1333.0,AD,AD20
AD21,0.0,0.0,2223.0,0.0,0.0,0.0,0.0,0.0,52.0,0.0,0.0,0.0,0.0,0.0,0.0,0.0,0.0,0.0,0.0,0.0,0.0,9.0,0.0,0.0,5.0,0.0,0.0,0.0,0.0,0.0,0.0,0.0,0.0,0.0,0.0,0.0,0.0,0.0,0.0,0.0,0.0,0.0,241.0,5.0,0.0,0.0,0.0,0.0,0.0,13291.0,0.0,0.0,0.0,0.0,14.0,0.0,0.0,0.0,8.0,0.0,10.0,0.0,0.0,0.0,0.0,0.0,0.0,0.0,0.0,0.0,0.0,0.0,0.0,0.0,175.0,0.0,2.0,0.0,0.0,0.0,0.0,0.0,238.0,AD,AD21
AD22,0.0,5.0,7217.0,0.0,0.0,0.0,0.0,0.0,1728.0,27.0,143.0,0.0,230.0,85.0,0.0,0.0,0.0,0.0,173.0,49.0,0.0,71.0,0.0,0.0,16.0,20.0,0.0,0.0,60.0,39.0,3.0,88.0,0.0,0.0,0.0,716.0,0.0,0.0,0.0,0.0,56.0,0.0,1250.0,6.0,4.0,6.0,0.0,592.0,0.0,519.0,0.0,7.0,201.0,0.0,368.0,43.0,0.0,0.0,155.0,0.0,33.0,0.0,0.0,0.0,0.0,0.0,0.0,0.0,0.0,0.0,0.0,0.0,0.0,0.0,221.0,0.0,0.0,0.0,0.0,0.0,0.0,0.0,2654.0,AD,AD22
AD23,0.0,0.0,46.0,0.0,0.0,0.0,0.0,0.0,0.0,2.0,69.0,0.0,679.0,31.0,4.0,11.0,0.0,112.0,76.0,51.0,0.0,0.0,0.0,0.0,39.0,13.0,0.0,0.0,0.0,3.0,0.0,4.0,0.0,0.0,0.0,35.0,0.0,0.0,0.0,40.0,0.0,0.0,1846.0,4.0,0.0,63.0,0.0,128.0,0.0,10768.0,0.0,0.0,102.0,0.0,6.0,9.0,0.0,0.0,7.0,0.0,476.0,0.0,0.0,0.0,0.0,0.0,0.0,0.0,0.0,0.0,0.0,0.0,0.0,0.0,7.0,0.0,3.0,0.0,0.0,0.0,0.0,0.0,18.0,AD,AD23
AD24,0.0,0.0,6657.0,0.0,0.0,0.0,0.0,0.0,31.0,0.0,49.0,0.0,5.0,0.0,0.0,0.0,0.0,0.0,21.0,79.0,0.0,0.0,0.0,0.0,0.0,36.0,0.0,0.0,28.0,11.0,0.0,0.0,0.0,0.0,0.0,0.0,0.0,0.0,0.0,15.0,0.0,0.0,1821.0,0.0,0.0,0.0,0.0,0.0,0.0,1781.0,0.0,0.0,0.0,0.0,0.0,9.0,28.0,0.0,0.0,0.0,0.0,0.0,0.0,0.0,0.0,0.0,0.0,0.0,0.0,0.0,0.0,0.0,0.0,0.0,6498.0,0.0,0.0,0.0,0.0,0.0,0.0,0.0,11.0,AD,AD24
AD25,0.0,5.0,881.0,0.0,0.0,0.0,0.0,0.0,12.0,19.0,4.0,0.0,0.0,0.0,0.0,0.0,0.0,0.0,0.0,0.0,0.0,10.0,0.0,0.0,101.0,24.0,0.0,18.0,12.0,26.0,145.0,30.0,0.0,0.0,0.0,0.0,0.0,0.0,0.0,0.0,0.0,0.0,434.0,0.0,0.0,224.0,0.0,0.0,0.0,112.0,0.0,0.0,0.0,0.0,0.0,123.0,0.0,0.0,0.0,0.0,0.0,0.0,0.0,0.0,0.0,0.0,2.0,0.0,0.0,0.0,0.0,0.0,0.0,0.0,4230.0,0.0,0.0,0.0,0.0,0.0,0.0,0.0,8193.0,AD,AD25
AD26,68.0,7.0,9811.0,0.0,0.0,0.0,0.0,9.0,736.0,7.0,315.0,0.0,37.0,8.0,0.0,0.0,0.0,0.0,29.0,7.0,0.0,0.0,0.0,0.0,45.0,34.0,0.0,0.0,0.0,190.0,0.0,8.0,0.0,0.0,0.0,199.0,0.0,0.0,0.0,0.0,66.0,0.0,819.0,3.0,0.0,0.0,0.0,369.0,0.0,1143.0,0.0,0.0,888.0,0.0,44.0,5.0,14.0,0.0,157.0,0.0,0.0,0.0,6.0,0.0,0.0,0.0,0.0,0.0,0.0,0.0,0.0,0.0,0.0,0.0,37.0,0.0,5.0,0.0,0.0,0.0,3.0,0.0,794.0,AD,AD26
AD27,0.0,14.0,13622.0,0.0,0.0,3.0,0.0,0.0,1988.0,0.0,0.0,0.0,0.0,0.0,0.0,0.0,0.0,0.0,0.0,0.0,0.0,0.0,0.0,0.0,0.0,0.0,0.0,0.0,0.0,685.0,6.0,398.0,0.0,0.0,0.0,0.0,0.0,0.0,0.0,0.0,0.0,0.0,132.0,0.0,0.0,0.0,0.0,0.0,0.0,0.0,0.0,0.0,0.0,0.0,0.0,8.0,0.0,0.0,0.0,0.0,11.0,0.0,0.0,0.0,0.0,0.0,0.0,0.0,0.0,0.0,0.0,0.0,0.0,0.0,9.0,0.0,0.0,0.0,0.0,0.0,0.0,0.0,0.0,AD,AD27
AD29,0.0,0.0,13149.0,4.0,0.0,0.0,0.0,0.0,2066.0,392.0,246.0,0.0,199.0,0.0,0.0,0.0,0.0,34.0,77.0,55.0,0.0,0.0,0.0,0.0,193.0,57.0,0.0,0.0,41.0,805.0,19.0,160.0,0.0,0.0,0.0,31.0,0.0,0.0,0.0,4.0,4.0,0.0,4336.0,431.0,17.0,14.0,10.0,1165.0,0.0,883.0,0.0,20.0,1781.0,0.0,89.0,4.0,0.0,0.0,404.0,0.0,57.0,0.0,0.0,4.0,0.0,3.0,4.0,0.0,0.0,0.0,0.0,0.0,5.0,0.0,615.0,0.0,8.0,0.0,0.0,0.0,0.0,0.0,9.0,AD,AD29
AD30,0.0,0.0,10455.0,0.0,0.0,0.0,0.0,10.0,4.0,0.0,94.0,0.0,48.0,0.0,0.0,0.0,0.0,0.0,0.0,0.0,0.0,10.0,0.0,0.0,181.0,104.0,0.0,0.0,0.0,0.0,0.0,17.0,0.0,0.0,0.0,67.0,0.0,0.0,0.0,112.0,0.0,26.0,6100.0,53.0,0.0,26.0,0.0,115.0,0.0,5408.0,0.0,0.0,196.0,0.0,13.0,108.0,0.0,0.0,5.0,0.0,534.0,0.0,10.0,0.0,2.0,0.0,4.0,0.0,0.0,0.0,0.0,0.0,23.0,0.0,12.0,0.0,7.0,0.0,0.0,0.0,0.0,0.0,120.0,AD,AD30
AD31,234.0,0.0,6534.0,0.0,0.0,0.0,26.0,0.0,6548.0,0.0,475.0,0.0,22.0,0.0,0.0,0.0,0.0,0.0,8.0,0.0,0.0,11.0,62.0,0.0,244.0,0.0,0.0,0.0,27.0,1204.0,0.0,71.0,0.0,0.0,0.0,95.0,0.0,0.0,0.0,0.0,47.0,10.0,3114.0,5.0,15.0,4.0,0.0,296.0,0.0,1745.0,6.0,0.0,4.0,0.0,45.0,0.0,9.0,0.0,1168.0,0.0,0.0,0.0,0.0,0.0,4.0,10.0,0.0,0.0,0.0,0.0,0.0,0.0,0.0,0.0,2972.0,0.0,16.0,0.0,0.0,10.0,0.0,0.0,13.0,AD,AD31
AD32,5.0,8.0,142.0,0.0,0.0,0.0,0.0,0.0,0.0,0.0,0.0,0.0,0.0,0.0,0.0,0.0,0.0,0.0,0.0,0.0,0.0,0.0,0.0,0.0,78.0,0.0,0.0,0.0,104.0,6.0,0.0,0.0,0.0,0.0,0.0,0.0,0.0,0.0,0.0,390.0,0.0,0.0,0.0,0.0,0.0,0.0,0.0,0.0,0.0,0.0,0.0,0.0,0.0,0.0,0.0,4.0,0.0,0.0,0.0,0.0,192.0,0.0,0.0,0.0,0.0,0.0,0.0,0.0,0.0,0.0,0.0,0.0,0.0,0.0,25927.0,0.0,0.0,0.0,0.0,0.0,0.0,0.0,0.0,AD,AD32
AD33,0.0,105.0,1448.0,0.0,0.0,0.0,40.0,69.0,376.0,0.0,66.0,0.0,2860.0,0.0,22.0,0.0,0.0,2.0,407.0,245.0,0.0,112.0,42.0,0.0,506.0,7.0,19.0,0.0,0.0,87.0,0.0,844.0,0.0,6.0,0.0,9.0,0.0,0.0,0.0,455.0,0.0,0.0,4905.0,121.0,0.0,148.0,0.0,186.0,0.0,12759.0,0.0,4.0,223.0,0.0,8.0,41.0,0.0,0.0,0.0,0.0,591.0,13.0,14.0,0.0,0.0,0.0,0.0,0.0,0.0,0.0,0.0,0.0,19.0,0.0,64.0,0.0,4.0,223.0,0.0,0.0,0.0,0.0,0.0,AD,AD33
AD34,0.0,0.0,10.0,0.0,0.0,0.0,0.0,0.0,413.0,19.0,300.0,0.0,77.0,0.0,0.0,0.0,0.0,823.0,26.0,4.0,0.0,0.0,0.0,0.0,246.0,45.0,0.0,0.0,0.0,0.0,0.0,8.0,0.0,0.0,0.0,188.0,0.0,0.0,0.0,3.0,7.0,0.0,3692.0,301.0,0.0,22.0,0.0,196.0,0.0,15636.0,0.0,0.0,485.0,0.0,92.0,68.0,4.0,0.0,0.0,29.0,0.0,0.0,0.0,0.0,0.0,0.0,0.0,0.0,0.0,0.0,0.0,0.0,0.0,0.0,93.0,0.0,2.0,0.0,0.0,0.0,0.0,0.0,11.0,AD,AD34
AD35,0.0,0.0,826.0,0.0,0.0,0.0,10.0,0.0,259.0,0.0,66.0,0.0,174.0,0.0,0.0,0.0,0.0,0.0,11.0,0.0,0.0,5.0,0.0,0.0,310.0,3.0,0.0,0.0,0.0,9.0,0.0,93.0,0.0,0.0,0.0,51.0,0.0,1228.0,0.0,41.0,0.0,0.0,6188.0,449.0,0.0,139.0,0.0,82.0,0.0,6740.0,0.0,0.0,459.0,0.0,3.0,60.0,0.0,0.0,0.0,10.0,29.0,0.0,0.0,0.0,0.0,2.0,0.0,0.0,0.0,0.0,0.0,0.0,0.0,0.0,195.0,0.0,0.0,0.0,0.0,0.0,0.0,0.0,554.0,AD,AD35
AD36,0.0,10.0,36913.0,0.0,0.0,0.0,0.0,0.0,0.0,0.0,0.0,0.0,0.0,0.0,0.0,0.0,0.0,0.0,0.0,0.0,0.0,0.0,0.0,0.0,0.0,0.0,0.0,0.0,16.0,225.0,0.0,26.0,0.0,0.0,0.0,0.0,0.0,0.0,0.0,6.0,0.0,0.0,727.0,0.0,0.0,0.0,0.0,35.0,0.0,7.0,0.0,0.0,0.0,0.0,0.0,4.0,0.0,0.0,0.0,0.0,388.0,0.0,0.0,0.0,0.0,0.0,0.0,0.0,0.0,0.0,0.0,0.0,0.0,0.0,774.0,0.0,7.0,0.0,0.0,0.0,0.0,0.0,0.0,AD,AD36
AD37,0.0,0.0,4379.0,0.0,0.0,0.0,110.0,172.0,1146.0,0.0,56.0,0.0,855.0,0.0,14.0,0.0,0.0,136.0,239.0,103.0,0.0,35.0,19.0,0.0,403.0,8.0,0.0,0.0,0.0,80.0,0.0,6.0,0.0,0.0,0.0,259.0,0.0,0.0,0.0,21.0,0.0,0.0,1939.0,143.0,53.0,59.0,0.0,571.0,0.0,4163.0,59.0,11.0,1395.0,0.0,12.0,0.0,5.0,0.0,6.0,0.0,17.0,0.0,3.0,0.0,0.0,0.0,0.0,0.0,0.0,0.0,0.0,0.0,0.0,0.0,1265.0,0.0,0.0,0.0,0.0,0.0,9.0,0.0,4203.0,AD,AD37
AD40,0.0,0.0,3464.0,0.0,0.0,0.0,0.0,0.0,146.0,0.0,6.0,0.0,859.0,0.0,4.0,0.0,0.0,0.0,0.0,0.0,0.0,25.0,0.0,0.0,105.0,62.0,0.0,0.0,0.0,10.0,2.0,0.0,0.0,0.0,0.0,193.0,0.0,0.0,0.0,83.0,0.0,107.0,2389.0,4.0,104.0,14.0,0.0,472.0,0.0,8125.0,0.0,0.0,517.0,0.0,6.0,111.0,0.0,0.0,0.0,0.0,634.0,0.0,0.0,0.0,0.0,0.0,0.0,0.0,0.0,0.0,0.0,0.0,0.0,0.0,262.0,0.0,0.0,0.0,0.0,0.0,0.0,0.0,9.0,AD,AD40
AD41,0.0,17.0,458.0,0.0,0.0,0.0,0.0,6.0,26.0,0.0,37.0,0.0,47.0,0.0,0.0,0.0,0.0,18.0,17.0,0.0,0.0,310.0,6.0,5.0,169.0,12.0,0.0,5.0,0.0,24.0,5.0,275.0,0.0,8.0,0.0,354.0,0.0,85.0,0.0,663.0,0.0,0.0,2691.0,882.0,0.0,28.0,0.0,40.0,0.0,10303.0,0.0,0.0,1137.0,0.0,0.0,426.0,54.0,0.0,4.0,16.0,563.0,0.0,14.0,5.0,0.0,0.0,0.0,0.0,0.0,0.0,0.0,0.0,19.0,0.0,357.0,0.0,5.0,0.0,0.0,3.0,9.0,0.0,7.0,AD,AD41
AD47,0.0,0.0,2552.0,0.0,0.0,0.0,0.0,2.0,268.0,0.0,58.0,0.0,114.0,0.0,0.0,0.0,0.0,9217.0,0.0,0.0,0.0,0.0,1057.0,0.0,0.0,0.0,0.0,0.0,7.0,4842.0,22.0,279.0,0.0,0.0,0.0,0.0,0.0,0.0,0.0,0.0,0.0,0.0,140.0,0.0,0.0,0.0,0.0,0.0,0.0,13.0,0.0,0.0,0.0,0.0,0.0,0.0,0.0,0.0,0.0,0.0,331.0,0.0,0.0,0.0,0.0,0.0,0.0,0.0,0.0,0.0,0.0,0.0,18.0,0.0,166.0,0.0,0.0,0.0,0.0,0.0,0.0,0.0,0.0,AD,AD47
AD50,0.0,44.0,121.0,0.0,6.0,0.0,121.0,23.0,95.0,0.0,27.0,0.0,203.0,14.0,10.0,0.0,0.0,2814.0,7.0,17.0,0.0,12.0,0.0,0.0,49.0,212.0,0.0,0.0,0.0,147.0,27.0,646.0,0.0,15.0,0.0,92.0,0.0,115.0,0.0,1836.0,0.0,0.0,2399.0,278.0,9.0,235.0,0.0,71.0,0.0,1831.0,0.0,0.0,292.0,0.0,0.0,1234.0,0.0,0.0,22.0,0.0,1947.0,0.0,42.0,15.0,0.0,5.0,4.0,0.0,0.0,3.0,0.0,0.0,0.0,5.0,9803.0,0.0,17.0,19.0,0.0,8.0,0.0,0.0,7.0,AD,AD50
AD53,0.0,0.0,264.0,0.0,47.0,68.0,0.0,0.0,2828.0,0.0,78.0,0.0,1171.0,0.0,0.0,0.0,0.0,0.0,72.0,7.0,25.0,0.0,0.0,8.0,107.0,5.0,0.0,0.0,0.0,3.0,0.0,8.0,0.0,0.0,0.0,68.0,0.0,0.0,0.0,0.0,0.0,0.0,8320.0,845.0,0.0,200.0,0.0,498.0,0.0,17329.0,0.0,0.0,293.0,0.0,16.0,103.0,0.0,0.0,0.0,0.0,3.0,0.0,0.0,0.0,77.0,192.0,146.0,0.0,0.0,0.0,12.0,0.0,0.0,0.0,28.0,0.0,718.0,0.0,7.0,363.0,0.0,0.0,76.0,AD,AD53
AD54,0.0,0.0,1559.0,0.0,0.0,0.0,0.0,36.0,2913.0,1.0,42.0,0.0,377.0,0.0,8.0,0.0,0.0,617.0,65.0,54.0,0.0,4.0,0.0,0.0,0.0,0.0,0.0,0.0,0.0,386.0,0.0,32.0,0.0,0.0,0.0,326.0,0.0,0.0,0.0,0.0,0.0,5.0,2465.0,7.0,62.0,30.0,0.0,1619.0,0.0,1974.0,0.0,0.0,1279.0,7.0,24.0,0.0,10.0,0.0,16.0,45.0,85.0,0.0,0.0,0.0,0.0,0.0,0.0,0.0,0.0,0.0,0.0,0.0,0.0,0.0,6835.0,0.0,0.0,0.0,0.0,0.0,6.0,0.0,2309.0,AD,AD54
AD55,43.0,0.0,15356.0,0.0,0.0,0.0,0.0,0.0,750.0,0.0,3.0,0.0,292.0,0.0,0.0,0.0,0.0,0.0,0.0,0.0,0.0,0.0,0.0,0.0,51.0,0.0,0.0,0.0,0.0,183.0,13.0,12.0,0.0,0.0,0.0,25.0,0.0,0.0,0.0,5.0,19.0,0.0,351.0,0.0,0.0,0.0,0.0,59.0,0.0,8015.0,0.0,0.0,0.0,0.0,6.0,0.0,10.0,0.0,0.0,0.0,477.0,4.0,0.0,0.0,0.0,0.0,0.0,0.0,0.0,0.0,0.0,0.0,0.0,0.0,232.0,0.0,0.0,0.0,0.0,0.0,0.0,0.0,20.0,AD,AD55
AD58,26.0,0.0,56.0,0.0,0.0,0.0,0.0,0.0,800.0,4.0,137.0,0.0,0.0,0.0,0.0,0.0,0.0,0.0,0.0,0.0,0.0,209.0,0.0,0.0,18.0,0.0,0.0,0.0,0.0,35.0,0.0,0.0,0.0,0.0,0.0,33.0,0.0,0.0,0.0,6.0,0.0,0.0,4804.0,78.0,0.0,6.0,0.0,170.0,0.0,379.0,0.0,0.0,425.0,0.0,6.0,0.0,0.0,0.0,0.0,0.0,89.0,5316.0,7.0,0.0,0.0,0.0,0.0,0.0,0.0,0.0,0.0,0.0,0.0,0.0,205.0,0.0,6.0,0.0,0.0,0.0,47.0,0.0,8456.0,AD,AD58
AD59,0.0,36.0,1842.0,0.0,0.0,0.0,0.0,11.0,0.0,0.0,66.0,0.0,98.0,0.0,0.0,0.0,0.0,0.0,0.0,7.0,0.0,0.0,0.0,0.0,139.0,2.0,0.0,18.0,0.0,3.0,2.0,616.0,0.0,17.0,0.0,27.0,0.0,981.0,0.0,1202.0,0.0,0.0,3904.0,516.0,0.0,56.0,0.0,107.0,0.0,11208.0,0.0,0.0,407.0,0.0,0.0,499.0,0.0,0.0,10.0,66.0,9.0,0.0,47.0,18.0,0.0,3.0,0.0,0.0,0.0,0.0,0.0,0.0,0.0,0.0,116.0,0.0,10.0,42.0,0.0,0.0,0.0,0.0,5.0,AD,AD59
AD60,2586.0,0.0,17855.0,9.0,0.0,0.0,0.0,0.0,720.0,23.0,302.0,0.0,51.0,0.0,0.0,0.0,47.0,2.0,0.0,76.0,0.0,75.0,0.0,0.0,1796.0,81.0,0.0,0.0,72.0,0.0,0.0,8.0,0.0,0.0,0.0,1679.0,3.0,0.0,0.0,0.0,134.0,18.0,762.0,0.0,30.0,0.0,0.0,634.0,0.0,1636.0,34.0,12.0,236.0,18.0,477.0,4.0,679.0,0.0,15.0,0.0,0.0,0.0,0.0,0.0,0.0,0.0,4.0,0.0,0.0,0.0,0.0,0.0,0.0,0.0,797.0,0.0,15.0,0.0,0.0,5.0,8.0,0.0,767.0,AD,AD60
AD61,0.0,0.0,60.0,0.0,0.0,0.0,0.0,0.0,905.0,0.0,4.0,0.0,92.0,0.0,0.0,0.0,0.0,0.0,0.0,10.0,0.0,0.0,0.0,0.0,309.0,59.0,0.0,0.0,0.0,0.0,0.0,0.0,0.0,0.0,0.0,7.0,0.0,0.0,0.0,76.0,0.0,0.0,10137.0,0.0,0.0,73.0,0.0,58.0,0.0,198.0,0.0,13.0,11.0,0.0,0.0,6.0,0.0,0.0,72.0,0.0,0.0,0.0,0.0,0.0,0.0,0.0,0.0,0.0,0.0,0.0,0.0,0.0,0.0,0.0,12180.0,0.0,0.0,0.0,0.0,2.0,0.0,0.0,4.0,AD,AD61
AD62,0.0,0.0,13372.0,0.0,0.0,0.0,0.0,0.0,246.0,0.0,15.0,0.0,32.0,0.0,0.0,0.0,0.0,0.0,0.0,13.0,0.0,3.0,0.0,0.0,107.0,106.0,0.0,0.0,0.0,0.0,0.0,0.0,0.0,0.0,0.0,99.0,0.0,0.0,0.0,0.0,29.0,0.0,1250.0,2.0,7.0,42.0,0.0,97.0,0.0,1073.0,0.0,5.0,73.0,5.0,756.0,7.0,0.0,0.0,38.0,0.0,0.0,0.0,0.0,0.0,0.0,2.0,5.0,0.0,0.0,0.0,0.0,0.0,0.0,0.0,1431.0,0.0,0.0,0.0,0.0,0.0,0.0,0.0,3948.0,AD,AD62
AD63,0.0,0.0,379.0,0.0,0.0,0.0,0.0,0.0,339.0,0.0,48.0,0.0,54.0,0.0,0.0,0.0,0.0,77.0,29.0,25.0,0.0,6.0,0.0,0.0,120.0,297.0,0.0,6.0,0.0,0.0,0.0,973.0,0.0,0.0,0.0,59.0,0.0,12.0,0.0,0.0,0.0,0.0,5168.0,178.0,0.0,143.0,0.0,911.0,0.0,7314.0,0.0,0.0,341.0,0.0,7.0,7.0,6.0,0.0,27.0,0.0,193.0,0.0,3.0,0.0,0.0,0.0,0.0,0.0,0.0,0.0,0.0,0.0,0.0,0.0,120.0,0.0,3.0,16.0,0.0,0.0,0.0,0.0,0.0,AD,AD63
AD64,0.0,0.0,9.0,0.0,0.0,0.0,0.0,1.0,7.0,6.0,50.0,0.0,335.0,0.0,0.0,0.0,0.0,60.0,99.0,24.0,0.0,98.0,0.0,0.0,10.0,0.0,0.0,0.0,0.0,16.0,0.0,0.0,10.0,0.0,0.0,144.0,0.0,28.0,0.0,249.0,0.0,0.0,3606.0,26.0,0.0,61.0,0.0,1617.0,0.0,9963.0,48.0,0.0,931.0,0.0,0.0,73.0,0.0,0.0,189.0,0.0,0.0,0.0,0.0,0.0,0.0,0.0,0.0,0.0,0.0,0.0,0.0,0.0,0.0,0.0,767.0,0.0,0.0,0.0,0.0,0.0,0.0,0.0,0.0,AD,AD64
AD65,0.0,0.0,4.0,0.0,0.0,0.0,21.0,0.0,35.0,5.0,18.0,0.0,1449.0,0.0,148.0,0.0,0.0,0.0,722.0,156.0,0.0,210.0,0.0,0.0,6.0,0.0,0.0,0.0,0.0,248.0,0.0,0.0,0.0,0.0,7.0,4429.0,0.0,102.0,21.0,5.0,0.0,0.0,1555.0,0.0,37.0,0.0,0.0,1234.0,32.0,961.0,168.0,0.0,912.0,0.0,41.0,0.0,0.0,15.0,261.0,3.0,10.0,0.0,0.0,0.0,0.0,0.0,0.0,0.0,0.0,0.0,0.0,0.0,0.0,0.0,6179.0,0.0,0.0,0.0,0.0,0.0,0.0,74.0,1123.0,AD,AD65
AD66,0.0,16.0,1572.0,0.0,0.0,0.0,0.0,0.0,327.0,3.0,8.0,0.0,2801.0,0.0,67.0,0.0,0.0,0.0,1834.0,429.0,0.0,490.0,0.0,0.0,0.0,0.0,0.0,0.0,0.0,81.0,0.0,51.0,0.0,0.0,0.0,6.0,0.0,0.0,0.0,159.0,0.0,0.0,990.0,17.0,0.0,6.0,0.0,180.0,0.0,971.0,0.0,0.0,93.0,0.0,10.0,139.0,0.0,0.0,0.0,0.0,1303.0,0.0,0.0,0.0,0.0,0.0,0.0,0.0,0.0,0.0,0.0,0.0,5.0,0.0,9.0,0.0,0.0,0.0,0.0,0.0,115.0,0.0,7546.0,AD,AD66
AD67,0.0,0.0,127.0,0.0,0.0,0.0,0.0,0.0,16.0,0.0,0.0,0.0,0.0,0.0,0.0,0.0,0.0,0.0,0.0,0.0,0.0,0.0,0.0,0.0,69.0,4.0,0.0,0.0,9.0,3.0,12.0,5.0,0.0,0.0,0.0,0.0,0.0,0.0,0.0,7.0,0.0,0.0,100.0,0.0,0.0,0.0,0.0,0.0,0.0,324.0,0.0,0.0,4.0,0.0,0.0,78.0,0.0,0.0,0.0,0.0,34.0,0.0,0.0,0.0,0.0,0.0,0.0,0.0,0.0,0.0,0.0,0.0,0.0,0.0,12771.0,10.0,2.0,0.0,0.0,0.0,0.0,0.0,8770.0,AD,AD67
AD68,0.0,0.0,210.0,0.0,0.0,0.0,0.0,12.0,0.0,0.0,0.0,0.0,52.0,0.0,0.0,0.0,0.0,0.0,0.0,7.0,0.0,0.0,57.0,0.0,0.0,0.0,0.0,0.0,0.0,13961.0,0.0,21.0,0.0,0.0,0.0,0.0,0.0,0.0,0.0,76.0,0.0,0.0,0.0,0.0,0.0,0.0,0.0,0.0,0.0,25.0,0.0,0.0,0.0,0.0,0.0,0.0,4.0,0.0,0.0,0.0,616.0,0.0,0.0,0.0,0.0,2.0,0.0,0.0,0.0,0.0,0.0,0.0,10.0,0.0,14.0,0.0,2.0,78.0,0.0,0.0,0.0,0.0,3.0,AD,AD68
AD69,0.0,0.0,1038.0,0.0,0.0,0.0,0.0,0.0,382.0,17.0,97.0,0.0,1692.0,0.0,192.0,0.0,0.0,77.0,1536.0,373.0,0.0,4.0,0.0,0.0,129.0,236.0,0.0,0.0,0.0,0.0,0.0,0.0,0.0,0.0,0.0,390.0,0.0,0.0,0.0,0.0,0.0,0.0,5495.0,0.0,0.0,46.0,0.0,1237.0,0.0,6981.0,0.0,0.0,512.0,0.0,60.0,45.0,0.0,0.0,32.0,0.0,13.0,0.0,0.0,0.0,0.0,2.0,0.0,0.0,0.0,0.0,0.0,0.0,0.0,0.0,427.0,0.0,0.0,0.0,0.0,0.0,0.0,0.0,7.0,AD,AD69
AD70,0.0,0.0,9110.0,0.0,0.0,0.0,0.0,0.0,1200.0,157.0,50.0,0.0,121.0,0.0,0.0,0.0,4.0,3.0,60.0,0.0,0.0,0.0,0.0,0.0,405.0,80.0,0.0,0.0,0.0,0.0,5.0,65.0,0.0,0.0,10.0,403.0,0.0,0.0,0.0,0.0,7.0,12.0,799.0,54.0,3.0,26.0,0.0,377.0,0.0,774.0,19.0,0.0,77.0,38.0,233.0,17.0,6.0,0.0,21.0,0.0,0.0,0.0,0.0,0.0,0.0,0.0,0.0,2.0,0.0,0.0,0.0,0.0,0.0,0.0,154.0,0.0,0.0,0.0,0.0,0.0,0.0,0.0,2520.0,AD,AD70
AD71,0.0,9.0,6.0,0.0,0.0,0.0,0.0,0.0,9.0,0.0,11.0,0.0,0.0,0.0,0.0,0.0,0.0,0.0,0.0,3.0,0.0,0.0,0.0,0.0,2.0,0.0,8.0,0.0,107.0,0.0,0.0,8.0,0.0,0.0,0.0,0.0,0.0,0.0,0.0,0.0,28.0,0.0,1008.0,0.0,0.0,0.0,0.0,0.0,0.0,76.0,0.0,0.0,0.0,0.0,5.0,0.0,0.0,0.0,0.0,0.0,0.0,0.0,0.0,0.0,0.0,0.0,0.0,0.0,0.0,0.0,0.0,0.0,0.0,0.0,5580.0,0.0,0.0,0.0,0.0,0.0,0.0,0.0,15664.0,AD,AD71
AD74,0.0,10.0,14709.0,0.0,0.0,0.0,0.0,0.0,171.0,0.0,83.0,0.0,3048.0,0.0,244.0,0.0,0.0,0.0,174.0,274.0,0.0,156.0,0.0,0.0,0.0,12.0,0.0,0.0,6.0,0.0,0.0,44.0,0.0,0.0,0.0,0.0,0.0,0.0,0.0,0.0,0.0,0.0,742.0,0.0,0.0,0.0,0.0,257.0,0.0,395.0,0.0,0.0,0.0,0.0,0.0,42.0,0.0,0.0,435.0,0.0,18.0,0.0,0.0,0.0,0.0,0.0,0.0,0.0,0.0,0.0,0.0,0.0,4.0,0.0,504.0,0.0,0.0,0.0,0.0,0.0,39.0,0.0,0.0,AD,AD74
AD75,122.0,17.0,6885.0,0.0,0.0,3.0,0.0,5.0,662.0,0.0,22.0,0.0,5705.0,18.0,53.0,0.0,0.0,0.0,0.0,3853.0,0.0,30.0,0.0,0.0,44.0,9.0,0.0,0.0,12.0,1433.0,0.0,638.0,0.0,0.0,0.0,92.0,0.0,0.0,0.0,0.0,65.0,0.0,647.0,3.0,0.0,0.0,3.0,60.0,0.0,1481.0,3.0,0.0,11.0,0.0,8.0,70.0,54.0,0.0,389.0,0.0,308.0,128.0,6.0,0.0,0.0,0.0,0.0,0.0,0.0,0.0,0.0,0.0,8.0,0.0,785.0,0.0,4.0,0.0,0.0,4.0,0.0,0.0,7.0,AD,AD75
AD76,0.0,11.0,158.0,16.0,0.0,0.0,0.0,0.0,5555.0,27.0,238.0,0.0,37.0,0.0,0.0,0.0,0.0,105.0,21.0,192.0,0.0,339.0,0.0,0.0,189.0,84.0,0.0,0.0,122.0,0.0,38.0,53.0,0.0,3.0,0.0,250.0,0.0,0.0,0.0,195.0,751.0,0.0,2322.0,13.0,0.0,9.0,0.0,38.0,0.0,12398.0,0.0,18.0,20.0,0.0,57.0,45.0,21.0,0.0,15.0,0.0,2139.0,0.0,0.0,0.0,2.0,0.0,0.0,0.0,0.0,8.0,0.0,0.0,0.0,0.0,1367.0,0.0,14.0,0.0,0.0,6.0,0.0,0.0,0.0,AD,AD76
AD77,0.0,0.0,1908.0,6.0,0.0,0.0,0.0,0.0,12.0,10.0,109.0,0.0,9812.0,0.0,31.0,0.0,0.0,0.0,1007.0,256.0,0.0,116.0,0.0,0.0,5.0,21.0,0.0,0.0,21.0,0.0,0.0,0.0,0.0,0.0,0.0,42.0,0.0,0.0,0.0,0.0,12.0,0.0,3309.0,0.0,0.0,15.0,0.0,322.0,0.0,859.0,0.0,15.0,0.0,0.0,17.0,0.0,0.0,0.0,108.0,0.0,2428.0,0.0,0.0,0.0,0.0,0.0,0.0,0.0,0.0,0.0,0.0,0.0,43.0,0.0,12.0,0.0,0.0,0.0,0.0,0.0,0.0,0.0,4.0,AD,AD77
AD78,10513.0,641.0,671.0,8.0,0.0,0.0,105.0,15.0,631.0,44.0,266.0,0.0,701.0,60.0,37.0,0.0,0.0,0.0,208.0,75.0,0.0,136.0,0.0,0.0,270.0,41.0,153.0,0.0,717.0,0.0,32.0,86.0,0.0,0.0,0.0,6245.0,0.0,0.0,0.0,40.0,44.0,43.0,1999.0,36.0,52.0,0.0,0.0,728.0,0.0,5696.0,257.0,0.0,1117.0,0.0,230.0,16.0,0.0,0.0,104.0,0.0,88.0,0.0,0.0,0.0,3.0,5.0,8.0,0.0,0.0,0.0,0.0,0.0,0.0,0.0,3388.0,0.0,24.0,0.0,0.0,6.0,0.0,0.0,32.0,AD,AD78
AD79,0.0,0.0,2332.0,0.0,0.0,422.0,0.0,0.0,1318.0,0.0,19.0,0.0,34.0,0.0,0.0,0.0,0.0,0.0,0.0,12.0,0.0,142.0,0.0,0.0,49.0,4.0,0.0,22.0,44.0,213.0,0.0,1593.0,0.0,31.0,0.0,5.0,0.0,0.0,0.0,5.0,8.0,0.0,679.0,52.0,0.0,37.0,0.0,30.0,0.0,1622.0,0.0,0.0,0.0,0.0,11.0,12.0,0.0,0.0,0.0,10.0,129.0,0.0,25.0,0.0,0.0,0.0,0.0,0.0,0.0,0.0,0.0,0.0,0.0,34.0,12233.0,0.0,0.0,68.0,0.0,0.0,35.0,0.0,14124.0,AD,AD79
AD80,203.0,13.0,36.0,8.0,0.0,0.0,0.0,0.0,150.0,25.0,23.0,0.0,282.0,9.0,15.0,0.0,0.0,21.0,148.0,107.0,0.0,97.0,0.0,0.0,97.0,44.0,0.0,0.0,74.0,0.0,0.0,18.0,0.0,0.0,11.0,1123.0,0.0,0.0,6.0,74.0,102.0,6.0,123.0,0.0,108.0,14.0,2.0,409.0,0.0,205.0,54.0,11.0,133.0,0.0,5.0,4.0,0.0,0.0,222.0,0.0,0.0,4.0,0.0,0.0,0.0,4.0,0.0,0.0,0.0,2.0,0.0,3.0,3.0,0.0,22620.0,0.0,9.0,0.0,0.0,0.0,88.0,0.0,993.0,AD,AD80
AD83,348.0,0.0,113.0,0.0,0.0,0.0,0.0,0.0,4017.0,19.0,491.0,0.0,51.0,0.0,5.0,0.0,4.0,14.0,14.0,6.0,0.0,33.0,0.0,0.0,152.0,159.0,0.0,0.0,0.0,0.0,0.0,7.0,0.0,0.0,0.0,210.0,0.0,0.0,0.0,34.0,17.0,0.0,3093.0,0.0,117.0,0.0,0.0,154.0,0.0,13379.0,0.0,0.0,775.0,0.0,87.0,0.0,0.0,0.0,15.0,0.0,0.0,0.0,0.0,4.0,0.0,0.0,0.0,0.0,0.0,0.0,0.0,0.0,0.0,0.0,1595.0,0.0,4.0,0.0,0.0,0.0,7.0,0.0,691.0,AD,AD83
AD84,0.0,0.0,1677.0,13.0,0.0,0.0,0.0,0.0,167.0,5.0,25.0,0.0,132.0,0.0,0.0,0.0,0.0,0.0,70.0,0.0,0.0,119.0,0.0,0.0,51.0,57.0,0.0,0.0,444.0,0.0,0.0,43.0,0.0,0.0,0.0,68.0,0.0,0.0,0.0,0.0,3.0,0.0,9402.0,0.0,13.0,269.0,0.0,398.0,0.0,9620.0,18.0,0.0,71.0,0.0,14.0,492.0,0.0,0.0,9.0,0.0,0.0,0.0,0.0,0.0,0.0,6.0,0.0,0.0,0.0,0.0,0.0,0.0,3.0,0.0,676.0,0.0,3.0,0.0,0.0,0.0,0.0,0.0,0.0,AD,AD84
AD85,0.0,19.0,384.0,14.0,0.0,0.0,0.0,0.0,18.0,0.0,97.0,0.0,2445.0,0.0,3.0,0.0,0.0,0.0,760.0,260.0,0.0,174.0,0.0,0.0,59.0,171.0,0.0,0.0,0.0,0.0,0.0,8.0,0.0,0.0,0.0,0.0,0.0,0.0,0.0,348.0,0.0,0.0,10493.0,469.0,66.0,115.0,0.0,1606.0,0.0,2685.0,0.0,0.0,0.0,0.0,73.0,214.0,0.0,0.0,450.0,0.0,3.0,0.0,39.0,0.0,0.0,6.0,4.0,0.0,0.0,0.0,0.0,0.0,0.0,0.0,1417.0,0.0,6.0,0.0,0.0,5.0,0.0,0.0,10.0,AD,AD85
AD86,0.0,0.0,4886.0,0.0,0.0,0.0,0.0,0.0,3737.0,0.0,120.0,0.0,4.0,0.0,0.0,0.0,0.0,0.0,3.0,3.0,0.0,10.0,0.0,0.0,104.0,14.0,0.0,0.0,0.0,0.0,0.0,22.0,0.0,0.0,0.0,4.0,0.0,0.0,0.0,2.0,57.0,0.0,2101.0,24.0,0.0,58.0,0.0,63.0,0.0,3786.0,0.0,0.0,108.0,0.0,19.0,38.0,0.0,0.0,0.0,0.0,6.0,0.0,0.0,0.0,0.0,2.0,0.0,0.0,0.0,0.0,0.0,0.0,0.0,0.0,7253.0,0.0,2.0,0.0,0.0,0.0,0.0,0.0,371.0,AD,AD86
AD88,0.0,0.0,297.0,0.0,0.0,0.0,0.0,0.0,0.0,0.0,208.0,0.0,696.0,0.0,4.0,0.0,0.0,0.0,66.0,0.0,0.0,290.0,0.0,0.0,284.0,57.0,0.0,0.0,19.0,0.0,36.0,235.0,0.0,0.0,0.0,126.0,0.0,0.0,0.0,36.0,0.0,52.0,3145.0,0.0,10.0,194.0,0.0,389.0,0.0,969.0,0.0,0.0,581.0,0.0,0.0,23.0,0.0,0.0,2051.0,0.0,253.0,0.0,0.0,0.0,0.0,2.0,0.0,0.0,0.0,0.0,0.0,0.0,17.0,17.0,11662.0,0.0,0.0,0.0,0.0,3.0,0.0,0.0,7.0,AD,AD88
AD89,0.0,0.0,1658.0,3.0,0.0,0.0,0.0,0.0,1595.0,14.0,61.0,0.0,2006.0,63.0,227.0,0.0,0.0,0.0,352.0,65.0,0.0,68.0,0.0,0.0,15.0,20.0,0.0,0.0,7.0,0.0,0.0,85.0,0.0,0.0,0.0,93.0,7.0,0.0,0.0,42.0,4.0,0.0,6998.0,0.0,8.0,6.0,0.0,110.0,0.0,10411.0,15.0,0.0,0.0,0.0,40.0,0.0,0.0,0.0,82.0,0.0,0.0,0.0,0.0,0.0,0.0,6.0,6.0,0.0,0.0,0.0,0.0,0.0,0.0,0.0,2642.0,0.0,19.0,0.0,0.0,5.0,0.0,0.0,7.0,AD,AD89
AD90,0.0,0.0,17244.0,0.0,0.0,0.0,0.0,0.0,6.0,94.0,640.0,0.0,30.0,27.0,69.0,0.0,104.0,0.0,159.0,33.0,0.0,3.0,0.0,0.0,1010.0,32.0,0.0,0.0,28.0,4.0,0.0,0.0,0.0,0.0,16.0,2602.0,0.0,0.0,0.0,8.0,127.0,3.0,2125.0,34.0,0.0,8.0,0.0,607.0,0.0,2921.0,134.0,9.0,163.0,0.0,362.0,21.0,685.0,0.0,161.0,0.0,45.0,0.0,0.0,0.0,0.0,0.0,0.0,0.0,0.0,0.0,0.0,0.0,0.0,0.0,158.0,0.0,0.0,0.0,0.0,0.0,72.0,0.0,239.0,AD,AD90
AD91,0.0,165.0,32.0,0.0,0.0,2.0,0.0,108.0,74.0,11.0,149.0,0.0,1531.0,95.0,453.0,0.0,0.0,0.0,197.0,667.0,0.0,3.0,10.0,0.0,6892.0,24.0,0.0,0.0,0.0,12.0,0.0,170.0,0.0,0.0,0.0,415.0,0.0,0.0,0.0,198.0,159.0,7.0,1720.0,904.0,0.0,5.0,0.0,202.0,0.0,1232.0,29.0,36.0,64.0,0.0,78.0,124.0,109.0,0.0,650.0,0.0,14.0,0.0,162.0,0.0,5.0,14.0,5.0,0.0,0.0,0.0,0.0,0.0,6.0,0.0,8709.0,0.0,28.0,0.0,0.0,9.0,9.0,0.0,3.0,AD,AD91
AD92,0.0,0.0,0.0,0.0,0.0,0.0,0.0,0.0,0.0,0.0,72.0,0.0,11.0,0.0,0.0,0.0,2.0,0.0,11.0,0.0,0.0,0.0,22.0,0.0,19.0,5.0,0.0,0.0,5.0,55.0,0.0,45.0,0.0,6.0,0.0,87.0,0.0,0.0,0.0,0.0,3.0,0.0,60.0,0.0,0.0,0.0,0.0,9.0,0.0,28.0,0.0,0.0,0.0,0.0,0.0,8.0,196.0,0.0,3.0,0.0,287.0,13.0,0.0,0.0,0.0,0.0,0.0,0.0,0.0,0.0,0.0,0.0,0.0,0.0,4309.0,0.0,0.0,0.0,0.0,0.0,0.0,0.0,22956.0,AD,AD92
AD93,0.0,0.0,116.0,18.0,0.0,0.0,0.0,8.0,313.0,0.0,118.0,0.0,55.0,0.0,0.0,0.0,0.0,0.0,22.0,0.0,0.0,340.0,98.0,0.0,13.0,33.0,0.0,0.0,11.0,59.0,0.0,407.0,0.0,10.0,0.0,10.0,0.0,0.0,0.0,412.0,24.0,0.0,1123.0,0.0,8.0,0.0,0.0,35.0,0.0,503.0,0.0,0.0,0.0,0.0,38.0,1756.0,0.0,0.0,0.0,2.0,111.0,0.0,7.0,0.0,0.0,0.0,2.0,0.0,0.0,0.0,0.0,0.0,15.0,0.0,5981.0,120.0,7.0,0.0,0.0,3.0,0.0,0.0,19339.0,AD,AD93
AD94,0.0,7.0,21.0,0.0,0.0,0.0,0.0,20.0,0.0,0.0,104.0,0.0,1052.0,5.0,0.0,0.0,0.0,0.0,2.0,4803.0,0.0,6.0,0.0,0.0,6.0,0.0,0.0,0.0,157.0,24.0,17.0,1457.0,0.0,0.0,0.0,0.0,0.0,0.0,0.0,41.0,0.0,0.0,1061.0,0.0,0.0,0.0,0.0,104.0,0.0,964.0,0.0,0.0,0.0,0.0,0.0,43.0,7.0,0.0,0.0,0.0,137.0,0.0,0.0,0.0,0.0,0.0,0.0,0.0,0.0,0.0,0.0,0.0,0.0,0.0,13479.0,0.0,2.0,0.0,0.0,0.0,0.0,0.0,282.0,AD,AD94
AD96,0.0,30.0,103.0,0.0,0.0,3.0,0.0,40.0,4.0,0.0,118.0,0.0,0.0,0.0,0.0,0.0,0.0,0.0,0.0,0.0,0.0,0.0,0.0,0.0,2203.0,4.0,0.0,0.0,1008.0,7433.0,4.0,239.0,0.0,9.0,0.0,0.0,0.0,0.0,0.0,51.0,0.0,0.0,929.0,0.0,0.0,0.0,0.0,28.0,0.0,130.0,0.0,0.0,0.0,0.0,0.0,2645.0,0.0,0.0,0.0,0.0,7.0,0.0,0.0,0.0,0.0,4.0,0.0,0.0,0.0,3.0,0.0,0.0,0.0,0.0,8254.0,6.0,10.0,0.0,0.0,2.0,0.0,0.0,488.0,AD,AD96
AD97,0.0,21.0,4515.0,0.0,0.0,0.0,0.0,5.0,0.0,0.0,21.0,0.0,2117.0,0.0,0.0,0.0,0.0,7.0,0.0,4398.0,0.0,0.0,117.0,0.0,13.0,6.0,0.0,0.0,19.0,5693.0,0.0,15.0,0.0,0.0,0.0,0.0,0.0,0.0,0.0,0.0,0.0,0.0,210.0,0.0,0.0,0.0,0.0,83.0,0.0,404.0,0.0,0.0,0.0,0.0,0.0,0.0,71.0,0.0,0.0,0.0,290.0,0.0,32.0,3.0,0.0,0.0,0.0,0.0,0.0,0.0,0.0,0.0,0.0,0.0,5818.0,0.0,5.0,0.0,0.0,0.0,0.0,0.0,0.0,AD,AD97
AD98,0.0,0.0,22.0,0.0,0.0,0.0,0.0,0.0,0.0,0.0,21.0,0.0,2432.0,273.0,0.0,0.0,0.0,0.0,66.0,1802.0,0.0,0.0,119.0,0.0,5.0,0.0,0.0,0.0,32.0,1183.0,23.0,72.0,0.0,0.0,0.0,0.0,0.0,0.0,0.0,0.0,59.0,0.0,626.0,0.0,0.0,0.0,0.0,267.0,0.0,341.0,0.0,0.0,0.0,0.0,0.0,5.0,0.0,0.0,148.0,3.0,192.0,0.0,0.0,0.0,0.0,2.0,5.0,0.0,0.0,0.0,0.0,0.0,0.0,0.0,779.0,0.0,4.0,0.0,0.0,4.0,3.0,0.0,24160.0,AD,AD98
AD99,0.0,0.0,21295.0,0.0,0.0,0.0,0.0,2059.0,45.0,0.0,0.0,0.0,199.0,0.0,0.0,0.0,0.0,0.0,10.0,20.0,0.0,17.0,0.0,0.0,0.0,0.0,0.0,0.0,0.0,813.0,0.0,3.0,0.0,0.0,0.0,0.0,0.0,0.0,0.0,0.0,9.0,0.0,7.0,0.0,0.0,0.0,0.0,3.0,0.0,7.0,0.0,0.0,0.0,0.0,0.0,0.0,0.0,0.0,0.0,4.0,49.0,0.0,3.0,0.0,0.0,0.0,0.0,0.0,0.0,0.0,0.0,0.0,6.0,0.0,115.0,0.0,0.0,0.0,0.0,0.0,0.0,0.0,0.0,AD,AD99
C01,0.0,25.0,59.0,0.0,0.0,0.0,0.0,0.0,351.0,31.0,25.0,0.0,177.0,0.0,25.0,0.0,0.0,45.0,138.0,4.0,0.0,0.0,0.0,0.0,186.0,41.0,0.0,0.0,0.0,0.0,7.0,1658.0,6.0,0.0,0.0,512.0,0.0,129.0,0.0,0.0,0.0,0.0,5545.0,17.0,0.0,389.0,0.0,402.0,0.0,7858.0,6.0,0.0,786.0,3.0,37.0,63.0,0.0,0.0,0.0,0.0,13.0,0.0,0.0,0.0,0.0,0.0,0.0,0.0,0.0,0.0,0.0,0.0,0.0,0.0,507.0,0.0,4.0,2.0,0.0,0.0,0.0,0.0,162.0,C,C01
C02,4.0,0.0,126.0,0.0,0.0,0.0,0.0,0.0,38.0,0.0,3.0,0.0,27.0,0.0,0.0,0.0,0.0,0.0,0.0,0.0,0.0,0.0,0.0,0.0,29.0,0.0,0.0,0.0,0.0,4.0,0.0,10.0,0.0,0.0,0.0,0.0,0.0,0.0,0.0,36.0,0.0,0.0,865.0,108.0,0.0,193.0,0.0,0.0,0.0,7815.0,0.0,0.0,5.0,0.0,0.0,208.0,0.0,0.0,0.0,0.0,9.0,0.0,0.0,0.0,0.0,0.0,0.0,0.0,0.0,0.0,0.0,0.0,0.0,0.0,19924.0,0.0,0.0,0.0,0.0,0.0,0.0,0.0,0.0,C,C02
C03,0.0,0.0,6.0,0.0,0.0,0.0,32.0,0.0,278.0,0.0,8.0,0.0,302.0,13.0,14.0,0.0,0.0,825.0,104.0,105.0,0.0,14.0,0.0,0.0,17.0,39.0,0.0,0.0,0.0,44.0,0.0,28.0,0.0,0.0,0.0,803.0,0.0,809.0,0.0,60.0,0.0,0.0,6439.0,138.0,0.0,115.0,0.0,1273.0,0.0,10894.0,41.0,0.0,1881.0,20.0,29.0,35.0,0.0,0.0,36.0,0.0,44.0,0.0,9.0,0.0,0.0,0.0,0.0,0.0,0.0,0.0,0.0,31.0,3.0,0.0,296.0,0.0,5.0,0.0,0.0,3.0,0.0,0.0,184.0,C,C03
C05,0.0,0.0,98.0,0.0,0.0,0.0,0.0,0.0,0.0,0.0,35.0,0.0,2791.0,0.0,0.0,0.0,0.0,0.0,0.0,0.0,0.0,30.0,0.0,0.0,25.0,37.0,0.0,0.0,0.0,0.0,113.0,0.0,0.0,0.0,0.0,0.0,0.0,0.0,0.0,57.0,0.0,0.0,1639.0,51.0,0.0,34.0,0.0,54.0,0.0,8544.0,0.0,0.0,0.0,0.0,0.0,40.0,0.0,0.0,0.0,0.0,390.0,0.0,0.0,0.0,0.0,0.0,0.0,0.0,0.0,0.0,0.0,0.0,10.0,0.0,5977.0,5.0,0.0,36.0,0.0,0.0,0.0,0.0,0.0,C,C05
C07,0.0,0.0,9.0,0.0,0.0,0.0,0.0,0.0,213.0,13.0,41.0,0.0,695.0,0.0,24.0,0.0,0.0,184.0,210.0,31.0,0.0,7.0,0.0,0.0,43.0,18.0,0.0,0.0,9.0,0.0,0.0,0.0,0.0,0.0,0.0,26.0,0.0,0.0,0.0,0.0,0.0,0.0,3332.0,122.0,0.0,38.0,0.0,450.0,0.0,16048.0,0.0,0.0,5.0,0.0,0.0,59.0,0.0,0.0,0.0,25.0,0.0,0.0,0.0,0.0,0.0,0.0,0.0,0.0,0.0,0.0,0.0,0.0,0.0,0.0,9.0,0.0,0.0,7.0,0.0,0.0,0.0,0.0,58.0,C,C07
C08,0.0,0.0,10.0,0.0,0.0,0.0,0.0,0.0,75.0,0.0,15.0,0.0,503.0,0.0,0.0,0.0,0.0,0.0,0.0,25.0,0.0,50.0,0.0,0.0,52.0,0.0,0.0,0.0,0.0,0.0,0.0,0.0,0.0,0.0,0.0,95.0,0.0,49.0,0.0,97.0,0.0,0.0,9423.0,95.0,0.0,238.0,0.0,241.0,0.0,7161.0,0.0,0.0,485.0,0.0,5.0,96.0,0.0,0.0,55.0,0.0,0.0,0.0,0.0,0.0,0.0,0.0,0.0,0.0,0.0,0.0,0.0,0.0,0.0,0.0,2413.0,0.0,0.0,0.0,0.0,0.0,0.0,0.0,2.0,C,C08
C09,0.0,0.0,0.0,0.0,0.0,0.0,0.0,0.0,0.0,0.0,15.0,0.0,106.0,0.0,0.0,2.0,0.0,10.0,0.0,6.0,0.0,0.0,0.0,0.0,16.0,20.0,0.0,0.0,0.0,0.0,0.0,0.0,0.0,0.0,0.0,0.0,0.0,18.0,0.0,1114.0,0.0,0.0,2497.0,70.0,0.0,114.0,0.0,0.0,0.0,13236.0,0.0,0.0,42.0,0.0,0.0,85.0,0.0,0.0,6.0,0.0,63.0,0.0,0.0,0.0,0.0,0.0,0.0,0.0,0.0,0.0,0.0,0.0,392.0,0.0,5410.0,0.0,0.0,0.0,0.0,0.0,0.0,0.0,26.0,C,C09
C10,0.0,0.0,20.0,0.0,0.0,0.0,0.0,0.0,20.0,12.0,49.0,11.0,1969.0,94.0,21.0,0.0,0.0,1104.0,163.0,63.0,0.0,19.0,0.0,0.0,142.0,32.0,0.0,0.0,0.0,44.0,105.0,16.0,0.0,0.0,0.0,122.0,0.0,229.0,0.0,148.0,0.0,0.0,4179.0,35.0,6.0,106.0,0.0,489.0,0.0,9229.0,7.0,0.0,352.0,0.0,0.0,990.0,0.0,0.0,164.0,8.0,507.0,5.0,0.0,0.0,0.0,2.0,0.0,0.0,0.0,0.0,0.0,0.0,0.0,0.0,28.0,0.0,3.0,35.0,0.0,0.0,0.0,0.0,0.0,C,C10
C11,0.0,0.0,135.0,0.0,0.0,51.0,0.0,0.0,16.0,0.0,17.0,4.0,103.0,0.0,0.0,9.0,0.0,920.0,0.0,4.0,0.0,7.0,0.0,0.0,12.0,42.0,0.0,7.0,0.0,2161.0,7.0,551.0,0.0,0.0,0.0,45.0,0.0,24.0,0.0,37.0,0.0,0.0,2958.0,36.0,0.0,39.0,0.0,167.0,0.0,8476.0,0.0,0.0,87.0,0.0,8.0,189.0,0.0,0.0,13.0,0.0,2057.0,0.0,0.0,2.0,0.0,0.0,0.0,0.0,0.0,0.0,0.0,0.0,0.0,0.0,20.0,0.0,3.0,216.0,0.0,0.0,0.0,0.0,0.0,C,C11
C12,348.0,0.0,0.0,0.0,0.0,0.0,4.0,0.0,62.0,0.0,110.0,0.0,2454.0,80.0,21.0,255.0,0.0,483.0,296.0,47.0,0.0,81.0,0.0,0.0,50.0,0.0,0.0,0.0,0.0,0.0,0.0,0.0,19.0,0.0,3.0,551.0,0.0,1901.0,0.0,7.0,0.0,3.0,1948.0,255.0,29.0,8.0,0.0,388.0,0.0,4810.0,79.0,0.0,2056.0,0.0,38.0,61.0,2.0,0.0,0.0,3.0,2.0,0.0,4.0,0.0,0.0,0.0,0.0,0.0,0.0,0.0,0.0,0.0,0.0,0.0,119.0,0.0,0.0,0.0,0.0,0.0,0.0,0.0,1820.0,C,C12
C13,0.0,0.0,2628.0,0.0,0.0,0.0,0.0,12.0,374.0,0.0,18.0,0.0,464.0,0.0,0.0,0.0,0.0,8.0,35.0,14.0,0.0,24.0,0.0,0.0,4.0,13.0,0.0,0.0,0.0,76.0,0.0,72.0,0.0,0.0,0.0,15.0,0.0,18.0,0.0,42.0,0.0,12.0,6471.0,60.0,0.0,124.0,0.0,377.0,0.0,7553.0,0.0,0.0,893.0,0.0,4.0,85.0,7.0,0.0,83.0,0.0,1160.0,3.0,11.0,0.0,0.0,0.0,0.0,0.0,0.0,0.0,0.0,0.0,0.0,0.0,647.0,0.0,0.0,4.0,0.0,0.0,0.0,0.0,8.0,C,C13
C15,0.0,0.0,781.0,0.0,0.0,0.0,0.0,0.0,615.0,12.0,12.0,0.0,225.0,0.0,0.0,0.0,0.0,0.0,14.0,5.0,0.0,108.0,0.0,0.0,30.0,3.0,0.0,0.0,0.0,0.0,0.0,3.0,0.0,0.0,0.0,2.0,0.0,0.0,0.0,61.0,0.0,0.0,7564.0,112.0,7.0,40.0,0.0,175.0,0.0,1898.0,0.0,0.0,4008.0,0.0,0.0,163.0,0.0,0.0,132.0,157.0,27.0,0.0,13.0,0.0,0.0,0.0,0.0,0.0,0.0,0.0,0.0,0.0,0.0,0.0,4149.0,0.0,0.0,0.0,0.0,0.0,0.0,0.0,0.0,C,C15
C16,0.0,0.0,4.0,0.0,0.0,0.0,0.0,0.0,0.0,7.0,30.0,0.0,4006.0,0.0,66.0,0.0,0.0,72.0,259.0,211.0,0.0,34.0,0.0,0.0,5.0,6.0,0.0,0.0,0.0,0.0,0.0,5.0,3.0,0.0,0.0,209.0,0.0,129.0,0.0,0.0,0.0,0.0,1609.0,20.0,0.0,23.0,0.0,281.0,0.0,6708.0,0.0,0.0,369.0,5.0,0.0,7.0,0.0,0.0,78.0,0.0,0.0,0.0,0.0,0.0,0.0,0.0,0.0,0.0,0.0,0.0,0.0,0.0,0.0,0.0,234.0,0.0,0.0,0.0,0.0,0.0,3.0,0.0,0.0,C,C16
C17,0.0,0.0,0.0,0.0,0.0,0.0,0.0,0.0,23.0,9.0,64.0,0.0,244.0,0.0,0.0,0.0,0.0,0.0,8.0,15.0,0.0,5.0,0.0,0.0,26.0,15.0,0.0,0.0,0.0,0.0,0.0,0.0,0.0,0.0,0.0,0.0,0.0,8.0,0.0,0.0,0.0,0.0,4619.0,104.0,0.0,109.0,0.0,203.0,0.0,1581.0,0.0,0.0,30.0,0.0,6.0,6.0,0.0,0.0,14.0,0.0,0.0,0.0,0.0,0.0,0.0,0.0,0.0,0.0,0.0,0.0,0.0,0.0,38.0,0.0,24934.0,0.0,0.0,0.0,0.0,0.0,0.0,0.0,154.0,C,C17
C18,0.0,15.0,7180.0,0.0,0.0,0.0,0.0,0.0,226.0,0.0,0.0,0.0,7768.0,0.0,0.0,0.0,0.0,0.0,0.0,0.0,0.0,0.0,0.0,0.0,1623.0,33.0,0.0,13.0,0.0,3.0,0.0,1723.0,0.0,4.0,0.0,0.0,0.0,0.0,0.0,1411.0,0.0,0.0,4760.0,372.0,0.0,9.0,0.0,6.0,0.0,408.0,0.0,0.0,0.0,0.0,0.0,359.0,2.0,0.0,0.0,93.0,196.0,3.0,6.0,4.0,0.0,0.0,0.0,0.0,0.0,0.0,0.0,0.0,0.0,0.0,378.0,0.0,0.0,543.0,0.0,0.0,0.0,0.0,0.0,C,C18
C19,13.0,0.0,1358.0,0.0,0.0,7.0,12.0,0.0,213.0,29.0,52.0,0.0,154.0,36.0,0.0,0.0,0.0,1906.0,55.0,6.0,0.0,204.0,0.0,0.0,37.0,2.0,0.0,0.0,0.0,330.0,0.0,622.0,0.0,0.0,0.0,68.0,0.0,28.0,0.0,106.0,0.0,0.0,9601.0,46.0,0.0,24.0,0.0,467.0,0.0,2628.0,14.0,0.0,395.0,5.0,0.0,258.0,0.0,0.0,6.0,1658.0,2159.0,0.0,3.0,0.0,0.0,0.0,0.0,0.0,0.0,0.0,0.0,0.0,0.0,0.0,103.0,0.0,5.0,22.0,0.0,0.0,0.0,0.0,0.0,C,C19
C20,0.0,0.0,0.0,0.0,0.0,0.0,0.0,0.0,0.0,0.0,12.0,0.0,523.0,0.0,0.0,0.0,0.0,0.0,54.0,39.0,0.0,68.0,0.0,0.0,0.0,3.0,0.0,0.0,34.0,0.0,0.0,42.0,0.0,0.0,0.0,188.0,0.0,0.0,0.0,13.0,0.0,9.0,4143.0,37.0,5.0,22.0,0.0,59.0,0.0,6262.0,0.0,0.0,109.0,0.0,15.0,5.0,0.0,0.0,17.0,0.0,26.0,0.0,6.0,0.0,0.0,0.0,0.0,0.0,0.0,0.0,0.0,0.0,0.0,0.0,7685.0,0.0,0.0,0.0,0.0,0.0,3.0,0.0,3.0,C,C20
C21,0.0,0.0,0.0,0.0,0.0,0.0,18.0,0.0,308.0,0.0,214.0,0.0,51.0,0.0,0.0,0.0,0.0,0.0,0.0,4.0,0.0,0.0,0.0,0.0,88.0,5.0,0.0,0.0,0.0,0.0,0.0,0.0,0.0,0.0,0.0,0.0,0.0,0.0,0.0,11.0,0.0,0.0,1672.0,110.0,0.0,46.0,0.0,7.0,0.0,3019.0,0.0,0.0,0.0,0.0,0.0,28.0,3.0,0.0,0.0,0.0,9.0,0.0,0.0,0.0,0.0,0.0,0.0,0.0,0.0,0.0,0.0,0.0,0.0,0.0,26068.0,0.0,0.0,0.0,0.0,0.0,0.0,0.0,8.0,C,C21
C22,0.0,0.0,21.0,0.0,0.0,0.0,0.0,5.0,586.0,6.0,67.0,0.0,336.0,0.0,0.0,0.0,0.0,0.0,45.0,51.0,0.0,48.0,0.0,0.0,2.0,13.0,0.0,0.0,0.0,0.0,0.0,13.0,0.0,0.0,0.0,97.0,0.0,573.0,0.0,2930.0,0.0,0.0,2681.0,109.0,0.0,42.0,0.0,51.0,0.0,7693.0,0.0,0.0,148.0,0.0,0.0,682.0,0.0,0.0,0.0,4.0,56.0,0.0,8.0,0.0,0.0,0.0,0.0,0.0,0.0,0.0,0.0,0.0,4.0,0.0,3770.0,0.0,2.0,4.0,0.0,0.0,0.0,0.0,0.0,C,C22
C23,0.0,0.0,6428.0,0.0,0.0,0.0,0.0,0.0,69.0,6.0,26.0,0.0,54.0,0.0,0.0,0.0,0.0,0.0,17.0,0.0,0.0,0.0,0.0,0.0,42.0,0.0,0.0,0.0,21.0,2.0,6.0,0.0,0.0,0.0,0.0,29.0,0.0,0.0,0.0,0.0,0.0,0.0,995.0,5.0,6.0,23.0,4.0,602.0,0.0,4513.0,0.0,0.0,345.0,0.0,25.0,0.0,0.0,0.0,0.0,0.0,0.0,0.0,0.0,0.0,0.0,0.0,0.0,0.0,0.0,0.0,0.0,0.0,0.0,0.0,3382.0,0.0,0.0,0.0,0.0,0.0,0.0,0.0,3.0,C,C23
C24,0.0,0.0,160.0,0.0,0.0,0.0,0.0,0.0,0.0,0.0,37.0,0.0,31.0,0.0,0.0,0.0,0.0,0.0,0.0,0.0,0.0,2.0,0.0,0.0,24.0,16.0,0.0,0.0,9.0,19.0,13.0,106.0,0.0,0.0,0.0,21.0,0.0,23.0,0.0,122.0,0.0,0.0,3246.0,34.0,0.0,27.0,0.0,799.0,0.0,11596.0,0.0,0.0,0.0,0.0,15.0,26.0,0.0,0.0,68.0,0.0,2.0,0.0,0.0,0.0,0.0,0.0,0.0,0.0,0.0,0.0,0.0,0.0,0.0,0.0,0.0,0.0,0.0,0.0,0.0,0.0,0.0,0.0,0.0,C,C24
C25,0.0,0.0,383.0,0.0,0.0,0.0,0.0,3.0,0.0,15.0,21.0,0.0,998.0,0.0,33.0,0.0,0.0,36.0,698.0,2026.0,0.0,19.0,0.0,0.0,71.0,24.0,0.0,0.0,3.0,0.0,15.0,6.0,0.0,0.0,0.0,19.0,0.0,0.0,0.0,12.0,0.0,0.0,2981.0,113.0,8.0,7.0,0.0,1018.0,0.0,5923.0,0.0,0.0,3249.0,0.0,0.0,21.0,0.0,0.0,47.0,0.0,590.0,0.0,0.0,0.0,0.0,0.0,0.0,0.0,0.0,0.0,0.0,0.0,14.0,0.0,859.0,0.0,0.0,0.0,0.0,0.0,0.0,0.0,50.0,C,C25
C26,0.0,21.0,1016.0,0.0,0.0,0.0,0.0,11.0,494.0,7.0,66.0,0.0,500.0,0.0,2.0,0.0,0.0,0.0,15.0,81.0,0.0,33.0,0.0,0.0,17.0,48.0,0.0,8.0,0.0,28.0,0.0,57.0,0.0,0.0,0.0,0.0,0.0,0.0,0.0,0.0,0.0,0.0,2771.0,484.0,0.0,72.0,0.0,39.0,0.0,2224.0,0.0,0.0,0.0,0.0,0.0,0.0,0.0,0.0,0.0,178.0,2492.0,0.0,0.0,0.0,0.0,0.0,0.0,0.0,0.0,0.0,0.0,0.0,126.0,0.0,10956.0,0.0,0.0,0.0,0.0,0.0,0.0,0.0,0.0,C,C26
C27,0.0,0.0,94.0,0.0,0.0,0.0,4.0,7.0,42.0,5.0,178.0,0.0,448.0,17.0,0.0,0.0,0.0,106.0,33.0,9.0,0.0,22.0,0.0,0.0,22.0,0.0,0.0,0.0,0.0,0.0,0.0,5.0,0.0,0.0,0.0,0.0,0.0,117.0,0.0,267.0,0.0,0.0,7511.0,0.0,0.0,123.0,0.0,162.0,0.0,9072.0,0.0,0.0,379.0,0.0,0.0,92.0,0.0,0.0,39.0,0.0,325.0,0.0,7.0,0.0,0.0,0.0,0.0,0.0,0.0,0.0,0.0,0.0,15.0,0.0,1078.0,0.0,0.0,0.0,0.0,3.0,0.0,0.0,0.0,C,C27
C28,0.0,0.0,1601.0,0.0,0.0,0.0,0.0,0.0,340.0,5.0,68.0,0.0,996.0,0.0,0.0,0.0,0.0,71.0,112.0,49.0,0.0,7.0,0.0,0.0,0.0,14.0,0.0,0.0,0.0,4.0,0.0,27.0,0.0,0.0,0.0,95.0,0.0,0.0,0.0,30.0,0.0,15.0,2121.0,83.0,0.0,102.0,0.0,386.0,0.0,8907.0,0.0,0.0,535.0,4.0,27.0,88.0,2.0,0.0,56.0,0.0,935.0,0.0,0.0,0.0,0.0,0.0,0.0,0.0,0.0,0.0,0.0,0.0,3.0,0.0,47.0,0.0,0.0,0.0,0.0,0.0,0.0,0.0,238.0,C,C28
C29,0.0,0.0,1039.0,0.0,0.0,0.0,0.0,0.0,0.0,0.0,3.0,0.0,31.0,0.0,0.0,0.0,0.0,13.0,0.0,0.0,0.0,0.0,0.0,0.0,107.0,32.0,0.0,0.0,0.0,177.0,0.0,431.0,0.0,0.0,0.0,0.0,0.0,0.0,0.0,7.0,0.0,0.0,1585.0,1154.0,0.0,385.0,0.0,9.0,0.0,3493.0,0.0,0.0,8.0,0.0,0.0,10.0,0.0,0.0,0.0,0.0,124.0,0.0,0.0,0.0,0.0,0.0,0.0,0.0,0.0,0.0,0.0,0.0,11.0,0.0,10889.0,0.0,0.0,13.0,0.0,0.0,0.0,0.0,7.0,C,C29
C30,0.0,6.0,33.0,0.0,0.0,0.0,0.0,0.0,92.0,2.0,18.0,0.0,290.0,63.0,0.0,0.0,0.0,700.0,319.0,91.0,0.0,8.0,0.0,0.0,0.0,12.0,0.0,0.0,0.0,6.0,0.0,236.0,0.0,0.0,0.0,166.0,0.0,15.0,0.0,4.0,0.0,0.0,2624.0,8.0,0.0,131.0,0.0,615.0,0.0,10830.0,10.0,0.0,573.0,0.0,12.0,301.0,0.0,0.0,8.0,0.0,709.0,0.0,12.0,0.0,0.0,0.0,0.0,0.0,0.0,0.0,0.0,0.0,17.0,0.0,43.0,0.0,0.0,25.0,0.0,0.0,0.0,0.0,98.0,C,C30
C31,0.0,0.0,86.0,0.0,0.0,0.0,0.0,0.0,0.0,0.0,0.0,0.0,93.0,2.0,0.0,0.0,0.0,0.0,79.0,9.0,0.0,0.0,0.0,0.0,170.0,50.0,0.0,0.0,0.0,0.0,0.0,2.0,0.0,0.0,0.0,434.0,0.0,0.0,0.0,116.0,0.0,15.0,6142.0,33.0,0.0,170.0,0.0,315.0,0.0,6382.0,0.0,0.0,560.0,0.0,6.0,53.0,0.0,0.0,0.0,0.0,519.0,0.0,0.0,0.0,0.0,0.0,0.0,0.0,0.0,0.0,0.0,0.0,0.0,0.0,0.0,0.0,0.0,7.0,0.0,0.0,0.0,0.0,71.0,C,C31
C32,0.0,13.0,686.0,0.0,0.0,123.0,0.0,11.0,41.0,0.0,0.0,0.0,214.0,0.0,0.0,0.0,0.0,19.0,0.0,0.0,0.0,4.0,0.0,0.0,0.0,27.0,0.0,67.0,0.0,0.0,19.0,2522.0,0.0,35.0,0.0,0.0,0.0,0.0,0.0,0.0,0.0,0.0,2414.0,0.0,0.0,392.0,0.0,10.0,0.0,7359.0,0.0,0.0,0.0,0.0,0.0,787.0,3.0,0.0,351.0,0.0,520.0,29.0,11.0,25.0,0.0,0.0,0.0,0.0,0.0,0.0,0.0,0.0,120.0,0.0,171.0,0.0,0.0,111.0,0.0,0.0,0.0,0.0,0.0,C,C32
C33,0.0,0.0,20.0,0.0,0.0,0.0,0.0,0.0,106.0,27.0,38.0,0.0,78.0,0.0,0.0,0.0,0.0,176.0,156.0,0.0,0.0,5.0,0.0,0.0,3.0,37.0,0.0,0.0,0.0,0.0,0.0,3.0,0.0,0.0,0.0,16.0,0.0,789.0,0.0,32.0,0.0,12.0,4063.0,82.0,0.0,62.0,0.0,477.0,0.0,2362.0,0.0,0.0,1945.0,0.0,3.0,57.0,0.0,0.0,2.0,0.0,3834.0,0.0,0.0,0.0,0.0,0.0,0.0,0.0,0.0,0.0,0.0,0.0,77.0,0.0,134.0,0.0,8.0,0.0,0.0,5.0,0.0,0.0,4572.0,C,C33
C34,0.0,0.0,4962.0,0.0,0.0,0.0,0.0,0.0,416.0,0.0,8.0,0.0,589.0,0.0,0.0,0.0,0.0,0.0,0.0,0.0,0.0,8.0,0.0,0.0,85.0,16.0,0.0,0.0,0.0,7.0,0.0,8.0,0.0,0.0,0.0,0.0,0.0,0.0,0.0,0.0,0.0,0.0,2326.0,517.0,0.0,0.0,0.0,50.0,0.0,20547.0,0.0,0.0,267.0,0.0,0.0,29.0,0.0,0.0,0.0,0.0,0.0,0.0,0.0,0.0,0.0,0.0,0.0,0.0,0.0,0.0,0.0,0.0,0.0,0.0,838.0,0.0,0.0,0.0,0.0,2.0,0.0,0.0,0.0,C,C34
C35,0.0,0.0,38.0,0.0,0.0,0.0,0.0,0.0,20.0,0.0,32.0,0.0,406.0,2.0,8.0,17.0,0.0,303.0,60.0,18.0,0.0,25.0,0.0,0.0,21.0,30.0,0.0,0.0,0.0,47.0,0.0,205.0,0.0,0.0,0.0,13.0,0.0,0.0,0.0,3.0,0.0,0.0,2163.0,119.0,0.0,32.0,0.0,97.0,0.0,9980.0,0.0,0.0,119.0,4.0,9.0,24.0,0.0,0.0,8.0,4.0,900.0,63.0,0.0,0.0,0.0,3.0,0.0,0.0,0.0,0.0,0.0,0.0,5.0,0.0,6302.0,0.0,0.0,0.0,0.0,0.0,0.0,0.0,0.0,C,C35
C36,0.0,6.0,122.0,0.0,0.0,0.0,0.0,0.0,51.0,0.0,30.0,0.0,83.0,0.0,0.0,0.0,0.0,71.0,62.0,8.0,0.0,0.0,0.0,0.0,15.0,21.0,0.0,0.0,0.0,0.0,0.0,5.0,0.0,0.0,0.0,19.0,0.0,0.0,0.0,0.0,0.0,0.0,10949.0,95.0,0.0,81.0,0.0,33.0,0.0,6718.0,0.0,0.0,471.0,0.0,0.0,48.0,0.0,0.0,0.0,0.0,43.0,0.0,0.0,0.0,0.0,0.0,0.0,0.0,0.0,0.0,0.0,0.0,0.0,0.0,538.0,0.0,0.0,0.0,0.0,0.0,0.0,0.0,2.0,C,C36
C39,5.0,0.0,7.0,0.0,0.0,0.0,0.0,0.0,3146.0,19.0,54.0,0.0,8357.0,0.0,6.0,0.0,0.0,19.0,13.0,157.0,0.0,3.0,0.0,0.0,0.0,152.0,0.0,0.0,0.0,0.0,4.0,6.0,0.0,0.0,0.0,17.0,0.0,0.0,0.0,8.0,5.0,0.0,2367.0,25.0,0.0,17.0,0.0,214.0,0.0,4179.0,0.0,0.0,1304.0,0.0,92.0,122.0,18.0,0.0,13.0,0.0,0.0,0.0,0.0,0.0,0.0,0.0,0.0,0.0,0.0,0.0,0.0,0.0,2.0,0.0,81.0,0.0,0.0,0.0,0.0,0.0,0.0,0.0,5.0,C,C39
C40,0.0,49.0,473.0,0.0,0.0,0.0,0.0,0.0,0.0,0.0,0.0,0.0,8.0,0.0,4.0,0.0,0.0,0.0,0.0,12.0,0.0,0.0,0.0,0.0,0.0,0.0,0.0,0.0,0.0,42.0,0.0,35.0,0.0,0.0,0.0,4.0,0.0,0.0,0.0,0.0,0.0,0.0,50.0,0.0,0.0,0.0,0.0,6.0,0.0,218.0,0.0,0.0,0.0,0.0,0.0,160.0,0.0,0.0,0.0,0.0,54.0,0.0,0.0,0.0,0.0,0.0,0.0,0.0,0.0,0.0,0.0,0.0,0.0,0.0,29669.0,0.0,0.0,0.0,0.0,0.0,0.0,0.0,0.0,C,C40
C42,21.0,0.0,46.0,0.0,0.0,0.0,0.0,0.0,32.0,4.0,14.0,0.0,1386.0,52.0,183.0,0.0,0.0,1092.0,723.0,301.0,0.0,159.0,0.0,0.0,0.0,0.0,0.0,0.0,0.0,7.0,0.0,4.0,18.0,0.0,0.0,195.0,0.0,0.0,0.0,17.0,0.0,0.0,4012.0,63.0,0.0,0.0,0.0,546.0,0.0,4520.0,0.0,0.0,839.0,0.0,8.0,0.0,0.0,0.0,10.0,291.0,1354.0,0.0,0.0,0.0,0.0,0.0,0.0,0.0,0.0,0.0,0.0,0.0,0.0,0.0,583.0,0.0,2.0,0.0,0.0,0.0,8.0,0.0,0.0,C,C42
C43,26.0,0.0,181.0,0.0,0.0,0.0,0.0,0.0,497.0,3.0,57.0,0.0,1693.0,177.0,263.0,0.0,0.0,86.0,512.0,782.0,0.0,85.0,0.0,0.0,9.0,33.0,0.0,0.0,3.0,0.0,0.0,9.0,0.0,0.0,0.0,98.0,0.0,9.0,4.0,59.0,0.0,0.0,3017.0,4.0,18.0,10.0,0.0,1230.0,0.0,1430.0,58.0,0.0,567.0,0.0,5.0,9.0,0.0,5.0,21.0,0.0,182.0,0.0,0.0,0.0,0.0,0.0,0.0,0.0,0.0,0.0,0.0,0.0,0.0,62.0,2507.0,0.0,0.0,0.0,0.0,0.0,30.0,0.0,0.0,C,C43
C44,0.0,0.0,733.0,0.0,0.0,0.0,0.0,0.0,206.0,33.0,47.0,0.0,1409.0,141.0,52.0,0.0,0.0,0.0,234.0,446.0,0.0,19.0,0.0,0.0,19.0,24.0,0.0,0.0,0.0,0.0,0.0,0.0,16.0,0.0,0.0,122.0,0.0,0.0,0.0,70.0,0.0,0.0,2367.0,59.0,3.0,69.0,0.0,792.0,0.0,8363.0,0.0,0.0,418.0,0.0,4.0,97.0,0.0,0.0,25.0,0.0,146.0,0.0,0.0,0.0,0.0,0.0,0.0,0.0,0.0,0.0,0.0,0.0,10.0,0.0,610.0,0.0,0.0,0.0,0.0,0.0,0.0,0.0,4.0,C,C44
C46,0.0,0.0,1516.0,0.0,0.0,0.0,0.0,0.0,843.0,7.0,32.0,0.0,2838.0,0.0,0.0,0.0,0.0,0.0,30.0,44.0,0.0,6.0,0.0,0.0,21.0,8.0,0.0,0.0,0.0,0.0,0.0,5.0,0.0,0.0,0.0,8.0,0.0,0.0,0.0,3.0,3.0,0.0,2555.0,459.0,0.0,301.0,0.0,164.0,0.0,7304.0,0.0,0.0,8.0,0.0,2.0,8.0,0.0,0.0,432.0,0.0,124.0,16.0,0.0,0.0,0.0,0.0,0.0,0.0,0.0,0.0,0.0,7.0,13.0,0.0,138.0,0.0,0.0,0.0,0.0,0.0,0.0,0.0,0.0,C,C46
C49,0.0,52.0,8.0,0.0,0.0,38.0,0.0,21.0,0.0,7.0,3.0,0.0,0.0,0.0,0.0,0.0,0.0,0.0,0.0,0.0,0.0,0.0,0.0,0.0,199.0,76.0,0.0,0.0,0.0,110.0,0.0,980.0,0.0,0.0,0.0,0.0,0.0,0.0,0.0,406.0,0.0,0.0,243.0,38.0,0.0,8.0,0.0,0.0,0.0,703.0,0.0,0.0,0.0,0.0,0.0,14.0,0.0,0.0,0.0,0.0,23.0,0.0,24.0,0.0,0.0,0.0,0.0,0.0,0.0,0.0,0.0,0.0,0.0,0.0,18055.0,0.0,0.0,12.0,0.0,0.0,0.0,0.0,0.0,C,C49
C50,0.0,0.0,787.0,0.0,0.0,0.0,16.0,0.0,17.0,0.0,83.0,0.0,1624.0,0.0,15.0,120.0,0.0,328.0,151.0,70.0,0.0,113.0,0.0,0.0,77.0,271.0,0.0,0.0,0.0,18.0,0.0,108.0,0.0,0.0,0.0,114.0,0.0,113.0,0.0,26.0,0.0,44.0,3981.0,0.0,0.0,16.0,0.0,933.0,0.0,3802.0,17.0,0.0,269.0,0.0,24.0,65.0,18.0,0.0,210.0,0.0,79.0,0.0,0.0,0.0,0.0,0.0,0.0,0.0,0.0,0.0,0.0,0.0,0.0,0.0,242.0,0.0,0.0,0.0,0.0,0.0,0.0,0.0,6.0,C,C50
C51,103.0,0.0,47.0,0.0,0.0,0.0,0.0,0.0,25.0,4.0,31.0,0.0,659.0,4.0,17.0,0.0,0.0,132.0,510.0,259.0,0.0,7.0,0.0,0.0,16.0,0.0,0.0,0.0,0.0,0.0,15.0,30.0,0.0,0.0,5.0,180.0,0.0,0.0,0.0,10.0,0.0,8.0,3111.0,26.0,0.0,6.0,0.0,1329.0,0.0,6347.0,19.0,0.0,692.0,0.0,0.0,0.0,0.0,0.0,74.0,0.0,352.0,0.0,2.0,0.0,0.0,0.0,0.0,0.0,0.0,0.0,0.0,4.0,9.0,0.0,141.0,0.0,0.0,0.0,0.0,0.0,0.0,0.0,0.0,C,C51
C52,0.0,42.0,20.0,0.0,2.0,0.0,0.0,14.0,0.0,0.0,400.0,0.0,1257.0,0.0,0.0,0.0,0.0,0.0,0.0,212.0,0.0,0.0,0.0,0.0,77.0,8.0,0.0,0.0,39.0,0.0,0.0,127.0,0.0,9.0,0.0,0.0,0.0,0.0,0.0,8.0,0.0,0.0,3413.0,0.0,0.0,0.0,0.0,15.0,0.0,479.0,0.0,0.0,0.0,0.0,0.0,222.0,58.0,0.0,0.0,0.0,1236.0,0.0,11.0,0.0,7.0,5.0,0.0,0.0,0.0,0.0,0.0,0.0,1740.0,1.0,22373.0,0.0,15.0,0.0,0.0,9.0,4.0,0.0,12.0,C,C52
C54,0.0,0.0,1630.0,0.0,0.0,3.0,0.0,0.0,39.0,0.0,8.0,0.0,431.0,64.0,32.0,0.0,0.0,0.0,23.0,7.0,0.0,67.0,0.0,0.0,153.0,7.0,0.0,0.0,0.0,0.0,0.0,9.0,0.0,0.0,0.0,0.0,0.0,0.0,0.0,0.0,0.0,0.0,3834.0,1186.0,0.0,127.0,0.0,572.0,0.0,25925.0,0.0,0.0,0.0,0.0,0.0,80.0,0.0,0.0,1069.0,0.0,109.0,0.0,0.0,0.0,0.0,0.0,0.0,0.0,0.0,0.0,0.0,0.0,0.0,0.0,1372.0,0.0,0.0,0.0,0.0,0.0,0.0,0.0,2.0,C,C54
C55,0.0,0.0,2749.0,0.0,0.0,0.0,0.0,0.0,0.0,0.0,16.0,0.0,3459.0,0.0,0.0,0.0,0.0,0.0,0.0,0.0,0.0,0.0,0.0,0.0,161.0,44.0,0.0,0.0,10.0,0.0,0.0,0.0,0.0,0.0,0.0,0.0,0.0,0.0,0.0,0.0,0.0,0.0,7977.0,0.0,0.0,1963.0,0.0,608.0,0.0,4017.0,0.0,8.0,0.0,0.0,0.0,27.0,0.0,0.0,0.0,0.0,1763.0,0.0,5.0,4.0,0.0,0.0,0.0,0.0,0.0,0.0,0.0,0.0,1023.0,0.0,179.0,0.0,0.0,0.0,0.0,0.0,0.0,0.0,0.0,C,C55
C57,0.0,0.0,40.0,0.0,0.0,0.0,0.0,0.0,0.0,0.0,59.0,0.0,326.0,0.0,0.0,0.0,0.0,0.0,10.0,0.0,0.0,26.0,0.0,0.0,86.0,2.0,0.0,0.0,0.0,8.0,0.0,0.0,0.0,0.0,0.0,2.0,0.0,77.0,0.0,308.0,0.0,0.0,4007.0,117.0,0.0,180.0,0.0,251.0,0.0,11579.0,0.0,0.0,11.0,0.0,0.0,297.0,0.0,0.0,0.0,0.0,400.0,0.0,3.0,0.0,0.0,0.0,0.0,0.0,0.0,0.0,0.0,0.0,0.0,0.0,1349.0,0.0,0.0,0.0,0.0,0.0,0.0,0.0,688.0,C,C57
C58,0.0,14.0,222.0,0.0,0.0,0.0,0.0,7.0,3.0,64.0,158.0,0.0,20.0,8.0,0.0,0.0,0.0,20.0,0.0,0.0,0.0,8.0,0.0,0.0,86.0,8.0,0.0,0.0,0.0,0.0,125.0,30.0,0.0,13.0,0.0,3.0,0.0,11.0,0.0,1843.0,0.0,0.0,2676.0,669.0,0.0,87.0,0.0,16.0,0.0,10186.0,0.0,0.0,36.0,0.0,7.0,1135.0,0.0,0.0,0.0,0.0,27.0,0.0,21.0,8.0,0.0,0.0,0.0,0.0,0.0,0.0,0.0,0.0,0.0,0.0,8698.0,0.0,0.0,4.0,0.0,0.0,0.0,0.0,151.0,C,C58
C59,0.0,0.0,2126.0,0.0,0.0,5.0,0.0,7.0,0.0,0.0,11.0,0.0,8173.0,0.0,0.0,0.0,0.0,0.0,0.0,0.0,0.0,0.0,5.0,0.0,0.0,52.0,0.0,0.0,0.0,29.0,0.0,49.0,0.0,0.0,0.0,0.0,0.0,0.0,0.0,24.0,0.0,0.0,2408.0,0.0,0.0,141.0,0.0,53.0,0.0,655.0,0.0,0.0,0.0,0.0,0.0,5.0,0.0,0.0,0.0,0.0,1092.0,33.0,0.0,0.0,0.0,0.0,0.0,0.0,0.0,0.0,0.0,0.0,0.0,3.0,3796.0,0.0,0.0,0.0,0.0,0.0,0.0,0.0,0.0,C,C59
C60,0.0,0.0,69.0,0.0,0.0,0.0,0.0,0.0,67.0,0.0,6.0,0.0,467.0,0.0,0.0,0.0,0.0,0.0,5.0,5.0,0.0,0.0,0.0,0.0,90.0,0.0,0.0,0.0,0.0,0.0,0.0,0.0,0.0,0.0,0.0,0.0,0.0,0.0,0.0,0.0,0.0,0.0,753.0,114.0,0.0,48.0,0.0,0.0,0.0,735.0,0.0,0.0,36.0,0.0,0.0,10.0,0.0,0.0,70.0,12.0,8.0,0.0,0.0,0.0,0.0,0.0,0.0,0.0,0.0,0.0,0.0,0.0,0.0,0.0,23931.0,0.0,0.0,0.0,0.0,0.0,0.0,0.0,0.0,C,C60
C61,0.0,0.0,344.0,0.0,0.0,0.0,0.0,0.0,36.0,0.0,14.0,0.0,695.0,620.0,180.0,0.0,0.0,941.0,750.0,122.0,0.0,46.0,0.0,0.0,5.0,8.0,0.0,0.0,0.0,0.0,0.0,0.0,0.0,0.0,0.0,56.0,0.0,265.0,0.0,39.0,0.0,8.0,2878.0,59.0,29.0,58.0,0.0,921.0,0.0,9070.0,46.0,0.0,1135.0,0.0,0.0,111.0,0.0,0.0,85.0,0.0,1585.0,0.0,0.0,0.0,0.0,0.0,0.0,0.0,0.0,0.0,0.0,5.0,22.0,0.0,74.0,0.0,0.0,0.0,0.0,0.0,0.0,0.0,0.0,C,C61
C62,0.0,58.0,7608.0,2.0,8.0,4.0,0.0,0.0,1056.0,0.0,86.0,0.0,938.0,0.0,0.0,0.0,0.0,0.0,5.0,15.0,0.0,0.0,0.0,0.0,115.0,5.0,0.0,5.0,0.0,0.0,0.0,27.0,0.0,0.0,0.0,8.0,0.0,0.0,0.0,108.0,100.0,0.0,2128.0,49.0,0.0,363.0,0.0,149.0,0.0,1694.0,0.0,0.0,0.0,0.0,6.0,162.0,0.0,0.0,0.0,0.0,11603.0,0.0,12.0,0.0,0.0,15.0,11.0,0.0,0.0,0.0,0.0,0.0,1270.0,0.0,331.0,0.0,35.0,0.0,0.0,15.0,0.0,0.0,0.0,C,C62
C63,0.0,0.0,120.0,0.0,0.0,0.0,0.0,0.0,14.0,0.0,12.0,0.0,846.0,0.0,11.0,0.0,0.0,241.0,76.0,196.0,0.0,16.0,0.0,0.0,42.0,12.0,0.0,0.0,0.0,2.0,0.0,9.0,0.0,0.0,0.0,11.0,0.0,94.0,0.0,7.0,0.0,0.0,5573.0,135.0,0.0,42.0,0.0,45.0,0.0,10290.0,0.0,0.0,77.0,0.0,0.0,84.0,0.0,0.0,13.0,0.0,27.0,0.0,0.0,0.0,0.0,0.0,0.0,0.0,0.0,0.0,0.0,0.0,17.0,0.0,693.0,0.0,0.0,0.0,0.0,0.0,0.0,0.0,0.0,C,C63
C64,0.0,6.0,9.0,0.0,0.0,0.0,0.0,0.0,0.0,0.0,0.0,0.0,103.0,0.0,0.0,0.0,0.0,0.0,12.0,0.0,0.0,0.0,0.0,0.0,0.0,3.0,0.0,0.0,0.0,0.0,0.0,11.0,0.0,0.0,0.0,0.0,0.0,0.0,0.0,7.0,0.0,0.0,9783.0,150.0,0.0,229.0,0.0,81.0,0.0,1858.0,0.0,0.0,0.0,0.0,0.0,6.0,0.0,0.0,0.0,0.0,946.0,240.0,0.0,0.0,0.0,0.0,0.0,0.0,0.0,0.0,0.0,0.0,122.0,0.0,2290.0,0.0,0.0,0.0,0.0,0.0,0.0,0.0,0.0,C,C64
C71,0.0,545.0,0.0,0.0,0.0,0.0,0.0,36.0,208.0,0.0,0.0,0.0,30.0,0.0,0.0,0.0,0.0,5.0,2.0,0.0,0.0,0.0,0.0,0.0,36.0,110.0,73.0,124.0,0.0,0.0,19.0,560.0,0.0,297.0,0.0,0.0,0.0,4.0,0.0,5452.0,0.0,0.0,1085.0,0.0,0.0,0.0,0.0,0.0,0.0,8.0,0.0,0.0,0.0,0.0,0.0,3807.0,0.0,0.0,0.0,0.0,0.0,0.0,111.0,6.0,0.0,0.0,0.0,0.0,0.0,0.0,0.0,0.0,0.0,0.0,9128.0,0.0,5.0,0.0,0.0,5.0,0.0,0.0,0.0,C,C71
C72,0.0,197.0,0.0,0.0,0.0,0.0,42.0,59.0,2509.0,324.0,1657.0,50.0,162.0,27.0,0.0,0.0,0.0,568.0,56.0,17.0,0.0,82.0,0.0,0.0,276.0,39.0,22.0,25.0,0.0,0.0,535.0,828.0,0.0,79.0,0.0,174.0,0.0,129.0,0.0,10.0,8.0,0.0,7337.0,172.0,0.0,221.0,0.0,724.0,0.0,5510.0,0.0,0.0,438.0,256.0,7.0,774.0,0.0,0.0,16.0,503.0,608.0,0.0,69.0,8.0,9.0,17.0,18.0,0.0,0.0,0.0,0.0,0.0,0.0,0.0,206.0,0.0,61.0,82.0,0.0,22.0,0.0,0.0,0.0,C,C72
C73,3.0,238.0,35.0,0.0,0.0,57.0,0.0,27.0,329.0,0.0,147.0,0.0,6.0,0.0,0.0,0.0,11.0,0.0,0.0,5.0,0.0,11.0,0.0,0.0,1095.0,59.0,0.0,63.0,0.0,0.0,0.0,613.0,0.0,40.0,0.0,449.0,0.0,0.0,0.0,412.0,21.0,0.0,6590.0,1422.0,0.0,455.0,0.0,30.0,0.0,324.0,0.0,0.0,70.0,0.0,65.0,609.0,405.0,0.0,75.0,26.0,94.0,1772.0,107.0,43.0,0.0,5.0,0.0,0.0,0.0,0.0,0.0,0.0,0.0,0.0,76.0,0.0,5.0,198.0,0.0,0.0,0.0,0.0,0.0,C,C73
C74,0.0,32.0,8.0,0.0,0.0,0.0,0.0,0.0,93.0,0.0,11.0,0.0,28.0,0.0,0.0,0.0,0.0,0.0,0.0,0.0,0.0,0.0,0.0,0.0,0.0,17.0,0.0,26.0,0.0,0.0,21.0,37.0,0.0,45.0,0.0,0.0,0.0,0.0,0.0,4415.0,3.0,0.0,596.0,0.0,0.0,0.0,0.0,0.0,0.0,15.0,0.0,0.0,0.0,0.0,0.0,2561.0,0.0,0.0,0.0,15.0,0.0,0.0,12.0,0.0,0.0,0.0,0.0,0.0,0.0,0.0,0.0,0.0,0.0,0.0,13370.0,0.0,3.0,0.0,0.0,0.0,0.0,0.0,0.0,C,C74
C75,63.0,0.0,42.0,0.0,0.0,0.0,0.0,0.0,99.0,10.0,172.0,58.0,351.0,243.0,26.0,0.0,0.0,62.0,315.0,148.0,0.0,23.0,0.0,0.0,36.0,58.0,0.0,0.0,0.0,0.0,0.0,25.0,0.0,0.0,0.0,449.0,26.0,951.0,15.0,34.0,0.0,0.0,3728.0,88.0,9.0,87.0,0.0,1976.0,0.0,9080.0,172.0,0.0,946.0,0.0,4.0,70.0,5.0,0.0,20.0,0.0,13.0,0.0,0.0,0.0,0.0,0.0,0.0,0.0,0.0,0.0,0.0,0.0,0.0,0.0,32.0,0.0,6.0,0.0,0.0,0.0,0.0,0.0,173.0,C,C75
C76,0.0,0.0,592.0,0.0,0.0,0.0,0.0,0.0,114.0,0.0,27.0,0.0,1348.0,0.0,39.0,0.0,0.0,39.0,434.0,17.0,0.0,0.0,0.0,0.0,23.0,26.0,0.0,0.0,0.0,0.0,0.0,3.0,0.0,0.0,0.0,0.0,0.0,0.0,0.0,37.0,0.0,0.0,5264.0,259.0,0.0,10.0,0.0,25.0,0.0,6984.0,0.0,0.0,379.0,0.0,0.0,0.0,5.0,0.0,3.0,0.0,11.0,0.0,0.0,0.0,0.0,0.0,0.0,0.0,0.0,0.0,0.0,7.0,0.0,0.0,162.0,0.0,0.0,0.0,0.0,0.0,0.0,0.0,0.0,C,C76
C77,0.0,7.0,1400.0,0.0,0.0,0.0,0.0,14.0,165.0,3.0,12.0,0.0,3.0,0.0,0.0,0.0,0.0,0.0,0.0,0.0,0.0,0.0,0.0,0.0,190.0,5.0,0.0,16.0,0.0,0.0,0.0,109.0,0.0,18.0,0.0,0.0,0.0,0.0,0.0,14274.0,0.0,0.0,180.0,12.0,0.0,10.0,0.0,0.0,0.0,60.0,0.0,0.0,0.0,0.0,0.0,1451.0,0.0,0.0,0.0,0.0,0.0,0.0,21.0,0.0,0.0,0.0,0.0,0.0,0.0,0.0,0.0,0.0,0.0,0.0,4535.0,0.0,0.0,7.0,0.0,0.0,0.0,0.0,0.0,C,C77
C78,0.0,0.0,47.0,0.0,0.0,0.0,0.0,0.0,3.0,0.0,38.0,0.0,5.0,0.0,0.0,0.0,0.0,0.0,0.0,0.0,0.0,0.0,0.0,0.0,39.0,124.0,0.0,0.0,0.0,0.0,3.0,65.0,0.0,6.0,0.0,0.0,0.0,0.0,0.0,374.0,0.0,0.0,297.0,0.0,0.0,0.0,0.0,32.0,0.0,2959.0,0.0,0.0,0.0,0.0,0.0,205.0,0.0,0.0,0.0,0.0,6.0,0.0,0.0,0.0,0.0,0.0,0.0,0.0,0.0,0.0,0.0,0.0,0.0,0.0,20293.0,0.0,5.0,0.0,0.0,0.0,0.0,0.0,2.0,C,C78
C79,0.0,0.0,5337.0,0.0,0.0,0.0,0.0,0.0,837.0,29.0,18.0,0.0,1180.0,0.0,0.0,0.0,0.0,2162.0,0.0,14.0,0.0,0.0,0.0,0.0,12.0,0.0,0.0,0.0,0.0,286.0,7.0,389.0,0.0,0.0,0.0,0.0,0.0,0.0,0.0,647.0,0.0,0.0,2407.0,0.0,0.0,245.0,0.0,18.0,0.0,3412.0,0.0,0.0,0.0,0.0,0.0,180.0,0.0,0.0,256.0,142.0,189.0,0.0,0.0,0.0,0.0,3.0,0.0,0.0,0.0,0.0,0.0,0.0,0.0,0.0,234.0,0.0,4.0,49.0,0.0,0.0,0.0,0.0,0.0,C,C79
C80,0.0,0.0,2401.0,0.0,0.0,0.0,0.0,0.0,179.0,0.0,280.0,0.0,91.0,0.0,0.0,0.0,0.0,11.0,0.0,0.0,0.0,0.0,0.0,0.0,209.0,15.0,0.0,0.0,0.0,186.0,0.0,8.0,0.0,0.0,0.0,0.0,0.0,0.0,0.0,201.0,0.0,0.0,3433.0,158.0,0.0,32.0,0.0,13.0,0.0,8951.0,0.0,0.0,823.0,0.0,0.0,194.0,0.0,0.0,0.0,0.0,0.0,0.0,8.0,0.0,0.0,0.0,0.0,0.0,0.0,0.0,0.0,0.0,4.0,0.0,7.0,0.0,0.0,6.0,0.0,0.0,0.0,0.0,0.0,C,C80
C81,12.0,0.0,65.0,0.0,0.0,0.0,0.0,0.0,66.0,0.0,133.0,0.0,63.0,0.0,17.0,98.0,0.0,1671.0,76.0,59.0,0.0,180.0,0.0,0.0,28.0,74.0,0.0,0.0,0.0,0.0,3.0,25.0,0.0,0.0,0.0,231.0,0.0,97.0,0.0,66.0,0.0,5.0,3750.0,18.0,0.0,77.0,0.0,636.0,0.0,6651.0,0.0,0.0,1412.0,0.0,0.0,283.0,0.0,0.0,20.0,0.0,27.0,0.0,0.0,0.0,0.0,0.0,0.0,0.0,0.0,0.0,0.0,14.0,0.0,0.0,268.0,0.0,0.0,0.0,0.0,0.0,0.0,0.0,0.0,C,C81
C82,0.0,170.0,3874.0,0.0,0.0,8.0,0.0,17.0,1090.0,0.0,38.0,0.0,10.0,0.0,0.0,0.0,0.0,195.0,0.0,0.0,0.0,221.0,0.0,0.0,16.0,15.0,27.0,52.0,0.0,3.0,0.0,258.0,0.0,14.0,0.0,0.0,0.0,0.0,0.0,0.0,63.0,0.0,937.0,0.0,0.0,293.0,0.0,0.0,0.0,17.0,0.0,0.0,0.0,0.0,8.0,201.0,0.0,0.0,31.0,0.0,5.0,6.0,137.0,2.0,0.0,0.0,0.0,0.0,0.0,0.0,0.0,0.0,3.0,0.0,13733.0,0.0,0.0,0.0,0.0,0.0,0.0,0.0,0.0,C,C82
C83,0.0,0.0,5028.0,0.0,0.0,0.0,0.0,0.0,30.0,0.0,0.0,0.0,0.0,0.0,0.0,0.0,0.0,11.0,0.0,0.0,0.0,0.0,0.0,0.0,25.0,0.0,0.0,0.0,17.0,10530.0,0.0,317.0,0.0,0.0,0.0,0.0,0.0,0.0,0.0,0.0,0.0,0.0,66.0,0.0,0.0,0.0,0.0,0.0,0.0,30.0,0.0,0.0,0.0,0.0,0.0,0.0,0.0,0.0,0.0,0.0,50.0,0.0,6.0,0.0,0.0,0.0,0.0,0.0,0.0,0.0,0.0,0.0,0.0,0.0,41.0,0.0,0.0,12.0,0.0,0.0,0.0,0.0,0.0,C,C83
C84,0.0,0.0,0.0,0.0,0.0,0.0,0.0,0.0,47.0,19.0,45.0,0.0,1033.0,0.0,35.0,0.0,0.0,996.0,199.0,138.0,0.0,22.0,0.0,0.0,8.0,0.0,0.0,0.0,0.0,0.0,0.0,0.0,0.0,0.0,0.0,58.0,0.0,71.0,0.0,116.0,0.0,15.0,3573.0,7.0,7.0,34.0,0.0,1020.0,0.0,4701.0,0.0,0.0,272.0,0.0,27.0,31.0,0.0,0.0,23.0,0.0,0.0,3.0,0.0,0.0,0.0,0.0,0.0,0.0,0.0,0.0,0.0,0.0,0.0,0.0,117.0,0.0,0.0,0.0,0.0,0.0,0.0,0.0,3.0,C,C84
C85,120.0,0.0,289.0,0.0,0.0,0.0,0.0,8.0,19.0,30.0,100.0,0.0,103.0,4.0,21.0,0.0,0.0,0.0,34.0,9.0,0.0,14.0,0.0,0.0,81.0,9.0,0.0,0.0,0.0,0.0,0.0,4.0,0.0,0.0,0.0,292.0,0.0,58.0,0.0,154.0,0.0,12.0,3562.0,50.0,0.0,0.0,0.0,166.0,0.0,7181.0,0.0,0.0,249.0,8.0,12.0,16.0,5.0,0.0,35.0,0.0,87.0,0.0,0.0,0.0,0.0,0.0,3.0,0.0,0.0,0.0,0.0,0.0,0.0,0.0,16.0,0.0,7.0,0.0,0.0,2.0,5.0,0.0,6.0,C,C85
C86,0.0,329.0,8266.0,0.0,0.0,4.0,0.0,46.0,1353.0,8.0,119.0,0.0,454.0,0.0,0.0,0.0,0.0,0.0,26.0,33.0,0.0,89.0,0.0,0.0,165.0,157.0,6.0,77.0,0.0,7.0,0.0,633.0,0.0,73.0,0.0,8.0,0.0,0.0,0.0,1202.0,0.0,0.0,4955.0,0.0,5.0,74.0,0.0,55.0,0.0,1252.0,0.0,0.0,66.0,0.0,80.0,518.0,3.0,0.0,14.0,0.0,28.0,0.0,149.0,0.0,0.0,0.0,4.0,0.0,0.0,0.0,0.0,0.0,32.0,0.0,37.0,0.0,11.0,170.0,0.0,7.0,0.0,0.0,0.0,C,C86
C87,0.0,0.0,16.0,0.0,0.0,0.0,0.0,0.0,62.0,7.0,41.0,0.0,203.0,0.0,25.0,9.0,0.0,894.0,62.0,40.0,0.0,0.0,0.0,0.0,21.0,8.0,0.0,0.0,0.0,0.0,73.0,38.0,0.0,0.0,0.0,42.0,0.0,227.0,0.0,1624.0,0.0,0.0,3195.0,54.0,0.0,128.0,0.0,349.0,0.0,10616.0,0.0,0.0,699.0,0.0,0.0,80.0,0.0,0.0,0.0,0.0,41.0,0.0,0.0,0.0,0.0,0.0,0.0,0.0,0.0,0.0,0.0,0.0,0.0,0.0,2690.0,0.0,8.0,0.0,0.0,0.0,0.0,0.0,0.0,C,C87
C88,55.0,0.0,292.0,0.0,0.0,2.0,87.0,0.0,269.0,33.0,256.0,0.0,15.0,3.0,0.0,113.0,0.0,201.0,2.0,0.0,0.0,0.0,0.0,0.0,43.0,0.0,0.0,0.0,0.0,21.0,12.0,28.0,80.0,0.0,0.0,498.0,0.0,277.0,0.0,1218.0,0.0,13.0,4211.0,219.0,0.0,159.0,0.0,238.0,0.0,4176.0,9.0,0.0,835.0,0.0,9.0,84.0,7.0,0.0,9.0,0.0,14.0,0.0,10.0,0.0,0.0,0.0,4.0,0.0,0.0,0.0,0.0,0.0,0.0,0.0,1272.0,0.0,8.0,0.0,0.0,0.0,0.0,0.0,0.0,C,C88
