#OTU ID	AD01	AD04	AD05	AD07	AD08	AD09	AD10	AD100	AD101	AD102	AD103	AD104	AD105	AD106	AD107	AD108	AD109	AD11	AD110	AD111	AD112	AD113	AD114	AD116	AD118	AD119	AD12	AD120	AD121	AD122	AD123	AD125	AD126	AD127	AD13	AD14	AD16	AD17	AD18	AD19	AD20	AD21	AD22	AD23	AD24	AD25	AD26	AD27	AD29	AD30	AD31	AD32	AD33	AD34	AD35	AD36	AD37	AD40	AD41	AD47	AD50	AD53	AD54	AD55	AD58	AD59	AD60	AD61	AD62	AD63	AD64	AD65	AD66	AD67	AD68	AD69	AD70	AD71	AD74	AD75	AD76	AD77	AD78	AD79	AD80	AD83	AD84	AD85	AD86	AD88	AD89	AD90	AD91	AD92	AD93	AD94	AD96	AD97	AD98	AD99	C01	C02	C03	C05	C07	C08	C09	C10	C11	C12	C13	C15	C16	C17	C18	C19	C20	C21	C22	C23	C24	C25	C26	C27	C28	C29	C30	C31	C32	C33	C34	C35	C36	C39	C40	C42	C43	C44	C46	C49	C50	C51	C52	C54	C55	C57	C58	C59	C60	C61	C62	C63	C64	C71	C72	C73	C74	C75	C76	C77	C78	C79	C80	C81	C82	C83	C84	C85	C86	C87	C88
d__Archaea;p__Euryarchaeota;c__Methanobacteria;o__Methanobacteriales	0.0	0.0	0.0	0.0	0.0	0.0	0.0	0.0	0.0	0.0	0.0	0.0	0.0	0.0	0.0	0.0	0.0	8.0	3.0	1294.0	0.0	13.0	0.0	0.0	162.0	0.0	0.0	4.0	0.0	0.0	0.0	0.0	0.0	81.0	0.0	0.0	0.0	0.0	0.0	0.0	0.0	0.0	0.0	0.0	0.0	0.0	68.0	0.0	0.0	0.0	234.0	5.0	0.0	0.0	0.0	0.0	0.0	0.0	0.0	0.0	0.0	0.0	0.0	43.0	26.0	0.0	2586.0	0.0	0.0	0.0	0.0	0.0	0.0	0.0	0.0	0.0	0.0	0.0	0.0	122.0	0.0	0.0	10513.0	0.0	203.0	348.0	0.0	0.0	0.0	0.0	0.0	0.0	0.0	0.0	0.0	0.0	0.0	0.0	0.0	0.0	0.0	4.0	0.0	0.0	0.0	0.0	0.0	0.0	0.0	348.0	0.0	0.0	0.0	0.0	0.0	13.0	0.0	0.0	0.0	0.0	0.0	0.0	0.0	0.0	0.0	0.0	0.0	0.0	0.0	0.0	0.0	0.0	0.0	5.0	0.0	21.0	26.0	0.0	0.0	0.0	0.0	103.0	0.0	0.0	0.0	0.0	0.0	0.0	0.0	0.0	0.0	0.0	0.0	0.0	0.0	3.0	0.0	63.0	0.0	0.0	0.0	0.0	0.0	12.0	0.0	0.0	0.0	120.0	0.0	0.0	55.0
d__Bacteria;p__Actinobacteriota;c__Actinobacteria;o__Actinomycetales	0.0	0.0	0.0	0.0	7.0	0.0	0.0	520.0	0.0	0.0	4.0	44.0	0.0	103.0	0.0	12.0	115.0	0.0	0.0	0.0	31.0	24.0	29.0	179.0	61.0	102.0	0.0	57.0	13.0	136.0	37.0	16.0	171.0	0.0	0.0	0.0	0.0	14.0	0.0	0.0	0.0	0.0	5.0	0.0	0.0	5.0	7.0	14.0	0.0	0.0	0.0	8.0	105.0	0.0	0.0	10.0	0.0	0.0	17.0	0.0	44.0	0.0	0.0	0.0	0.0	36.0	0.0	0.0	0.0	0.0	0.0	0.0	16.0	0.0	0.0	0.0	0.0	9.0	10.0	17.0	11.0	0.0	641.0	0.0	13.0	0.0	0.0	19.0	0.0	0.0	0.0	0.0	165.0	0.0	0.0	7.0	30.0	21.0	0.0	0.0	25.0	0.0	0.0	0.0	0.0	0.0	0.0	0.0	0.0	0.0	0.0	0.0	0.0	0.0	15.0	0.0	0.0	0.0	0.0	0.0	0.0	0.0	21.0	0.0	0.0	0.0	6.0	0.0	13.0	0.0	0.0	0.0	6.0	0.0	49.0	0.0	0.0	0.0	0.0	52.0	0.0	0.0	42.0	0.0	0.0	0.0	14.0	0.0	0.0	0.0	58.0	0.0	6.0	545.0	197.0	238.0	32.0	0.0	0.0	7.0	0.0	0.0	0.0	0.0	170.0	0.0	0.0	0.0	329.0	0.0	0.0
d__Bacteria;p__Actinobacteriota;c__Actinobacteria;o__Bifidobacteriales	625.0	29.0	6705.0	10.0	52.0	1789.0	163.0	6515.0	15.0	7764.0	617.0	63.0	187.0	11221.0	250.0	346.0	7356.0	7.0	0.0	79.0	3575.0	491.0	1007.0	755.0	195.0	4800.0	2605.0	11368.0	136.0	1060.0	30.0	5.0	1591.0	117.0	12.0	85.0	2223.0	7014.0	8845.0	4238.0	4154.0	2223.0	7217.0	46.0	6657.0	881.0	9811.0	13622.0	13149.0	10455.0	6534.0	142.0	1448.0	10.0	826.0	36913.0	4379.0	3464.0	458.0	2552.0	121.0	264.0	1559.0	15356.0	56.0	1842.0	17855.0	60.0	13372.0	379.0	9.0	4.0	1572.0	127.0	210.0	1038.0	9110.0	6.0	14709.0	6885.0	158.0	1908.0	671.0	2332.0	36.0	113.0	1677.0	384.0	4886.0	297.0	1658.0	17244.0	32.0	0.0	116.0	21.0	103.0	4515.0	22.0	21295.0	59.0	126.0	6.0	98.0	9.0	10.0	0.0	20.0	135.0	0.0	2628.0	781.0	4.0	0.0	7180.0	1358.0	0.0	0.0	21.0	6428.0	160.0	383.0	1016.0	94.0	1601.0	1039.0	33.0	86.0	686.0	20.0	4962.0	38.0	122.0	7.0	473.0	46.0	181.0	733.0	1516.0	8.0	787.0	47.0	20.0	1630.0	2749.0	40.0	222.0	2126.0	69.0	344.0	7608.0	120.0	9.0	0.0	0.0	35.0	8.0	42.0	592.0	1400.0	47.0	5337.0	2401.0	65.0	3874.0	5028.0	0.0	289.0	8266.0	16.0	292.0
d__Bacteria;p__Actinobacteriota;c__Actinobacteria;o__Corynebacteriales	0.0	0.0	0.0	0.0	0.0	9.0	0.0	53.0	0.0	0.0	0.0	0.0	0.0	8.0	87.0	0.0	39.0	0.0	6518.0	0.0	0.0	3.0	0.0	0.0	0.0	0.0	0.0	0.0	0.0	0.0	0.0	0.0	8.0	0.0	0.0	0.0	0.0	0.0	0.0	0.0	0.0	0.0	0.0	0.0	0.0	0.0	0.0	0.0	4.0	0.0	0.0	0.0	0.0	0.0	0.0	0.0	0.0	0.0	0.0	0.0	0.0	0.0	0.0	0.0	0.0	0.0	9.0	0.0	0.0	0.0	0.0	0.0	0.0	0.0	0.0	0.0	0.0	0.0	0.0	0.0	16.0	6.0	8.0	0.0	8.0	0.0	13.0	14.0	0.0	0.0	3.0	0.0	0.0	0.0	18.0	0.0	0.0	0.0	0.0	0.0	0.0	0.0	0.0	0.0	0.0	0.0	0.0	0.0	0.0	0.0	0.0	0.0	0.0	0.0	0.0	0.0	0.0	0.0	0.0	0.0	0.0	0.0	0.0	0.0	0.0	0.0	0.0	0.0	0.0	0.0	0.0	0.0	0.0	0.0	0.0	0.0	0.0	0.0	0.0	0.0	0.0	0.0	0.0	0.0	0.0	0.0	0.0	0.0	0.0	0.0	2.0	0.0	0.0	0.0	0.0	0.0	0.0	0.0	0.0	0.0	0.0	0.0	0.0	0.0	0.0	0.0	0.0	0.0	0.0	0.0	0.0
d__Bacteria;p__Actinobacteriota;c__Actinobacteria;o__Micrococcales	0.0	0.0	0.0	0.0	0.0	7.0	0.0	6.0	30.0	0.0	0.0	17.0	0.0	4.0	0.0	0.0	9.0	5.0	14.0	3.0	5.0	0.0	0.0	0.0	0.0	10.0	0.0	0.0	0.0	4.0	60.0	5.0	61.0	0.0	0.0	0.0	0.0	0.0	0.0	5.0	0.0	0.0	0.0	0.0	0.0	0.0	0.0	3.0	0.0	0.0	0.0	0.0	0.0	0.0	0.0	0.0	0.0	0.0	0.0	0.0	6.0	115.0	0.0	0.0	0.0	0.0	0.0	0.0	0.0	0.0	0.0	0.0	0.0	0.0	0.0	0.0	0.0	0.0	0.0	3.0	0.0	0.0	0.0	422.0	0.0	0.0	0.0	0.0	0.0	0.0	0.0	0.0	2.0	0.0	0.0	0.0	3.0	0.0	0.0	0.0	0.0	0.0	0.0	0.0	0.0	0.0	0.0	0.0	51.0	0.0	0.0	0.0	0.0	0.0	0.0	7.0	0.0	0.0	0.0	0.0	0.0	0.0	0.0	0.0	0.0	0.0	0.0	0.0	123.0	0.0	0.0	0.0	0.0	0.0	0.0	0.0	0.0	0.0	0.0	38.0	0.0	0.0	2.0	3.0	0.0	0.0	0.0	5.0	0.0	0.0	12.0	0.0	0.0	0.0	0.0	57.0	0.0	0.0	0.0	0.0	0.0	0.0	0.0	0.0	8.0	0.0	0.0	0.0	4.0	0.0	2.0
d__Bacteria;p__Actinobacteriota;c__Coriobacteriia;o__Coriobacteriales	1554.0	13.0	307.0	126.0	123.0	210.0	202.0	6252.0	205.0	50.0	36.0	369.0	54.0	259.0	62.0	68.0	12278.0	131.0	0.0	114.0	14.0	71.0	123.0	256.0	1319.0	1809.0	109.0	1360.0	240.0	312.0	265.0	119.0	610.0	162.0	20.0	105.0	198.0	105.0	751.0	927.0	3783.0	52.0	1898.0	71.0	80.0	35.0	1067.0	1988.0	2704.0	108.0	7049.0	0.0	551.0	732.0	335.0	0.0	1484.0	152.0	69.0	328.0	266.0	2906.0	2992.0	753.0	941.0	77.0	1045.0	909.0	261.0	387.0	64.0	79.0	338.0	16.0	12.0	496.0	1407.0	20.0	254.0	689.0	5820.0	131.0	1061.0	1337.0	198.0	4527.0	197.0	115.0	3857.0	208.0	1670.0	740.0	342.0	72.0	439.0	124.0	162.0	26.0	21.0	2104.0	407.0	41.0	318.0	35.0	267.0	90.0	15.0	81.0	33.0	176.0	404.0	639.0	37.0	96.0	226.0	306.0	12.0	540.0	664.0	101.0	37.0	39.0	578.0	236.0	413.0	3.0	112.0	0.0	52.0	171.0	424.0	52.0	81.0	3219.0	0.0	50.0	557.0	286.0	882.0	31.0	116.0	60.0	414.0	47.0	16.0	59.0	232.0	18.0	73.0	50.0	1142.0	26.0	0.0	244.0	4591.0	503.0	104.0	281.0	141.0	194.0	41.0	884.0	459.0	199.0	1145.0	30.0	111.0	157.0	1526.0	110.0	645.0
d__Bacteria;p__Bacteroidota;c__Bacteroidia;o__Bacteroidales	268.0	797.0	234.0	1891.0	269.0	1419.0	195.0	542.0	698.0	8932.0	9135.0	468.0	8066.0	6.0	3268.0	7617.0	433.0	1736.0	0.0	12774.0	650.0	8305.0	7087.0	3277.0	1911.0	11.0	1396.0	832.0	244.0	260.0	7549.0	142.0	871.0	1432.0	3797.0	2643.0	4.0	0.0	50.0	589.0	40.0	0.0	537.0	964.0	105.0	0.0	81.0	0.0	365.0	48.0	30.0	0.0	3536.0	930.0	185.0	0.0	1347.0	863.0	82.0	9331.0	3065.0	1250.0	1121.0	292.0	0.0	105.0	176.0	102.0	45.0	185.0	518.0	2475.0	5131.0	0.0	59.0	3870.0	188.0	3.0	3740.0	9629.0	355.0	11106.0	1081.0	46.0	582.0	94.0	202.0	3468.0	10.0	766.0	2713.0	422.0	2943.0	24.0	77.0	5862.0	0.0	6522.0	4573.0	229.0	389.0	27.0	1363.0	2791.0	1144.0	528.0	124.0	3425.0	1040.0	3636.0	521.0	244.0	4614.0	267.0	7768.0	2157.0	616.0	55.0	432.0	71.0	31.0	3791.0	598.0	613.0	1228.0	44.0	1463.0	183.0	233.0	410.0	589.0	814.0	224.0	8552.0	24.0	3737.0	3513.0	2282.0	2912.0	0.0	2308.0	1581.0	1469.0	557.0	3459.0	336.0	48.0	8173.0	477.0	3308.0	958.0	1370.0	115.0	37.0	880.0	22.0	28.0	1203.0	1877.0	3.0	5.0	3356.0	102.0	1984.0	205.0	11.0	2401.0	171.0	513.0	1233.0	334.0
d__Bacteria;p__Campilobacterota;c__Campylobacteria;o__Campylobacterales	0.0	0.0	0.0	0.0	0.0	0.0	0.0	4.0	0.0	0.0	0.0	0.0	0.0	0.0	0.0	0.0	4.0	0.0	0.0	0.0	0.0	0.0	0.0	0.0	2.0	0.0	0.0	0.0	0.0	20.0	0.0	0.0	4.0	0.0	0.0	0.0	0.0	0.0	0.0	0.0	0.0	0.0	0.0	0.0	0.0	0.0	0.0	0.0	0.0	0.0	0.0	0.0	0.0	0.0	0.0	0.0	0.0	0.0	0.0	0.0	0.0	25.0	0.0	0.0	0.0	0.0	0.0	0.0	0.0	0.0	0.0	0.0	0.0	0.0	0.0	0.0	0.0	0.0	0.0	0.0	0.0	0.0	0.0	0.0	0.0	0.0	0.0	0.0	0.0	0.0	0.0	0.0	0.0	0.0	0.0	0.0	0.0	0.0	0.0	0.0	0.0	0.0	0.0	0.0	0.0	0.0	0.0	0.0	0.0	0.0	0.0	0.0	0.0	0.0	0.0	0.0	0.0	0.0	0.0	0.0	0.0	0.0	0.0	0.0	0.0	0.0	0.0	0.0	0.0	0.0	0.0	0.0	0.0	0.0	0.0	0.0	0.0	0.0	0.0	0.0	0.0	0.0	0.0	0.0	0.0	0.0	0.0	0.0	0.0	0.0	0.0	0.0	0.0	0.0	0.0	0.0	0.0	0.0	0.0	0.0	0.0	0.0	0.0	0.0	0.0	0.0	0.0	0.0	0.0	0.0	0.0
d__Bacteria;p__Desulfobacterota;c__Desulfovibrionia;o__Desulfovibrionales	5.0	6.0	0.0	10.0	15.0	0.0	184.0	17.0	0.0	99.0	0.0	18.0	0.0	0.0	10.0	25.0	0.0	199.0	0.0	0.0	0.0	66.0	0.0	0.0	39.0	0.0	4.0	24.0	0.0	18.0	1371.0	5.0	0.0	232.0	47.0	0.0	0.0	0.0	0.0	13.0	20.0	9.0	71.0	0.0	0.0	10.0	0.0	0.0	0.0	10.0	11.0	0.0	112.0	0.0	5.0	0.0	35.0	25.0	310.0	0.0	12.0	0.0	4.0	0.0	209.0	0.0	75.0	0.0	3.0	6.0	98.0	210.0	490.0	0.0	0.0	4.0	0.0	0.0	156.0	30.0	339.0	116.0	136.0	142.0	97.0	33.0	119.0	174.0	10.0	290.0	68.0	3.0	3.0	0.0	340.0	6.0	0.0	0.0	0.0	17.0	0.0	0.0	14.0	30.0	7.0	50.0	0.0	19.0	7.0	81.0	24.0	108.0	34.0	5.0	0.0	204.0	68.0	0.0	48.0	0.0	2.0	19.0	33.0	22.0	7.0	0.0	8.0	0.0	4.0	5.0	8.0	25.0	0.0	3.0	0.0	159.0	85.0	19.0	6.0	0.0	113.0	7.0	0.0	67.0	0.0	26.0	8.0	0.0	0.0	46.0	0.0	16.0	0.0	0.0	82.0	11.0	0.0	23.0	0.0	0.0	0.0	0.0	0.0	180.0	221.0	0.0	22.0	14.0	89.0	0.0	0.0
d__Bacteria;p__Firmicutes;c__Bacilli;__	0.0	0.0	13.0	0.0	0.0	0.0	0.0	0.0	0.0	0.0	0.0	0.0	0.0	0.0	0.0	0.0	0.0	0.0	0.0	0.0	0.0	0.0	0.0	0.0	0.0	0.0	0.0	0.0	0.0	5.0	0.0	0.0	0.0	0.0	0.0	0.0	111.0	0.0	0.0	0.0	0.0	0.0	0.0	0.0	0.0	0.0	0.0	0.0	0.0	0.0	62.0	0.0	42.0	0.0	0.0	0.0	19.0	0.0	6.0	1057.0	0.0	0.0	0.0	0.0	0.0	0.0	0.0	0.0	0.0	0.0	0.0	0.0	0.0	0.0	57.0	0.0	0.0	0.0	0.0	0.0	0.0	0.0	0.0	0.0	0.0	0.0	0.0	0.0	0.0	0.0	0.0	0.0	10.0	22.0	98.0	0.0	0.0	117.0	119.0	0.0	0.0	0.0	0.0	0.0	0.0	0.0	0.0	0.0	0.0	0.0	0.0	0.0	0.0	0.0	0.0	0.0	0.0	0.0	0.0	0.0	0.0	0.0	0.0	0.0	0.0	0.0	0.0	0.0	0.0	0.0	0.0	0.0	0.0	0.0	0.0	0.0	0.0	0.0	0.0	0.0	0.0	0.0	0.0	0.0	0.0	0.0	0.0	5.0	0.0	0.0	0.0	0.0	0.0	0.0	0.0	0.0	0.0	0.0	0.0	0.0	0.0	0.0	0.0	0.0	0.0	0.0	0.0	0.0	0.0	0.0	0.0
d__Bacteria;p__Firmicutes;c__Bacilli;o__Entomoplasmatales	0.0	0.0	0.0	0.0	0.0	0.0	0.0	0.0	0.0	0.0	0.0	0.0	0.0	0.0	0.0	0.0	2.0	0.0	0.0	0.0	0.0	0.0	0.0	0.0	0.0	0.0	0.0	0.0	0.0	8.0	0.0	0.0	0.0	0.0	0.0	0.0	0.0	0.0	0.0	0.0	0.0	0.0	0.0	0.0	0.0	0.0	0.0	0.0	0.0	0.0	0.0	0.0	0.0	0.0	0.0	0.0	0.0	0.0	5.0	0.0	0.0	8.0	0.0	0.0	0.0	0.0	0.0	0.0	0.0	0.0	0.0	0.0	0.0	0.0	0.0	0.0	0.0	0.0	0.0	0.0	0.0	0.0	0.0	0.0	0.0	0.0	0.0	0.0	0.0	0.0	0.0	0.0	0.0	0.0	0.0	0.0	0.0	0.0	0.0	0.0	0.0	0.0	0.0	0.0	0.0	0.0	0.0	0.0	0.0	0.0	0.0	0.0	0.0	0.0	0.0	0.0	0.0	0.0	0.0	0.0	0.0	0.0	0.0	0.0	0.0	0.0	0.0	0.0	0.0	0.0	0.0	0.0	0.0	0.0	0.0	0.0	0.0	0.0	0.0	0.0	0.0	0.0	0.0	0.0	0.0	0.0	0.0	0.0	0.0	0.0	0.0	0.0	0.0	0.0	0.0	0.0	0.0	0.0	0.0	0.0	0.0	0.0	0.0	0.0	0.0	0.0	0.0	0.0	0.0	0.0	0.0
d__Bacteria;p__Firmicutes;c__Bacilli;o__Erysipelotrichales	125.0	56.0	23.0	128.0	5.0	299.0	108.0	956.0	3448.0	27.0	16.0	1088.0	165.0	567.0	184.0	103.0	148.0	173.0	0.0	18.0	148.0	26.0	115.0	56.0	125.0	235.0	138.0	64.0	10.0	1416.0	33.0	433.0	418.0	198.0	8.0	364.0	25.0	245.0	37.0	689.0	86.0	5.0	36.0	52.0	36.0	125.0	79.0	0.0	250.0	285.0	244.0	78.0	513.0	291.0	313.0	0.0	411.0	167.0	181.0	0.0	261.0	112.0	0.0	51.0	18.0	141.0	1877.0	368.0	213.0	417.0	10.0	6.0	0.0	73.0	0.0	365.0	485.0	2.0	12.0	53.0	273.0	26.0	311.0	53.0	141.0	311.0	108.0	230.0	118.0	341.0	35.0	1042.0	6916.0	24.0	46.0	6.0	2207.0	19.0	5.0	0.0	227.0	29.0	56.0	62.0	61.0	52.0	36.0	174.0	54.0	50.0	17.0	33.0	11.0	41.0	1656.0	39.0	3.0	93.0	15.0	42.0	40.0	95.0	65.0	22.0	14.0	139.0	12.0	220.0	27.0	40.0	101.0	51.0	36.0	152.0	0.0	0.0	42.0	43.0	29.0	275.0	348.0	16.0	85.0	160.0	205.0	88.0	94.0	52.0	90.0	13.0	120.0	54.0	3.0	146.0	315.0	1154.0	17.0	94.0	49.0	195.0	163.0	12.0	224.0	102.0	31.0	25.0	8.0	90.0	322.0	29.0	43.0
d__Bacteria;p__Firmicutes;c__Bacilli;o__Lactobacillales	115.0	13.0	620.0	23.0	33.0	2.0	1058.0	28.0	271.0	20.0	18.0	398.0	9.0	51.0	251.0	126.0	926.0	31.0	19621.0	68.0	242.0	74.0	210.0	188.0	665.0	1927.0	12.0	220.0	98.0	235.0	473.0	131.0	1633.0	481.0	69.0	296.0	294.0	1380.0	654.0	325.0	0.0	0.0	190.0	7.0	39.0	231.0	198.0	1089.0	1025.0	17.0	1302.0	110.0	950.0	8.0	102.0	267.0	86.0	12.0	309.0	5150.0	820.0	11.0	418.0	208.0	35.0	639.0	80.0	0.0	0.0	979.0	16.0	248.0	132.0	29.0	13982.0	0.0	70.0	123.0	50.0	2083.0	213.0	21.0	988.0	1872.0	92.0	7.0	487.0	8.0	22.0	290.0	92.0	32.0	182.0	105.0	477.0	1655.0	8684.0	5727.0	1310.0	816.0	1665.0	14.0	72.0	113.0	9.0	0.0	0.0	165.0	2726.0	0.0	148.0	3.0	5.0	0.0	1739.0	952.0	76.0	0.0	13.0	29.0	147.0	24.0	93.0	5.0	31.0	608.0	242.0	2.0	2608.0	3.0	15.0	252.0	5.0	10.0	77.0	11.0	12.0	0.0	5.0	1090.0	126.0	45.0	166.0	9.0	10.0	8.0	155.0	78.0	0.0	0.0	32.0	11.0	11.0	776.0	1410.0	676.0	84.0	25.0	3.0	125.0	68.0	682.0	194.0	28.0	340.0	10864.0	0.0	4.0	723.0	111.0	61.0
d__Bacteria;p__Firmicutes;c__Bacilli;o__RF39	0.0	0.0	0.0	0.0	0.0	0.0	0.0	0.0	0.0	0.0	0.0	0.0	0.0	0.0	0.0	0.0	0.0	0.0	0.0	0.0	0.0	0.0	0.0	0.0	0.0	0.0	0.0	50.0	0.0	0.0	0.0	0.0	0.0	16.0	0.0	0.0	0.0	0.0	0.0	0.0	0.0	0.0	0.0	0.0	0.0	0.0	0.0	0.0	0.0	0.0	0.0	0.0	0.0	0.0	0.0	0.0	0.0	0.0	0.0	0.0	0.0	0.0	0.0	0.0	0.0	0.0	0.0	0.0	0.0	0.0	10.0	0.0	0.0	0.0	0.0	0.0	0.0	0.0	0.0	0.0	0.0	0.0	0.0	0.0	0.0	0.0	0.0	0.0	0.0	0.0	0.0	0.0	0.0	0.0	0.0	0.0	0.0	0.0	0.0	0.0	6.0	0.0	0.0	0.0	0.0	0.0	0.0	0.0	0.0	19.0	0.0	0.0	3.0	0.0	0.0	0.0	0.0	0.0	0.0	0.0	0.0	0.0	0.0	0.0	0.0	0.0	0.0	0.0	0.0	0.0	0.0	0.0	0.0	0.0	0.0	18.0	0.0	16.0	0.0	0.0	0.0	0.0	0.0	0.0	0.0	0.0	0.0	0.0	0.0	0.0	0.0	0.0	0.0	0.0	0.0	0.0	0.0	0.0	0.0	0.0	0.0	0.0	0.0	0.0	0.0	0.0	0.0	0.0	0.0	0.0	80.0
d__Bacteria;p__Firmicutes;c__Bacilli;o__Staphylococcales	0.0	0.0	0.0	0.0	0.0	0.0	0.0	0.0	6.0	0.0	0.0	10.0	0.0	6.0	0.0	5.0	0.0	0.0	0.0	0.0	0.0	9.0	0.0	18.0	29.0	130.0	0.0	0.0	23.0	45.0	0.0	8.0	233.0	0.0	0.0	0.0	0.0	0.0	0.0	0.0	0.0	0.0	0.0	0.0	0.0	0.0	0.0	0.0	0.0	0.0	0.0	0.0	6.0	0.0	0.0	0.0	0.0	0.0	8.0	0.0	15.0	0.0	0.0	0.0	0.0	17.0	0.0	0.0	0.0	0.0	0.0	0.0	0.0	0.0	0.0	0.0	0.0	0.0	0.0	0.0	3.0	0.0	0.0	31.0	0.0	0.0	0.0	0.0	0.0	0.0	0.0	0.0	0.0	6.0	10.0	0.0	9.0	0.0	0.0	0.0	0.0	0.0	0.0	0.0	0.0	0.0	0.0	0.0	0.0	0.0	0.0	0.0	0.0	0.0	4.0	0.0	0.0	0.0	0.0	0.0	0.0	0.0	0.0	0.0	0.0	0.0	0.0	0.0	35.0	0.0	0.0	0.0	0.0	0.0	0.0	0.0	0.0	0.0	0.0	0.0	0.0	0.0	9.0	0.0	0.0	0.0	13.0	0.0	0.0	0.0	0.0	0.0	0.0	297.0	79.0	40.0	45.0	0.0	0.0	18.0	6.0	0.0	0.0	0.0	14.0	0.0	0.0	0.0	73.0	0.0	0.0
d__Bacteria;p__Firmicutes;c__Clostridia;__	0.0	0.0	0.0	0.0	0.0	2.0	6.0	0.0	0.0	0.0	0.0	0.0	0.0	0.0	0.0	0.0	0.0	0.0	0.0	0.0	0.0	0.0	0.0	0.0	0.0	0.0	0.0	0.0	0.0	0.0	0.0	0.0	0.0	0.0	0.0	0.0	0.0	0.0	0.0	0.0	0.0	0.0	0.0	0.0	0.0	0.0	0.0	0.0	0.0	0.0	0.0	0.0	0.0	0.0	0.0	0.0	0.0	0.0	0.0	0.0	0.0	0.0	0.0	0.0	0.0	0.0	0.0	0.0	0.0	0.0	0.0	7.0	0.0	0.0	0.0	0.0	10.0	0.0	0.0	0.0	0.0	0.0	0.0	0.0	11.0	0.0	0.0	0.0	0.0	0.0	0.0	16.0	0.0	0.0	0.0	0.0	0.0	0.0	0.0	0.0	0.0	0.0	0.0	0.0	0.0	0.0	0.0	0.0	0.0	3.0	0.0	0.0	0.0	0.0	0.0	0.0	0.0	0.0	0.0	0.0	0.0	0.0	0.0	0.0	0.0	0.0	0.0	0.0	0.0	0.0	0.0	0.0	0.0	0.0	0.0	0.0	0.0	0.0	0.0	0.0	0.0	5.0	0.0	0.0	0.0	0.0	0.0	0.0	0.0	0.0	0.0	0.0	0.0	0.0	0.0	0.0	0.0	0.0	0.0	0.0	0.0	0.0	0.0	0.0	0.0	0.0	0.0	0.0	0.0	0.0	0.0
d__Bacteria;p__Firmicutes;c__Clostridia;o__Christensenellales	404.0	0.0	0.0	75.0	0.0	31.0	523.0	1051.0	0.0	11.0	4.0	79.0	10.0	0.0	70.0	13.0	85.0	106.0	3.0	66.0	0.0	135.0	252.0	8.0	1247.0	0.0	0.0	426.0	0.0	0.0	14.0	0.0	0.0	784.0	0.0	0.0	17.0	10.0	9.0	372.0	7.0	0.0	716.0	35.0	0.0	0.0	199.0	0.0	31.0	67.0	95.0	0.0	9.0	188.0	51.0	0.0	259.0	193.0	354.0	0.0	92.0	68.0	326.0	25.0	33.0	27.0	1679.0	7.0	99.0	59.0	144.0	4429.0	6.0	0.0	0.0	390.0	403.0	0.0	0.0	92.0	250.0	42.0	6245.0	5.0	1123.0	210.0	68.0	0.0	4.0	126.0	93.0	2602.0	415.0	87.0	10.0	0.0	0.0	0.0	0.0	0.0	512.0	0.0	803.0	0.0	26.0	95.0	0.0	122.0	45.0	551.0	15.0	2.0	209.0	0.0	0.0	68.0	188.0	0.0	97.0	29.0	21.0	19.0	0.0	0.0	95.0	0.0	166.0	434.0	0.0	16.0	0.0	13.0	19.0	17.0	4.0	195.0	98.0	122.0	8.0	0.0	114.0	180.0	0.0	0.0	0.0	2.0	3.0	0.0	0.0	56.0	8.0	11.0	0.0	0.0	174.0	449.0	0.0	449.0	0.0	0.0	0.0	0.0	0.0	231.0	0.0	0.0	58.0	292.0	8.0	42.0	498.0
d__Bacteria;p__Firmicutes;c__Clostridia;o__Clostridia	0.0	0.0	0.0	0.0	0.0	0.0	0.0	19.0	0.0	0.0	0.0	0.0	0.0	0.0	0.0	0.0	0.0	0.0	0.0	53.0	0.0	0.0	0.0	0.0	19.0	0.0	0.0	0.0	0.0	0.0	0.0	0.0	0.0	0.0	0.0	0.0	0.0	0.0	0.0	0.0	0.0	0.0	0.0	0.0	0.0	0.0	0.0	0.0	0.0	0.0	0.0	0.0	0.0	0.0	0.0	0.0	0.0	0.0	0.0	0.0	0.0	0.0	0.0	0.0	0.0	0.0	3.0	0.0	0.0	0.0	0.0	0.0	0.0	0.0	0.0	0.0	0.0	0.0	0.0	0.0	0.0	0.0	0.0	0.0	0.0	0.0	0.0	0.0	0.0	0.0	7.0	0.0	0.0	0.0	0.0	0.0	0.0	0.0	0.0	0.0	0.0	0.0	0.0	0.0	0.0	0.0	0.0	0.0	0.0	0.0	0.0	0.0	0.0	0.0	0.0	0.0	0.0	0.0	0.0	0.0	0.0	0.0	0.0	0.0	0.0	0.0	0.0	0.0	0.0	0.0	0.0	0.0	0.0	0.0	0.0	0.0	0.0	0.0	0.0	0.0	0.0	0.0	0.0	0.0	0.0	0.0	0.0	0.0	0.0	0.0	0.0	0.0	0.0	0.0	0.0	0.0	0.0	26.0	0.0	0.0	0.0	0.0	0.0	0.0	0.0	0.0	0.0	0.0	0.0	0.0	0.0
d__Bacteria;p__Firmicutes;c__Clostridia;o__Clostridia_UCG-014	384.0	0.0	0.0	0.0	0.0	0.0	0.0	0.0	0.0	0.0	0.0	0.0	0.0	0.0	0.0	0.0	0.0	0.0	0.0	503.0	0.0	0.0	1687.0	0.0	0.0	0.0	0.0	0.0	0.0	0.0	0.0	12.0	0.0	1916.0	0.0	0.0	0.0	0.0	0.0	0.0	0.0	0.0	0.0	0.0	0.0	0.0	0.0	0.0	0.0	0.0	0.0	0.0	0.0	0.0	1228.0	0.0	0.0	0.0	85.0	0.0	115.0	0.0	0.0	0.0	0.0	981.0	0.0	0.0	0.0	12.0	28.0	102.0	0.0	0.0	0.0	0.0	0.0	0.0	0.0	0.0	0.0	0.0	0.0	0.0	0.0	0.0	0.0	0.0	0.0	0.0	0.0	0.0	0.0	0.0	0.0	0.0	0.0	0.0	0.0	0.0	129.0	0.0	809.0	0.0	0.0	49.0	18.0	229.0	24.0	1901.0	18.0	0.0	129.0	8.0	0.0	28.0	0.0	0.0	573.0	0.0	23.0	0.0	0.0	117.0	0.0	0.0	15.0	0.0	0.0	789.0	0.0	0.0	0.0	0.0	0.0	0.0	9.0	0.0	0.0	0.0	113.0	0.0	0.0	0.0	0.0	77.0	11.0	0.0	0.0	265.0	0.0	94.0	0.0	4.0	129.0	0.0	0.0	951.0	0.0	0.0	0.0	0.0	0.0	97.0	0.0	0.0	71.0	58.0	0.0	227.0	277.0
d__Bacteria;p__Firmicutes;c__Clostridia;o__Clostridia_vadinBB60_group	0.0	0.0	0.0	0.0	0.0	0.0	0.0	0.0	0.0	0.0	0.0	0.0	0.0	0.0	0.0	0.0	0.0	0.0	0.0	0.0	0.0	0.0	0.0	0.0	0.0	0.0	0.0	0.0	0.0	0.0	0.0	0.0	0.0	8.0	0.0	0.0	0.0	0.0	0.0	0.0	0.0	0.0	0.0	0.0	0.0	0.0	0.0	0.0	0.0	0.0	0.0	0.0	0.0	0.0	0.0	0.0	0.0	0.0	0.0	0.0	0.0	0.0	0.0	0.0	0.0	0.0	0.0	0.0	0.0	0.0	0.0	21.0	0.0	0.0	0.0	0.0	0.0	0.0	0.0	0.0	0.0	0.0	0.0	0.0	6.0	0.0	0.0	0.0	0.0	0.0	0.0	0.0	0.0	0.0	0.0	0.0	0.0	0.0	0.0	0.0	0.0	0.0	0.0	0.0	0.0	0.0	0.0	0.0	0.0	0.0	0.0	0.0	0.0	0.0	0.0	0.0	0.0	0.0	0.0	0.0	0.0	0.0	0.0	0.0	0.0	0.0	0.0	0.0	0.0	0.0	0.0	0.0	0.0	0.0	0.0	0.0	4.0	0.0	0.0	0.0	0.0	0.0	0.0	0.0	0.0	0.0	0.0	0.0	0.0	0.0	0.0	0.0	0.0	0.0	0.0	0.0	0.0	15.0	0.0	0.0	0.0	0.0	0.0	0.0	0.0	0.0	0.0	0.0	0.0	0.0	0.0
d__Bacteria;p__Firmicutes;c__Clostridia;o__Clostridiales	11.0	15.0	0.0	0.0	0.0	63.0	13.0	130.0	216.0	63.0	0.0	113.0	77.0	7.0	0.0	22.0	1643.0	40.0	3.0	5.0	225.0	0.0	81.0	0.0	0.0	38.0	0.0	243.0	52.0	2102.0	0.0	0.0	177.0	4.0	0.0	0.0	0.0	0.0	0.0	0.0	0.0	0.0	0.0	40.0	15.0	0.0	0.0	0.0	4.0	112.0	0.0	390.0	455.0	3.0	41.0	6.0	21.0	83.0	663.0	0.0	1836.0	0.0	0.0	5.0	6.0	1202.0	0.0	76.0	0.0	0.0	249.0	5.0	159.0	7.0	76.0	0.0	0.0	0.0	0.0	0.0	195.0	0.0	40.0	5.0	74.0	34.0	0.0	348.0	2.0	36.0	42.0	8.0	198.0	0.0	412.0	41.0	51.0	0.0	0.0	0.0	0.0	36.0	60.0	57.0	0.0	97.0	1114.0	148.0	37.0	7.0	42.0	61.0	0.0	0.0	1411.0	106.0	13.0	11.0	2930.0	0.0	122.0	12.0	0.0	267.0	30.0	7.0	4.0	116.0	0.0	32.0	0.0	3.0	0.0	8.0	0.0	17.0	59.0	70.0	3.0	406.0	26.0	10.0	8.0	0.0	0.0	308.0	1843.0	24.0	0.0	39.0	108.0	7.0	7.0	5452.0	10.0	412.0	4415.0	34.0	37.0	14274.0	374.0	647.0	201.0	66.0	0.0	0.0	116.0	154.0	1202.0	1624.0	1218.0
d__Bacteria;p__Firmicutes;c__Clostridia;o__Eubacteriales	20.0	0.0	0.0	0.0	0.0	0.0	2.0	435.0	0.0	0.0	132.0	0.0	116.0	51.0	21.0	0.0	100.0	0.0	0.0	0.0	0.0	6.0	0.0	0.0	22.0	0.0	0.0	0.0	0.0	0.0	0.0	0.0	7.0	0.0	0.0	0.0	0.0	0.0	0.0	38.0	6.0	0.0	56.0	0.0	0.0	0.0	66.0	0.0	4.0	0.0	47.0	0.0	0.0	7.0	0.0	0.0	0.0	0.0	0.0	0.0	0.0	0.0	0.0	19.0	0.0	0.0	134.0	0.0	29.0	0.0	0.0	0.0	0.0	0.0	0.0	0.0	7.0	28.0	0.0	65.0	751.0	12.0	44.0	8.0	102.0	17.0	3.0	0.0	57.0	0.0	4.0	127.0	159.0	3.0	24.0	0.0	0.0	0.0	59.0	9.0	0.0	0.0	0.0	0.0	0.0	0.0	0.0	0.0	0.0	0.0	0.0	0.0	0.0	0.0	0.0	0.0	0.0	0.0	0.0	0.0	0.0	0.0	0.0	0.0	0.0	0.0	0.0	0.0	0.0	0.0	0.0	0.0	0.0	5.0	0.0	0.0	0.0	0.0	3.0	0.0	0.0	0.0	0.0	0.0	0.0	0.0	0.0	0.0	0.0	0.0	100.0	0.0	0.0	0.0	8.0	21.0	3.0	0.0	0.0	0.0	0.0	0.0	0.0	0.0	63.0	0.0	0.0	0.0	0.0	0.0	0.0
d__Bacteria;p__Firmicutes;c__Clostridia;o__Lachnospirales	1982.0	1022.0	751.0	2060.0	906.0	3743.0	2077.0	2274.0	3719.0	1147.0	686.0	3892.0	4646.0	4846.0	2573.0	1175.0	1115.0	1625.0	0.0	3093.0	3312.0	2027.0	2608.0	2556.0	5962.0	4196.0	3147.0	2416.0	3716.0	2159.0	1377.0	3102.0	6627.0	1171.0	2192.0	2242.0	3545.0	664.0	2070.0	6870.0	2830.0	241.0	1250.0	1846.0	1821.0	434.0	819.0	132.0	4336.0	6126.0	3124.0	0.0	4905.0	3692.0	6188.0	727.0	1939.0	2496.0	2691.0	140.0	2399.0	8320.0	2470.0	351.0	4804.0	3904.0	780.0	10137.0	1250.0	5168.0	3606.0	1555.0	990.0	100.0	0.0	5495.0	811.0	1008.0	742.0	647.0	2322.0	3309.0	2042.0	679.0	129.0	3093.0	9402.0	10493.0	2101.0	3197.0	6998.0	2128.0	1727.0	60.0	1123.0	1061.0	929.0	210.0	626.0	7.0	5545.0	865.0	6439.0	1639.0	3332.0	9423.0	2497.0	4179.0	2958.0	1951.0	6483.0	7564.0	1609.0	4619.0	4760.0	9601.0	4152.0	1672.0	2681.0	995.0	3246.0	2981.0	2771.0	7511.0	2136.0	1585.0	2624.0	6157.0	2414.0	4075.0	2326.0	2163.0	10949.0	2367.0	50.0	4012.0	3017.0	2367.0	2555.0	243.0	4025.0	3119.0	3413.0	3834.0	7977.0	4007.0	2676.0	2408.0	753.0	2886.0	2128.0	5573.0	9783.0	1085.0	7337.0	6590.0	596.0	3728.0	5264.0	180.0	297.0	2407.0	3433.0	3755.0	937.0	66.0	3588.0	3574.0	4955.0	3195.0	4224.0
d__Bacteria;p__Firmicutes;c__Clostridia;o__Monoglobales	0.0	0.0	0.0	340.0	40.0	1163.0	5.0	0.0	506.0	0.0	0.0	57.0	0.0	0.0	0.0	4.0	5.0	6.0	0.0	14.0	6.0	0.0	549.0	71.0	183.0	267.0	234.0	37.0	180.0	8.0	14.0	501.0	0.0	9.0	91.0	12.0	58.0	33.0	0.0	13.0	0.0	5.0	6.0	4.0	0.0	0.0	3.0	0.0	431.0	53.0	5.0	0.0	121.0	301.0	449.0	0.0	143.0	4.0	882.0	0.0	278.0	845.0	7.0	0.0	78.0	516.0	0.0	0.0	2.0	178.0	26.0	0.0	17.0	0.0	0.0	0.0	54.0	0.0	0.0	3.0	13.0	0.0	36.0	52.0	0.0	0.0	0.0	469.0	24.0	0.0	0.0	34.0	904.0	0.0	0.0	0.0	0.0	0.0	0.0	0.0	17.0	108.0	138.0	51.0	122.0	95.0	70.0	35.0	36.0	255.0	60.0	112.0	20.0	104.0	372.0	46.0	37.0	110.0	109.0	5.0	34.0	113.0	484.0	0.0	83.0	1154.0	8.0	33.0	0.0	82.0	517.0	119.0	95.0	25.0	0.0	63.0	4.0	59.0	459.0	38.0	0.0	26.0	0.0	1186.0	0.0	117.0	669.0	0.0	114.0	59.0	49.0	135.0	150.0	0.0	172.0	1422.0	0.0	88.0	259.0	12.0	0.0	0.0	158.0	18.0	0.0	0.0	7.0	50.0	0.0	54.0	219.0
d__Bacteria;p__Firmicutes;c__Clostridia;o__Oscillospirales	4107.0	1821.0	10461.0	11498.0	24765.0	7186.0	7785.0	3720.0	141.0	1020.0	478.0	6674.0	722.0	294.0	5756.0	6008.0	875.0	3599.0	0.0	2950.0	101.0	3922.0	5844.0	1028.0	6492.0	317.0	5331.0	4465.0	2178.0	840.0	11587.0	17898.0	907.0	3384.0	6445.0	4991.0	5342.0	2280.0	436.0	5953.0	1020.0	13291.0	1329.0	11061.0	1781.0	336.0	2400.0	0.0	3890.0	5745.0	2070.0	0.0	13320.0	16339.0	7420.0	42.0	6311.0	9232.0	11508.0	13.0	2438.0	18320.0	4964.0	8074.0	980.0	11778.0	2582.0	353.0	1297.0	8709.0	12620.0	3344.0	1250.0	328.0	25.0	8776.0	1276.0	76.0	652.0	1558.0	12483.0	1211.0	7850.0	1689.0	936.0	14425.0	10389.0	4472.0	4015.0	2143.0	10550.0	3842.0	1568.0	37.0	546.0	1068.0	158.0	487.0	608.0	10.0	9441.0	8013.0	14204.0	8632.0	16541.0	8125.0	13392.0	10189.0	8769.0	7370.0	8947.0	6128.0	7381.0	1923.0	423.0	3528.0	6457.0	3072.0	7934.0	5493.0	12422.0	10205.0	2335.0	9736.0	9930.0	3895.0	12159.0	7427.0	7761.0	4846.0	20864.0	10228.0	7303.0	5714.0	224.0	5905.0	3313.0	9645.0	7777.0	711.0	5037.0	8393.0	494.0	26624.0	6596.0	12021.0	10325.0	849.0	819.0	11259.0	2206.0	10454.0	2168.0	8.0	6893.0	879.0	15.0	12270.0	7398.0	70.0	2991.0	3675.0	9819.0	8776.0	310.0	30.0	6034.0	7596.0	1452.0	11792.0	5417.0
d__Bacteria;p__Firmicutes;c__Clostridia;o__Peptococcales	14.0	0.0	0.0	0.0	0.0	0.0	0.0	11.0	0.0	0.0	0.0	3.0	0.0	0.0	0.0	0.0	0.0	0.0	0.0	0.0	0.0	0.0	0.0	0.0	0.0	0.0	0.0	0.0	0.0	0.0	0.0	0.0	0.0	0.0	0.0	0.0	0.0	0.0	0.0	0.0	0.0	0.0	0.0	0.0	0.0	0.0	0.0	0.0	0.0	0.0	0.0	0.0	0.0	0.0	0.0	0.0	0.0	0.0	0.0	0.0	0.0	0.0	7.0	0.0	0.0	0.0	18.0	0.0	5.0	0.0	0.0	0.0	0.0	0.0	0.0	0.0	38.0	0.0	0.0	0.0	0.0	0.0	0.0	0.0	0.0	0.0	0.0	0.0	0.0	0.0	0.0	0.0	0.0	0.0	0.0	0.0	0.0	0.0	0.0	0.0	3.0	0.0	20.0	0.0	0.0	0.0	0.0	0.0	0.0	0.0	0.0	0.0	5.0	0.0	0.0	5.0	0.0	0.0	0.0	0.0	0.0	0.0	0.0	0.0	4.0	0.0	0.0	0.0	0.0	0.0	0.0	4.0	0.0	0.0	0.0	0.0	0.0	0.0	0.0	0.0	0.0	0.0	0.0	0.0	0.0	0.0	0.0	0.0	0.0	0.0	0.0	0.0	0.0	0.0	256.0	0.0	0.0	0.0	0.0	0.0	0.0	0.0	0.0	0.0	0.0	0.0	0.0	8.0	0.0	0.0	0.0
d__Bacteria;p__Firmicutes;c__Clostridia;o__Peptostreptococcales-Tissierellales	117.0	14.0	6.0	29.0	0.0	304.0	84.0	1096.0	689.0	48.0	20.0	548.0	104.0	171.0	23.0	78.0	170.0	41.0	0.0	28.0	422.0	62.0	484.0	130.0	507.0	297.0	12.0	1534.0	34.0	968.0	160.0	80.0	627.0	74.0	0.0	0.0	3.0	49.0	96.0	170.0	205.0	14.0	411.0	15.0	37.0	123.0	63.0	8.0	93.0	121.0	54.0	4.0	49.0	164.0	63.0	4.0	17.0	117.0	480.0	0.0	1234.0	119.0	34.0	16.0	6.0	499.0	1160.0	6.0	763.0	20.0	73.0	41.0	149.0	78.0	4.0	105.0	256.0	5.0	42.0	132.0	123.0	17.0	246.0	23.0	9.0	87.0	506.0	287.0	57.0	23.0	40.0	1068.0	311.0	204.0	1794.0	50.0	2645.0	71.0	5.0	0.0	100.0	208.0	64.0	40.0	59.0	101.0	85.0	990.0	197.0	101.0	96.0	163.0	7.0	12.0	361.0	258.0	20.0	31.0	682.0	25.0	41.0	21.0	0.0	92.0	117.0	10.0	313.0	59.0	790.0	60.0	29.0	33.0	48.0	232.0	160.0	8.0	14.0	101.0	10.0	14.0	107.0	0.0	280.0	80.0	27.0	297.0	1142.0	5.0	10.0	111.0	168.0	84.0	6.0	3807.0	781.0	1079.0	2561.0	79.0	5.0	1451.0	205.0	180.0	194.0	283.0	209.0	0.0	58.0	33.0	601.0	80.0	100.0
d__Bacteria;p__Firmicutes;c__Incertae_Sedis;o__DTU014	0.0	0.0	0.0	0.0	0.0	0.0	0.0	11.0	0.0	0.0	0.0	0.0	0.0	0.0	0.0	0.0	0.0	0.0	0.0	0.0	0.0	0.0	0.0	0.0	0.0	0.0	0.0	0.0	0.0	0.0	0.0	0.0	0.0	0.0	0.0	0.0	0.0	0.0	0.0	0.0	0.0	0.0	0.0	0.0	0.0	0.0	0.0	0.0	0.0	0.0	0.0	0.0	0.0	0.0	0.0	0.0	0.0	0.0	0.0	0.0	0.0	0.0	0.0	0.0	0.0	0.0	0.0	0.0	0.0	0.0	0.0	15.0	0.0	0.0	0.0	0.0	0.0	0.0	0.0	0.0	0.0	0.0	0.0	0.0	0.0	0.0	0.0	0.0	0.0	0.0	0.0	0.0	0.0	0.0	0.0	0.0	0.0	0.0	0.0	0.0	0.0	0.0	0.0	0.0	0.0	0.0	0.0	0.0	0.0	0.0	0.0	0.0	0.0	0.0	0.0	0.0	0.0	0.0	0.0	0.0	0.0	0.0	0.0	0.0	0.0	0.0	0.0	0.0	0.0	0.0	0.0	0.0	0.0	0.0	0.0	0.0	5.0	0.0	0.0	0.0	0.0	0.0	0.0	0.0	0.0	0.0	0.0	0.0	0.0	0.0	0.0	0.0	0.0	0.0	0.0	0.0	0.0	0.0	0.0	0.0	0.0	0.0	0.0	0.0	0.0	0.0	0.0	0.0	0.0	0.0	0.0
d__Bacteria;p__Firmicutes;c__Negativicutes;o__Acidaminococcales	73.0	0.0	17.0	197.0	6.0	0.0	27.0	38.0	0.0	0.0	0.0	5.0	415.0	6.0	11.0	0.0	32.0	3049.0	0.0	366.0	145.0	114.0	0.0	107.0	8.0	0.0	120.0	0.0	19.0	0.0	0.0	0.0	0.0	0.0	221.0	0.0	5.0	0.0	0.0	13.0	0.0	8.0	155.0	7.0	0.0	0.0	157.0	0.0	404.0	5.0	1168.0	0.0	0.0	0.0	0.0	0.0	6.0	0.0	4.0	0.0	22.0	0.0	16.0	0.0	0.0	10.0	15.0	72.0	38.0	27.0	189.0	261.0	0.0	0.0	0.0	32.0	21.0	0.0	435.0	389.0	15.0	108.0	104.0	0.0	222.0	15.0	9.0	450.0	0.0	2051.0	82.0	161.0	650.0	3.0	0.0	0.0	0.0	0.0	148.0	0.0	0.0	0.0	36.0	0.0	0.0	55.0	6.0	164.0	13.0	0.0	83.0	132.0	78.0	14.0	0.0	6.0	17.0	0.0	0.0	0.0	68.0	47.0	0.0	39.0	56.0	0.0	8.0	0.0	351.0	2.0	0.0	8.0	0.0	13.0	0.0	10.0	21.0	25.0	432.0	0.0	210.0	74.0	0.0	1069.0	0.0	0.0	0.0	0.0	70.0	85.0	0.0	13.0	0.0	0.0	16.0	75.0	0.0	20.0	3.0	0.0	0.0	256.0	0.0	20.0	31.0	0.0	23.0	35.0	14.0	0.0	9.0
d__Bacteria;p__Firmicutes;c__Negativicutes;o__Veillonellales-Selenomonadales	83.0	104.0	8.0	0.0	55.0	1659.0	94.0	0.0	377.0	231.0	2858.0	0.0	0.0	0.0	138.0	29.0	30.0	1703.0	0.0	13.0	10173.0	5.0	180.0	1947.0	213.0	32.0	13.0	0.0	0.0	279.0	270.0	8.0	245.0	335.0	53.0	461.0	40.0	102.0	0.0	76.0	29.0	10.0	33.0	476.0	0.0	0.0	0.0	11.0	57.0	534.0	0.0	192.0	591.0	29.0	39.0	388.0	17.0	634.0	579.0	331.0	1947.0	3.0	130.0	477.0	89.0	75.0	0.0	0.0	0.0	193.0	0.0	13.0	1303.0	34.0	616.0	13.0	0.0	0.0	18.0	308.0	2139.0	2428.0	88.0	139.0	0.0	0.0	0.0	3.0	6.0	253.0	0.0	45.0	14.0	287.0	113.0	137.0	7.0	290.0	195.0	53.0	13.0	9.0	44.0	390.0	25.0	0.0	63.0	515.0	2057.0	5.0	1160.0	184.0	0.0	0.0	289.0	3817.0	26.0	9.0	60.0	0.0	2.0	590.0	2670.0	325.0	935.0	124.0	709.0	519.0	520.0	3834.0	0.0	904.0	43.0	0.0	54.0	1645.0	182.0	146.0	124.0	23.0	79.0	352.0	1236.0	109.0	1763.0	400.0	27.0	1092.0	20.0	1585.0	11603.0	27.0	946.0	0.0	1111.0	120.0	15.0	13.0	11.0	0.0	6.0	331.0	0.0	27.0	5.0	50.0	0.0	87.0	28.0	41.0	14.0
d__Bacteria;p__Fusobacteriota;c__Fusobacteriia;o__Fusobacteriales	0.0	0.0	0.0	0.0	7.0	0.0	0.0	0.0	200.0	0.0	0.0	0.0	0.0	0.0	0.0	0.0	0.0	0.0	0.0	0.0	3.0	0.0	0.0	0.0	0.0	0.0	0.0	0.0	0.0	0.0	0.0	0.0	0.0	5.0	0.0	0.0	0.0	0.0	0.0	0.0	0.0	0.0	0.0	0.0	0.0	0.0	0.0	0.0	0.0	0.0	0.0	0.0	13.0	0.0	0.0	0.0	0.0	0.0	0.0	0.0	0.0	0.0	0.0	4.0	5316.0	0.0	0.0	0.0	0.0	0.0	0.0	0.0	0.0	0.0	0.0	0.0	0.0	0.0	0.0	128.0	0.0	0.0	0.0	0.0	4.0	0.0	0.0	0.0	0.0	0.0	0.0	0.0	0.0	13.0	0.0	0.0	0.0	0.0	0.0	0.0	0.0	0.0	0.0	0.0	0.0	0.0	0.0	5.0	0.0	0.0	3.0	0.0	0.0	0.0	3.0	0.0	0.0	0.0	0.0	0.0	0.0	0.0	0.0	0.0	0.0	0.0	0.0	0.0	29.0	0.0	0.0	63.0	0.0	0.0	0.0	0.0	0.0	0.0	16.0	0.0	0.0	0.0	0.0	0.0	0.0	0.0	0.0	33.0	0.0	0.0	0.0	0.0	240.0	0.0	0.0	1772.0	0.0	0.0	0.0	0.0	0.0	0.0	0.0	0.0	6.0	0.0	3.0	0.0	0.0	0.0	0.0
d__Bacteria;p__Patescibacteria;c__Saccharimonadia;o__Saccharimonadales	8.0	4.0	0.0	0.0	11.0	9.0	2.0	8.0	0.0	0.0	0.0	8.0	3.0	98.0	0.0	0.0	0.0	0.0	0.0	0.0	0.0	14.0	7.0	198.0	168.0	35.0	0.0	103.0	7.0	77.0	48.0	29.0	465.0	7.0	2.0	0.0	0.0	0.0	5.0	0.0	0.0	0.0	0.0	0.0	0.0	0.0	6.0	0.0	4.0	10.0	0.0	0.0	14.0	0.0	0.0	0.0	3.0	0.0	19.0	0.0	57.0	0.0	0.0	0.0	7.0	65.0	0.0	0.0	0.0	3.0	0.0	0.0	0.0	0.0	0.0	0.0	0.0	0.0	0.0	6.0	0.0	0.0	0.0	25.0	0.0	4.0	0.0	39.0	0.0	0.0	0.0	0.0	162.0	0.0	7.0	0.0	0.0	35.0	0.0	3.0	0.0	0.0	9.0	0.0	0.0	0.0	0.0	0.0	2.0	4.0	11.0	13.0	0.0	0.0	10.0	3.0	6.0	0.0	8.0	0.0	0.0	0.0	0.0	7.0	0.0	0.0	12.0	0.0	36.0	0.0	0.0	0.0	0.0	0.0	0.0	0.0	0.0	0.0	0.0	24.0	0.0	2.0	11.0	0.0	9.0	3.0	29.0	0.0	0.0	0.0	12.0	0.0	0.0	117.0	77.0	150.0	12.0	0.0	0.0	21.0	0.0	0.0	8.0	0.0	139.0	6.0	0.0	0.0	149.0	0.0	10.0
d__Bacteria;p__Proteobacteria;c__Alphaproteobacteria;o__Caulobacterales	0.0	0.0	0.0	0.0	11.0	2.0	0.0	8.0	0.0	0.0	0.0	0.0	2.0	4.0	0.0	0.0	5.0	5.0	2.0	0.0	0.0	0.0	0.0	0.0	3.0	0.0	0.0	0.0	0.0	0.0	4.0	0.0	0.0	0.0	0.0	0.0	0.0	0.0	0.0	0.0	0.0	0.0	0.0	0.0	0.0	0.0	0.0	0.0	0.0	2.0	4.0	0.0	0.0	0.0	0.0	0.0	0.0	0.0	0.0	0.0	0.0	77.0	0.0	0.0	0.0	0.0	0.0	0.0	0.0	0.0	0.0	0.0	0.0	0.0	0.0	0.0	0.0	0.0	0.0	0.0	2.0	0.0	3.0	0.0	0.0	0.0	0.0	0.0	0.0	0.0	0.0	0.0	5.0	0.0	0.0	0.0	0.0	0.0	0.0	0.0	0.0	0.0	0.0	0.0	0.0	0.0	0.0	0.0	0.0	0.0	0.0	0.0	0.0	0.0	0.0	0.0	0.0	0.0	0.0	0.0	0.0	0.0	0.0	0.0	0.0	0.0	0.0	0.0	0.0	0.0	0.0	0.0	0.0	0.0	0.0	0.0	0.0	0.0	0.0	0.0	0.0	0.0	7.0	0.0	0.0	0.0	0.0	0.0	0.0	0.0	0.0	0.0	0.0	0.0	9.0	0.0	0.0	0.0	0.0	0.0	0.0	0.0	0.0	0.0	0.0	0.0	0.0	0.0	0.0	0.0	0.0
d__Bacteria;p__Proteobacteria;c__Alphaproteobacteria;o__Rhizobiales	0.0	0.0	0.0	0.0	58.0	18.0	0.0	44.0	0.0	0.0	0.0	0.0	3.0	15.0	0.0	5.0	24.0	22.0	27.0	13.0	0.0	0.0	0.0	0.0	24.0	3.0	0.0	27.0	0.0	27.0	18.0	0.0	15.0	3.0	0.0	0.0	0.0	6.0	0.0	5.0	0.0	0.0	0.0	0.0	0.0	2.0	0.0	0.0	7.0	4.0	10.0	0.0	0.0	0.0	2.0	0.0	0.0	0.0	0.0	0.0	9.0	338.0	0.0	0.0	0.0	3.0	4.0	0.0	7.0	0.0	0.0	0.0	0.0	0.0	2.0	2.0	0.0	0.0	0.0	0.0	0.0	0.0	13.0	0.0	4.0	0.0	6.0	10.0	2.0	2.0	12.0	0.0	19.0	0.0	2.0	0.0	4.0	0.0	7.0	0.0	0.0	0.0	0.0	0.0	0.0	0.0	0.0	2.0	0.0	0.0	0.0	0.0	0.0	0.0	0.0	0.0	0.0	0.0	0.0	0.0	0.0	0.0	0.0	0.0	0.0	0.0	0.0	0.0	0.0	0.0	0.0	3.0	0.0	0.0	0.0	0.0	0.0	0.0	0.0	0.0	0.0	0.0	5.0	0.0	0.0	0.0	0.0	0.0	0.0	0.0	26.0	0.0	0.0	0.0	35.0	5.0	0.0	0.0	0.0	0.0	0.0	3.0	0.0	0.0	0.0	0.0	0.0	3.0	4.0	0.0	4.0
d__Bacteria;p__Proteobacteria;c__Alphaproteobacteria;o__Rhodospirillales	0.0	0.0	0.0	0.0	0.0	0.0	0.0	0.0	0.0	0.0	0.0	0.0	0.0	0.0	0.0	0.0	0.0	0.0	0.0	0.0	0.0	0.0	0.0	0.0	64.0	0.0	0.0	0.0	0.0	0.0	0.0	0.0	0.0	0.0	0.0	0.0	0.0	0.0	0.0	0.0	0.0	0.0	0.0	0.0	0.0	0.0	0.0	0.0	0.0	0.0	0.0	0.0	0.0	0.0	0.0	0.0	0.0	0.0	0.0	0.0	0.0	0.0	0.0	0.0	0.0	0.0	0.0	0.0	0.0	0.0	0.0	0.0	0.0	0.0	0.0	0.0	2.0	0.0	0.0	0.0	0.0	0.0	0.0	0.0	0.0	0.0	0.0	0.0	0.0	0.0	0.0	0.0	0.0	0.0	0.0	0.0	0.0	0.0	0.0	0.0	0.0	0.0	0.0	0.0	0.0	0.0	0.0	0.0	0.0	0.0	0.0	0.0	0.0	0.0	0.0	0.0	0.0	0.0	0.0	0.0	0.0	0.0	0.0	0.0	0.0	0.0	0.0	0.0	0.0	0.0	0.0	0.0	0.0	0.0	0.0	0.0	0.0	0.0	0.0	0.0	0.0	0.0	0.0	0.0	0.0	0.0	0.0	0.0	0.0	0.0	0.0	0.0	0.0	0.0	0.0	0.0	0.0	0.0	0.0	0.0	0.0	0.0	0.0	0.0	0.0	0.0	0.0	0.0	0.0	0.0	0.0
d__Bacteria;p__Proteobacteria;c__Alphaproteobacteria;o__Sphingomonadales	0.0	0.0	0.0	0.0	19.0	0.0	0.0	0.0	0.0	0.0	0.0	0.0	0.0	0.0	0.0	0.0	0.0	12.0	0.0	0.0	0.0	0.0	0.0	0.0	0.0	0.0	0.0	0.0	0.0	0.0	0.0	0.0	0.0	0.0	0.0	0.0	0.0	0.0	0.0	0.0	0.0	0.0	0.0	0.0	0.0	0.0	0.0	0.0	0.0	0.0	0.0	0.0	0.0	0.0	0.0	0.0	0.0	0.0	0.0	0.0	0.0	0.0	0.0	0.0	0.0	0.0	0.0	0.0	0.0	0.0	0.0	0.0	0.0	0.0	0.0	0.0	0.0	0.0	0.0	0.0	0.0	0.0	0.0	0.0	0.0	0.0	0.0	0.0	0.0	0.0	0.0	0.0	0.0	0.0	0.0	0.0	0.0	0.0	0.0	0.0	0.0	0.0	0.0	0.0	0.0	0.0	0.0	0.0	0.0	0.0	0.0	0.0	0.0	0.0	0.0	0.0	0.0	0.0	0.0	0.0	0.0	0.0	0.0	0.0	0.0	0.0	0.0	0.0	0.0	0.0	0.0	0.0	0.0	0.0	0.0	0.0	0.0	0.0	0.0	0.0	0.0	0.0	0.0	0.0	0.0	0.0	0.0	0.0	0.0	0.0	0.0	0.0	0.0	0.0	0.0	0.0	0.0	0.0	0.0	0.0	0.0	0.0	0.0	0.0	0.0	0.0	0.0	0.0	0.0	0.0	0.0
d__Bacteria;p__Proteobacteria;c__Gammaproteobacteria;__	0.0	0.0	0.0	0.0	0.0	0.0	0.0	61.0	0.0	0.0	0.0	0.0	0.0	4.0	0.0	0.0	18.0	0.0	2.0	0.0	2.0	0.0	0.0	0.0	8.0	0.0	0.0	2.0	0.0	24.0	12.0	0.0	8.0	5.0	0.0	0.0	0.0	0.0	0.0	0.0	0.0	0.0	0.0	0.0	0.0	0.0	0.0	0.0	0.0	0.0	0.0	0.0	0.0	0.0	0.0	0.0	0.0	0.0	0.0	0.0	3.0	0.0	0.0	0.0	0.0	0.0	0.0	0.0	0.0	0.0	0.0	0.0	0.0	0.0	0.0	0.0	0.0	0.0	0.0	0.0	8.0	0.0	0.0	0.0	2.0	0.0	0.0	0.0	0.0	0.0	0.0	0.0	0.0	0.0	0.0	0.0	3.0	0.0	0.0	0.0	0.0	0.0	0.0	0.0	0.0	0.0	0.0	0.0	0.0	0.0	0.0	0.0	0.0	0.0	0.0	0.0	0.0	0.0	0.0	0.0	0.0	0.0	0.0	0.0	0.0	0.0	0.0	0.0	0.0	0.0	0.0	0.0	0.0	0.0	0.0	0.0	0.0	0.0	0.0	0.0	0.0	0.0	0.0	0.0	0.0	0.0	0.0	0.0	0.0	0.0	0.0	0.0	0.0	0.0	0.0	0.0	0.0	0.0	0.0	0.0	0.0	0.0	0.0	0.0	0.0	0.0	0.0	0.0	0.0	0.0	0.0
d__Bacteria;p__Proteobacteria;c__Gammaproteobacteria;o__Burkholderiales	0.0	0.0	4.0	25.0	6.0	9.0	0.0	6.0	0.0	306.0	109.0	0.0	0.0	0.0	0.0	0.0	25.0	46.0	0.0	36.0	13.0	21.0	0.0	338.0	61.0	0.0	26.0	0.0	109.0	14.0	24.0	13.0	0.0	0.0	0.0	13.0	0.0	0.0	0.0	0.0	0.0	0.0	0.0	0.0	0.0	0.0	0.0	0.0	5.0	23.0	0.0	0.0	19.0	0.0	0.0	0.0	0.0	0.0	19.0	18.0	0.0	12.0	0.0	0.0	0.0	0.0	0.0	0.0	0.0	0.0	0.0	0.0	5.0	0.0	10.0	0.0	0.0	0.0	4.0	8.0	0.0	43.0	0.0	0.0	6.0	0.0	3.0	0.0	0.0	17.0	0.0	0.0	6.0	0.0	15.0	0.0	0.0	0.0	0.0	6.0	0.0	0.0	34.0	10.0	0.0	0.0	392.0	0.0	0.0	0.0	0.0	0.0	0.0	38.0	0.0	0.0	0.0	0.0	4.0	0.0	0.0	14.0	126.0	15.0	3.0	11.0	17.0	0.0	120.0	77.0	0.0	5.0	0.0	2.0	0.0	0.0	0.0	10.0	20.0	0.0	0.0	13.0	1740.0	0.0	1023.0	0.0	0.0	0.0	0.0	27.0	1270.0	17.0	122.0	0.0	0.0	0.0	0.0	0.0	7.0	0.0	0.0	0.0	4.0	14.0	3.0	0.0	0.0	0.0	32.0	0.0	0.0
d__Bacteria;p__Proteobacteria;c__Gammaproteobacteria;o__Enterobacterales	225.0	7788.0	10.0	3987.0	679.0	2449.0	158.0	603.0	7088.0	6255.0	285.0	3040.0	94.0	5432.0	9639.0	148.0	483.0	9081.0	24.0	133.0	4443.0	8329.0	1479.0	9931.0	2206.0	9964.0	0.0	6427.0	23186.0	21051.0	689.0	1950.0	10521.0	19013.0	1439.0	2876.0	105.0	0.0	830.0	309.0	10.0	175.0	221.0	7.0	6498.0	4230.0	37.0	9.0	615.0	12.0	2972.0	25927.0	64.0	93.0	195.0	774.0	1265.0	262.0	357.0	166.0	9808.0	28.0	6835.0	232.0	205.0	116.0	797.0	12180.0	1431.0	120.0	767.0	6179.0	9.0	12781.0	14.0	427.0	154.0	5580.0	504.0	785.0	1367.0	12.0	3388.0	12267.0	22620.0	1595.0	676.0	1417.0	7253.0	11679.0	2642.0	158.0	8709.0	4309.0	6101.0	13479.0	8260.0	5818.0	779.0	115.0	507.0	19924.0	296.0	5982.0	9.0	2413.0	5410.0	28.0	20.0	119.0	647.0	4149.0	234.0	24934.0	378.0	103.0	7685.0	26068.0	3770.0	3382.0	0.0	859.0	10956.0	1078.0	47.0	10889.0	43.0	0.0	171.0	134.0	838.0	6302.0	538.0	81.0	29669.0	583.0	2569.0	610.0	138.0	18055.0	242.0	141.0	22374.0	1372.0	179.0	1349.0	8698.0	3799.0	23931.0	74.0	331.0	693.0	2290.0	9128.0	206.0	76.0	13370.0	32.0	162.0	4535.0	20293.0	234.0	7.0	268.0	13733.0	41.0	117.0	16.0	37.0	2690.0	1272.0
d__Bacteria;p__Proteobacteria;c__Gammaproteobacteria;o__Oceanospirillales	0.0	0.0	0.0	0.0	61.0	21.0	0.0	54.0	0.0	0.0	0.0	0.0	4.0	23.0	8.0	0.0	42.0	42.0	46.0	12.0	2.0	0.0	5.0	0.0	18.0	4.0	0.0	24.0	3.0	25.0	23.0	5.0	23.0	2.0	0.0	2.0	0.0	7.0	2.0	21.0	0.0	2.0	0.0	3.0	0.0	0.0	5.0	0.0	8.0	7.0	16.0	0.0	4.0	2.0	0.0	7.0	0.0	0.0	5.0	0.0	17.0	718.0	0.0	0.0	6.0	10.0	15.0	0.0	0.0	3.0	0.0	0.0	0.0	2.0	2.0	0.0	0.0	0.0	0.0	4.0	14.0	0.0	24.0	0.0	9.0	4.0	3.0	6.0	2.0	0.0	19.0	0.0	28.0	0.0	7.0	2.0	10.0	5.0	4.0	0.0	4.0	0.0	5.0	0.0	0.0	0.0	0.0	3.0	3.0	0.0	0.0	0.0	0.0	0.0	0.0	5.0	0.0	0.0	2.0	0.0	0.0	0.0	0.0	0.0	0.0	0.0	0.0	0.0	0.0	8.0	0.0	0.0	0.0	0.0	0.0	2.0	0.0	0.0	0.0	0.0	0.0	0.0	15.0	0.0	0.0	0.0	0.0	0.0	0.0	0.0	35.0	0.0	0.0	5.0	61.0	5.0	3.0	6.0	0.0	0.0	5.0	4.0	0.0	0.0	0.0	0.0	0.0	7.0	11.0	8.0	8.0
d__Bacteria;p__Proteobacteria;c__Gammaproteobacteria;o__Pasteurellales	0.0	0.0	0.0	0.0	0.0	0.0	0.0	0.0	0.0	0.0	0.0	3.0	0.0	0.0	0.0	0.0	0.0	0.0	0.0	0.0	0.0	0.0	4.0	0.0	0.0	0.0	0.0	0.0	77.0	73.0	0.0	0.0	0.0	0.0	0.0	0.0	0.0	3.0	0.0	0.0	0.0	0.0	0.0	0.0	0.0	0.0	0.0	0.0	0.0	0.0	0.0	0.0	223.0	0.0	0.0	0.0	0.0	0.0	0.0	0.0	19.0	0.0	0.0	0.0	0.0	42.0	0.0	0.0	0.0	16.0	0.0	0.0	0.0	0.0	78.0	0.0	0.0	0.0	0.0	0.0	0.0	0.0	0.0	68.0	0.0	0.0	0.0	0.0	0.0	0.0	0.0	0.0	0.0	0.0	0.0	0.0	0.0	0.0	0.0	0.0	2.0	0.0	0.0	36.0	7.0	0.0	0.0	35.0	216.0	0.0	4.0	0.0	0.0	0.0	543.0	22.0	0.0	0.0	4.0	0.0	0.0	0.0	0.0	0.0	0.0	13.0	25.0	7.0	111.0	0.0	0.0	0.0	0.0	0.0	0.0	0.0	0.0	0.0	0.0	12.0	0.0	0.0	0.0	0.0	0.0	0.0	4.0	0.0	0.0	0.0	0.0	0.0	0.0	0.0	82.0	198.0	0.0	0.0	0.0	7.0	0.0	49.0	6.0	0.0	0.0	12.0	0.0	0.0	170.0	0.0	0.0
d__Bacteria;p__Proteobacteria;c__Gammaproteobacteria;o__Vibrionales	0.0	0.0	0.0	0.0	0.0	0.0	0.0	41.0	0.0	0.0	0.0	0.0	0.0	0.0	0.0	0.0	10.0	0.0	0.0	0.0	6.0	0.0	0.0	0.0	0.0	0.0	0.0	0.0	0.0	19.0	5.0	0.0	7.0	0.0	0.0	0.0	0.0	0.0	0.0	0.0	0.0	0.0	0.0	0.0	0.0	0.0	0.0	0.0	0.0	0.0	0.0	0.0	0.0	0.0	0.0	0.0	0.0	0.0	0.0	0.0	0.0	7.0	0.0	0.0	0.0	0.0	0.0	0.0	0.0	0.0	0.0	0.0	0.0	0.0	0.0	0.0	0.0	0.0	0.0	0.0	0.0	0.0	0.0	0.0	0.0	0.0	0.0	0.0	0.0	0.0	0.0	0.0	0.0	0.0	0.0	0.0	0.0	0.0	0.0	0.0	0.0	0.0	0.0	0.0	0.0	0.0	0.0	0.0	0.0	0.0	0.0	0.0	0.0	0.0	0.0	0.0	0.0	0.0	0.0	0.0	0.0	0.0	0.0	0.0	0.0	0.0	0.0	0.0	0.0	0.0	0.0	0.0	0.0	0.0	0.0	0.0	0.0	0.0	0.0	0.0	0.0	0.0	0.0	0.0	0.0	0.0	0.0	0.0	0.0	0.0	0.0	0.0	0.0	0.0	0.0	0.0	0.0	0.0	0.0	0.0	0.0	0.0	0.0	0.0	0.0	0.0	0.0	0.0	0.0	0.0	0.0
d__Bacteria;p__Proteobacteria;c__Gammaproteobacteria;o__Xanthomonadales	0.0	0.0	0.0	0.0	32.0	12.0	0.0	18.0	0.0	0.0	0.0	0.0	2.0	3.0	6.0	0.0	25.0	16.0	13.0	7.0	2.0	0.0	0.0	0.0	18.0	2.0	2.0	10.0	0.0	7.0	16.0	0.0	10.0	0.0	0.0	0.0	0.0	0.0	0.0	6.0	0.0	0.0	0.0	0.0	0.0	0.0	0.0	0.0	0.0	0.0	10.0	0.0	0.0	0.0	0.0	0.0	0.0	0.0	3.0	0.0	8.0	363.0	0.0	0.0	0.0	0.0	5.0	2.0	0.0	0.0	0.0	0.0	0.0	0.0	0.0	0.0	0.0	0.0	0.0	4.0	6.0	0.0	6.0	0.0	0.0	0.0	0.0	5.0	0.0	3.0	5.0	0.0	9.0	0.0	3.0	0.0	2.0	0.0	4.0	0.0	0.0	0.0	3.0	0.0	0.0	0.0	0.0	0.0	0.0	0.0	0.0	0.0	0.0	0.0	0.0	0.0	0.0	0.0	0.0	0.0	0.0	0.0	0.0	3.0	0.0	0.0	0.0	0.0	0.0	5.0	2.0	0.0	0.0	0.0	0.0	0.0	0.0	0.0	0.0	0.0	0.0	0.0	9.0	0.0	0.0	0.0	0.0	0.0	0.0	0.0	15.0	0.0	0.0	5.0	22.0	0.0	0.0	0.0	0.0	0.0	0.0	0.0	0.0	0.0	0.0	0.0	0.0	2.0	7.0	0.0	0.0
d__Bacteria;p__Synergistota;c__Synergistia;o__Synergistales	28.0	0.0	0.0	0.0	0.0	0.0	173.0	0.0	0.0	0.0	0.0	0.0	0.0	0.0	0.0	0.0	0.0	17.0	0.0	0.0	0.0	43.0	0.0	0.0	19.0	0.0	0.0	0.0	0.0	0.0	0.0	0.0	0.0	4.0	9.0	0.0	0.0	0.0	0.0	0.0	0.0	0.0	0.0	0.0	0.0	0.0	3.0	0.0	0.0	0.0	0.0	0.0	0.0	0.0	0.0	0.0	9.0	0.0	9.0	0.0	0.0	0.0	6.0	0.0	47.0	0.0	8.0	0.0	0.0	0.0	0.0	0.0	115.0	0.0	0.0	0.0	0.0	0.0	39.0	0.0	0.0	0.0	0.0	35.0	88.0	7.0	0.0	0.0	0.0	0.0	0.0	72.0	9.0	0.0	0.0	0.0	0.0	0.0	3.0	0.0	0.0	0.0	0.0	0.0	0.0	0.0	0.0	0.0	0.0	0.0	0.0	0.0	3.0	0.0	0.0	0.0	3.0	0.0	0.0	0.0	0.0	0.0	0.0	0.0	0.0	0.0	0.0	0.0	0.0	0.0	0.0	0.0	0.0	0.0	0.0	8.0	30.0	0.0	0.0	0.0	0.0	0.0	4.0	0.0	0.0	0.0	0.0	0.0	0.0	0.0	0.0	0.0	0.0	0.0	0.0	0.0	0.0	0.0	0.0	0.0	0.0	0.0	0.0	0.0	0.0	0.0	0.0	5.0	0.0	0.0	0.0
d__Bacteria;p__Verrucomicrobiota;c__Lentisphaeria;o__Victivallales	0.0	0.0	0.0	0.0	0.0	0.0	0.0	0.0	0.0	0.0	0.0	0.0	0.0	0.0	0.0	0.0	0.0	0.0	0.0	0.0	0.0	0.0	0.0	0.0	4.0	0.0	0.0	0.0	0.0	0.0	0.0	0.0	0.0	0.0	0.0	0.0	0.0	0.0	0.0	0.0	0.0	0.0	0.0	0.0	0.0	0.0	0.0	0.0	0.0	0.0	0.0	0.0	0.0	0.0	0.0	0.0	0.0	0.0	0.0	0.0	0.0	0.0	0.0	0.0	0.0	0.0	0.0	0.0	0.0	0.0	0.0	74.0	0.0	0.0	0.0	0.0	0.0	0.0	0.0	0.0	0.0	0.0	0.0	0.0	0.0	0.0	0.0	0.0	0.0	0.0	0.0	0.0	0.0	0.0	0.0	0.0	0.0	0.0	0.0	0.0	0.0	0.0	0.0	0.0	0.0	0.0	0.0	0.0	0.0	0.0	0.0	0.0	0.0	0.0	0.0	0.0	0.0	0.0	0.0	0.0	0.0	0.0	0.0	0.0	0.0	0.0	0.0	0.0	0.0	0.0	0.0	0.0	0.0	0.0	0.0	0.0	0.0	0.0	0.0	0.0	0.0	0.0	0.0	0.0	0.0	0.0	0.0	0.0	0.0	0.0	0.0	0.0	0.0	0.0	0.0	0.0	0.0	0.0	0.0	0.0	0.0	0.0	0.0	0.0	0.0	0.0	0.0	0.0	0.0	0.0	0.0
d__Bacteria;p__Verrucomicrobiota;c__Verrucomicrobiae;o__Verrucomicrobiales	823.0	2311.0	9.0	0.0	3.0	3.0	0.0	31.0	0.0	42.0	13.0	4.0	675.0	757.0	9.0	5351.0	4.0	0.0	7.0	1200.0	10.0	0.0	0.0	22.0	3461.0	41.0	0.0	1493.0	6.0	3.0	15.0	158.0	0.0	36.0	0.0	0.0	8.0	3332.0	0.0	0.0	1333.0	238.0	2654.0	18.0	11.0	8193.0	794.0	0.0	9.0	120.0	13.0	0.0	0.0	11.0	554.0	0.0	4203.0	9.0	7.0	0.0	7.0	76.0	2309.0	20.0	8456.0	5.0	767.0	4.0	3948.0	0.0	0.0	1123.0	7546.0	8770.0	3.0	7.0	2520.0	15664.0	0.0	7.0	0.0	4.0	32.0	14124.0	993.0	691.0	0.0	10.0	371.0	7.0	7.0	239.0	3.0	22956.0	19339.0	282.0	488.0	0.0	24160.0	0.0	162.0	0.0	184.0	0.0	58.0	2.0	26.0	0.0	0.0	1820.0	8.0	0.0	0.0	154.0	0.0	0.0	3.0	8.0	0.0	3.0	0.0	50.0	0.0	0.0	238.0	7.0	98.0	71.0	0.0	4572.0	0.0	0.0	2.0	5.0	0.0	0.0	0.0	4.0	0.0	0.0	6.0	0.0	12.0	2.0	0.0	688.0	151.0	0.0	0.0	0.0	0.0	0.0	0.0	0.0	0.0	0.0	0.0	173.0	0.0	0.0	2.0	0.0	0.0	0.0	0.0	0.0	3.0	6.0	0.0	0.0	0.0